2658775533000,0.064924344,0.059068024,0.090819724
2658785512000,0.024607241,0.12320888,0.09906641
2658795491000,-0.03617385,0.16719118,0.12930423
2658805531000,-0.046253126,0.25851554,0.16198552
2658815511000,-0.010517509,0.32632157,0.18947446
2658825520000,0.040795173,0.3284596,0.22429377
2658835530000,0.08691549,0.29822177,0.25453162
2658845540000,0.1290652,0.2768415,0.27560645
2658855550000,0.14403139,0.22858313,0.28140968
2658865590000,0.14280966,0.19376382,0.27316302
2658879323000,0.0973002,0.12809579,0.25850224
2658890950000,0.011779073,0.106410086,0.28568572
2658899403000,-0.09084629,0.25210145,0.3226431
2658906911000,-0.15559801,0.44513488,0.33486038
2658919728000,-0.16415012,0.5046942,0.33088976
2658929707000,-0.13085796,0.50744313,0.295765
2658939656000,-0.04350423,0.4793433,0.24200886
2658949208000,0.060648296,0.3837429,0.1149489
2658959676000,0.200231,0.18124107,-0.024939239
2658969594000,0.33645394,-0.07868209,-0.050290152
2658979665000,0.37677106,-0.24025595,-0.0396
2658986958000,0.3914318,-0.27874047,0.008047484
2658999532000,0.36333203,-0.29767728,0.0859328
2659007710000,0.3257638,-0.23597988,0.13846721
2659019338000,0.27445114,-0.15106961,0.14763018
2659029500000,0.2096994,-0.096397184,0.13144226
2659039388000,0.17457466,-0.041419312,0.114032604
2659049642000,0.10615775,0.022416115,0.111283705
2659058461000,0.051790748,0.04532355,0.11189458
2659069051000,0.01605513,0.061511487,0.10609135
2659076528000,0.01605513,0.05082135,0.09020886
2659089314000,-0.018458758,0.043185532,0.074631795
2659096944000,-0.017847892,0.059373453,0.056000404
2659109670000,-0.014488133,0.059373453,0.018432193
2659118337000,-0.0025762606,0.038909465,-0.006307848
2659129903000,0.019109454,-0.025842242,-0.047235817
2659139455000,0.03712998,-0.08295815,-0.067394376
2659149007000,0.051179882,-0.12510785,-0.07655735
2659158986000,0.07989054,-0.15595654,-0.088774666
2659169026000,0.098216504,-0.18130745,-0.10129739
2659180287000,0.13028693,-0.19138673,-0.14039277
2659189076000,0.16785514,-0.20543662,-0.17643383
2659200276000,0.21672437,-0.20849095,-0.18315333
2659210195000,0.26742616,-0.19993883,-0.15352637
2659219014000,0.30377266,-0.19718996,-0.11137667
2659228993000,0.308965,-0.17764226,-0.089080095
2659239095000,0.2826978,-0.15412395,-0.092134416
2659250325000,0.2087831,-0.09853521,-0.12817547
2659260243000,0.101270825,-0.08448531,-0.18529138
2659270192000,-0.00837948,-0.14557183,-0.22683021
2659278706000,-0.09145716,-0.22773321,-0.22988454
2659289327000,-0.13941008,-0.28912514,-0.19078916
2659299153000,-0.15132195,-0.33463463,-0.16268936
2659309163000,-0.15559801,-0.35021168,-0.11137667
2659319173000,-0.13421772,-0.35265517,-0.08297144
2659329152000,-0.097871244,-0.31691954,-0.08510947
2659338796000,-0.057859566,-0.2735481,-0.10190827
2659346913000,-0.032508656,-0.24880806,-0.11748533
2659359212000,-0.030065197,-0.25491673,-0.12298311
2659367726000,-0.045336828,-0.25980365,-0.122677684
2659379201000,-0.070382304,-0.25216782,-0.11473644
2659389241000,-0.071604036,-0.24392113,-0.10526802
2659396474000,-0.05236178,-0.25613844,-0.089385524
2659409230000,-0.033119522,-0.27690786,-0.079000816
2659419270000,-0.03128693,-0.2631634,-0.08388774
2659429280000,-0.05297264,-0.22926037,-0.12359397
2659436513000,-0.093595184,-0.1171666,-0.1950652
2659446431000,-0.14032638,0.008060776,-0.2585952
2659456441000,-0.21118675,0.10610464,-0.28883302
2659466695000,-0.293959,0.15527931,-0.29249823
2659476491000,-0.34130105,0.15589017,-0.28364068
2659487233000,-0.34374452,0.11435133,-0.2784483
2659496236000,-0.31869903,0.08105917,-0.28272438
2659506215000,-0.26952437,0.00744991,-0.3102133
2659516225000,-0.19988574,-0.03928128,-0.33586964
2659526204000,-0.12749821,-0.030118302,-0.341062
2659536214000,-0.07252033,0.038298607,-0.32731754
2659546193000,-0.05969216,0.12870666,-0.3157111
2659556233000,-0.06916057,0.14978153,-0.2876113
2659566213000,-0.09603865,0.10182859,-0.25920606
2659576222000,-0.106728785,-0.0020185038,-0.24454531
2659586446000,-0.09115172,-0.032256328,-0.23385516
2659596547000,-0.042587932,0.0550974,-0.20636621
2659611165000,-0.012044672,0.19865072,-0.18590224
2659619985000,0.038962577,0.2685948,-0.13428412
2659630147000,0.073476456,0.3837429,-0.07197587
2659639119000,0.095162176,0.47476184,-0.0069187135
2659649678000,0.10860121,0.54592764,0.04622656
2659660634000,0.11379357,0.55845034,0.086543664
2659670613000,0.10188169,0.49583668,0.12838793
2659680623000,0.079279676,0.3947385,0.15465514
2659690633000,-0.009906644,0.3425095,0.21390906
2659700673000,-0.14032638,0.2536286,0.27285755
2659710622000,-0.29365355,0.20873001,0.32508653
2659719106000,-0.4646958,0.2337755,0.3629602
2659728871000,-0.627186,0.27867407,0.3825079
2659737080000,-0.69041055,0.28600445,0.3864785
2659747090000,-0.76188177,0.2780632,0.3837296
2659759633000,-0.7475264,0.25301775,0.37273404
2659770497000,-0.6403196,0.23438635,0.3544081
2659780507000,-0.4289602,0.24690908,0.33088976
2659789998000,-0.12994166,0.27225998,0.3406636
2659799611000,0.026745271,0.26065356,0.3660145
2659809621000,0.30163464,0.23041573,0.44512156
2659819661000,0.4968061,0.13420445,0.54408175
2659831105000,0.5896576,0.04257466,0.63235176
2659839650000,0.54689705,0.0062281787,0.66747653
2659849660000,0.40212196,0.022721544,0.6399876
2659858327000,0.32148775,0.042880088,0.5898966
2659871297000,0.18557023,0.023026973,0.5672946
2659881123000,0.105546884,-0.012708642,0.53797305
2659889760000,0.064618915,-0.1189992,0.5278938
2659901235000,0.024301812,-0.19321932,0.51048416
2659906972000,-0.021513082,-0.16511953,0.44328898
2659919789000,-0.04930745,-0.062188726,0.33638754
2659928639000,-0.050529182,0.030051932,0.28599116
2659939748000,-0.028843466,0.05265394,0.21940686
2659949727000,0.027356137,0.044712692,0.20627326
2659959676000,0.09302415,-0.0014076382,0.23437306
2659969747000,0.13059236,-0.026147678,0.2673598
2659979787000,0.13486841,-0.014846668,0.27316302
2659989705000,0.12692717,0.00897707,0.26919237
2659999715000,0.09546761,0.01752919,0.264
2660009969000,0.061870027,0.01752919,0.27530104
2660019734000,0.030410465,-0.004461959,0.3021791
2660029744000,0.0032269591,-0.03592152,0.33272237
2660038411000,-0.0074631823,-0.059439834,0.34982657
2660049764000,-0.0050197216,-0.07104628,0.35349178
2660059804000,0.014527966,-0.07257344,0.35104832
2660068410000,0.042016905,-0.0741006,0.34127447
2660078114000,0.064618915,-0.07348973,0.33333322
2660087697000,0.071949296,-0.06646478,0.32417023
2660099812000,0.06309175,-0.048138827,0.29423785
2660109822000,0.049041852,-0.013624944,0.24842295
2660119832000,0.042322338,0.010198802,0.2264318
2660129903000,0.034075655,0.004395582,0.19497225
2660139851000,0.045376662,-0.04172474,0.1775626
2660148732000,0.06950583,-0.112279676,0.16717789
2660157033000,0.08691549,-0.18130745,0.15832034
2660167104000,0.087831795,-0.22651148,0.13938351
2660178395000,0.08263944,-0.26133078,0.12380645
2660189137000,0.06370261,-0.27996218,0.0841002
2660199391000,0.048430987,-0.31539237,0.044393964
2660209920000,0.042627767,-0.33096945,0.019959353
2660219289000,0.033159357,-0.33371833,0.006214887
2660230214000,0.030105032,-0.35998553,-0.009056747
2660240987000,0.034075655,-0.41649055,-0.01883059
2660248494000,0.049347285,-0.44611752,-0.040210873
2660257222000,0.053317912,-0.48521292,-0.067699805
2660267232000,0.027356137,-0.48368573,-0.102519125
2660277242000,-0.0089903455,-0.44092518,-0.13489498
2660287251000,-0.028843466,-0.38533643,-0.1602459
2660297383000,-0.010517509,-0.3566258,-0.17185232
2660307149000,0.0065867184,-0.3379944,-0.1715469
2660319508000,0.025218107,-0.33768895,-0.15841329
2660331288000,0.0032269591,-0.37525716,-0.13733844
2660342824000,-0.0722149,-0.42565355,-0.12970263
2660349416000,-0.20813242,-0.4467284,-0.13764387
2660358876000,-0.37337148,-0.43939802,-0.15658069
2660369893000,-0.4430101,-0.40152436,-0.16940886
2660380391000,-0.51051074,-0.36945394,-0.19078916
2660390584000,-0.45186764,-0.287598,-0.1968978
2660400716000,-0.25791794,-0.1947465,-0.18956742
2660410817000,0.033770222,-0.11930463,-0.16665998
2660420735000,0.318128,-0.091815695,-0.12817547
2660430745000,0.5126886,-0.10708732,-0.08388774
2660440663000,0.567361,-0.14312837,-0.05792597
2660450276000,0.59790426,-0.1498479,-0.0041698217
2660460744000,0.53956664,-0.12144265,0.02026479
2660467824000,0.4164773,-0.059439834,0.013545267
2660480336000,0.27933806,0.0050064474,-0.00722415
2660490285000,0.15960845,0.03249538,-0.042348906
2660500356000,0.102492556,0.0037847161,-0.06495091
2660508901000,-0.0147935655,-0.025536813,-0.1266483
2660520375000,-0.12322215,-0.080209255,-0.20728251
2660530476000,-0.19866401,-0.100673236,-0.27478313
2660540852000,-0.23287246,-0.07196257,-0.3193763
2660548238000,-0.20660526,-0.011181481,-0.3438109
2660560872000,-0.17086963,0.026081294,-0.35053042
2660570790000,-0.07190947,0.022721544,-0.35083586
2660578298000,0.044460364,-0.03439436,-0.34228373
2660587514000,0.1403662,-0.11594487,-0.3325099
2660597463000,0.18801369,-0.15290222,-0.3117405
2660610310000,0.20053643,-0.12358069,-0.27233967
2660618825000,0.19320604,-0.052414883,-0.24637789
2660630452000,0.14616942,-0.0075162873,-0.19170547
2660640431000,0.07317103,0.071896195,-0.15016663
2660650472000,0.005364988,0.108548105,-0.13611671
2660659749000,-0.05236178,0.10060686,-0.13458955
2660670491000,-0.10856138,0.074950516,-0.1303135
2660680440000,-0.15193282,0.06426038,-0.12145595
2660690480000,-0.16842617,0.08105917,-0.114125565
2660700520000,-0.19591512,0.096941665,-0.09793764
2660708821000,-0.20996502,0.12076542,-0.09274529
2660718953000,-0.20660526,0.1262632,-0.11473644
2660727803000,-0.16934247,0.12931752,-0.15413725
2660737599000,-0.075880095,0.1458109,-0.189262
2660747640000,-0.010517509,0.18368453,-0.19720325
2660757710000,0.13242495,0.20445395,-0.18895656
2660767629000,0.25368172,0.24690908,-0.1471123
2660777669000,0.3135465,0.28600445,-0.08205514
2660787679000,0.3040781,0.294862,-0.025550112
2660797688000,0.26223382,0.26981655,-0.0023372248
2660807729000,0.24360242,0.20964631,-5.046278E-4
2660817708000,0.22161128,0.16749659,0.0046877265
2660827718000,0.19076258,0.083808064,0.024235412
2660840688000,0.11806962,0.02760847,0.05752757
2660851857000,0.01819316,0.028219327,0.08837626
2660859944000,-0.07985072,0.081975475,0.099371836
2660870625000,-0.12505475,0.1421457,0.09295775
2660880605000,-0.23409419,0.15802819,0.09295775
2660891835000,-0.39841694,0.14794892,0.11158914
2660901784000,-0.5850363,0.12809579,0.13694005
2660909810000,-0.7426395,0.1421457,0.14091067
2660920552000,-0.8028097,0.1711618,0.122890145
2660930226000,-0.7096528,0.15222499,0.10212073
2660942159000,-0.6143578,0.07953201,0.10212073
2660952107000,-0.3663465,0.035855144,0.12319558
2660959981000,-0.08504307,-0.04966599,0.17237023
2660970754000,0.16785514,-0.12510785,0.23223503
2660980733000,0.32484752,-0.17916942,0.28965634
2660992177000,0.3902101,-0.1507642,0.34646684
2661000356000,0.40120566,-0.05791267,0.3745666
2661012319000,0.39570788,-0.009654313,0.4295445
2661021871000,0.35691795,0.058457166,0.48268977
2661028645000,0.2927771,0.07159077,0.53094816
2661040791000,0.2096994,0.04501812,0.57554126
2661050832000,0.11776419,-0.020344459,0.61280406
2661061330000,0.024607241,-0.103422135,0.63021374
2661070790000,-0.027927168,-0.16909015,0.62929744
2661082509000,-0.14582416,-0.18894327,0.60791713
2661090718000,-0.25455818,-0.19077587,0.5721815
2661100758000,-0.33488697,-0.122664385,0.52575576
2661110738000,-0.3495477,-0.02309335,0.46375296
2661121114000,-0.25516903,0.06517668,0.4173272
2661130330000,-0.1742294,0.12076542,0.4069425
2661140737000,4.7806557E-4,0.12381974,0.3986958
2661150746000,0.13456298,0.098468825,0.39747408
2661161244000,0.20145273,0.06670384,0.39839038
2661170735000,0.20206359,0.029746488,0.39503062
2661179250000,0.17549096,-0.007821724,0.39808494
2661190785000,0.1589976,-0.025842242,0.40205556
2661200734000,0.122345686,-0.02309335,0.41518918
2661210744000,0.093635015,-0.005989127,0.43351513
2661220754000,0.067673236,0.0010358244,0.4472596
2661230763000,0.034991954,-0.012097776,0.4539791
2661240743000,0.011779073,-0.050276853,0.44939762
2661250478000,0.009335612,-0.104949296,0.44054008
2661260793000,0.013306235,-0.13457626,0.4096914
2661272450000,0.010557342,-0.19383019,0.37487206
2661282155000,-1.3279961E-4,-0.22528975,0.3379147
2661291280000,-0.0141827,-0.21246158,0.29057264
2661299397000,-0.029454332,-0.1874161,0.23712195
2661310780000,-0.0422825,-0.16817385,0.18397668
2661320516000,-0.04808572,-0.15595654,0.1570986
2661330739000,-0.05511067,-0.15045875,0.093568616
2661340749000,-0.05144548,-0.14221208,0.0126289725
2661350789000,-0.03495212,-0.15626198,-0.06250745
2661360829000,-0.012655538,-0.19749537,-0.08969095
2661370747000,-4.3823244E-4,-0.24208854,-0.055787936
2661380757000,-7.436648E-4,-0.2622471,-0.026771843
2661390737000,-0.019069623,-0.25613844,0.022708245
2661400777000,-0.048391152,-0.19871712,0.034314685
2661410756000,-0.07282577,-0.103727564,-0.003558956
2661420735000,-0.10550706,-0.01576297,-0.071365
2661432424000,-0.13238513,0.031579092,-0.13733844
2661442372000,-0.14032638,0.027303025,-0.1620785
2661451619000,-0.1696479,0.0059227496,-0.18529138
2661460652000,-0.25700164,-0.08082011,-0.19048372
2661468495000,-0.4271276,-0.19902253,-0.19903582
2661480672000,-0.6772769,-0.29706642,-0.2155292
2661490743000,-0.9579695,-0.3279151,-0.24118555
2661500752000,-1.1607767,-0.23933965,-0.2567626
2661510793000,-1.2072024,-0.04630623,-0.25309741
2661520741000,-1.1650528,0.062122345,-0.22347045
2661530782000,-0.9115437,0.240495,-0.16727084
2661541219000,-0.47874573,0.29822177,-0.08694206
2661551564000,0.0023106616,0.19498554,0.0156833
2661559834000,0.40395457,-0.040808447,0.103647895
2661570790000,0.53987205,-0.31264347,0.12930423
2661580769000,0.64738435,-0.41282538,0.14763018
2661590810000,0.5655284,-0.50812036,0.1253336
2661599751000,0.37738192,-0.4974302,0.0709666
2661610829000,0.1562487,-0.39358312,-0.021579482
2661621510000,-0.052056346,-0.22681691,-0.16085675
2661631581000,-0.13818835,-0.06646478,-0.24026924
2661641377000,-0.2698298,-0.009043448,-0.3887095
2661649068000,-0.35199118,0.054791972,-0.5023304
2661660848000,-0.37978554,0.07525596,-0.58204836
2661671529000,-0.35199118,0.056319132,-0.6214492
2661681569000,-0.28418514,0.028524756,-0.6049558
2661692494000,-0.19286078,0.02913563,-0.5508942
2661700856000,-0.14002094,0.05082135,-0.5185184
2661713094000,-0.033119522,0.06395495,-0.44735253
2661722402000,0.05912113,0.09144388,-0.37007812
2661731648000,0.124483705,0.110075265,-0.297996
2661742909000,0.16357908,0.12198715,-0.22957909
2661749532000,0.18831913,0.14000767,-0.1602459
2661761647000,0.19748211,0.15894449,-0.124204844
2661771565000,0.20908855,0.16413686,-0.049984723
2661780965000,0.20420162,0.15497386,0.013850704
2661791554000,0.15960845,0.1262632,0.05752757
2661800740000,0.08874809,0.0944982,0.074937224
2661812520000,0.024912674,0.07892114,0.06974487
2661820760000,-0.0019653954,0.10182859,0.05752757
2661830983000,-0.044115096,0.1253469,0.02179195
2661841542000,-0.06183019,0.16474771,-0.006307848
2661851003000,-0.052667208,0.16810748,-0.020663187
2661862721000,-0.03525755,0.15924993,-0.031047896
2661872670000,-0.0129609695,0.16902378,-0.03807284
2661882649000,0.0041432567,0.22613966,-0.044792354
2661891591000,0.056372236,0.26920566,-0.04937385
2661902760000,0.11745876,0.3519779,-0.05242817
2661912740000,0.15411067,0.40176344,-0.037156552
2661920216000,0.15685956,0.410621,-0.0017263591
2661930135000,0.1235674,0.38862982,0.029427767
2661942494000,0.071033,0.34464753,0.031260364
2661950734000,0.043238632,0.294862,0.025151707
2661962483000,-0.023651112,0.2777578,0.016294166
2661970784000,-0.12169499,0.27745235,0.025151707
2661981343000,-0.22645837,0.3049413,0.056000404
2661992909000,-0.28326884,0.3229618,0.09876097
2662000752000,-0.30984148,0.31685317,0.15496057
2662012837000,-0.33733043,0.2505743,0.18550384
2662022817000,-0.45186764,0.19101492,0.24200886
2662032613000,-0.65039885,0.07586682,0.29240525
2662040761000,-0.9087949,0.074950516,0.3192833
2662050466000,-1.1384802,0.22766683,0.304928
2662060811000,-1.1873493,0.4100101,0.25392073
2662072499000,-1.1109912,0.46834773,0.22093402
2662080769000,-0.77104473,0.42375457,0.16168009
2662092946000,-0.31503382,0.20781371,0.15343341
2662100758000,0.054234207,-0.07562776,0.20932758
2662111958000,0.2133646,-0.28820887,0.30278996
2662122884000,0.22008412,-0.32516623,0.41366202
2662130757000,0.19962013,-0.21062899,0.5147602
2662143147000,0.19351149,-0.039586715,0.5569099
2662149983000,0.18221048,0.021499813,0.62746483
2662161702000,0.14464226,0.011420533,0.67083627
2662171559000,0.06431348,-0.15045875,0.6757232
2662182973000,-0.046253126,-0.34043783,0.66228414
2662190846000,-0.18797387,-0.43603826,0.6372387
2662200734000,-0.27105153,-0.38716903,0.6201345
2662211690000,-0.4475916,-0.31172717,0.57554126
2662222981000,-0.58137107,-0.096397184,0.50590265
2662231496000,-0.59816986,0.07922658,0.41244027
2662241506000,-0.49859884,0.0859461,0.32294852
2662253133000,-0.34710425,-0.021871619,0.25300443
2662263081000,-0.26494288,-0.07074084,0.22612637
2662273091000,-0.10184187,-0.06371589,0.18855816
2662283132000,0.02185835,-0.049971424,0.16870505
2662289601000,0.0841666,-0.07562776,0.1580149
2662303060000,0.08111227,-0.11197425,0.16198552
2662311543000,0.029494166,-0.093342856,0.1784789
2662322987000,-0.06488451,0.0062281787,0.18580927
2662332478000,-0.12322215,0.1253469,0.17970061
2662340718000,-0.20538352,0.1516141,0.16381812
2662353291000,-0.20813242,0.10243946,0.17725715
2662362630000,-0.20385636,-0.025536813,0.19680485
2662373403000,-0.26433203,-0.14587727,0.19863744
2662382955000,-0.35382378,-0.212767,0.18672556
2662390920000,-0.39291915,-0.20726922,0.17328653
2662402974000,-0.44911876,-0.18375091,0.13113683
2662411549000,-0.4842435,-0.09670261,0.07707526
2662423299000,-0.48577067,0.003479287,0.03462012
2662433186000,-0.44972962,0.017834619,0.021181084
2662443257000,-0.4307928,-0.089066796,0.019043058
2662453206000,-0.44453728,-0.24758632,0.016905025
2662462026000,-0.49371192,-0.31081086,0.0028551295
2662469380000,-0.49004674,-0.3819767,-0.015165396
2662479299000,-0.39750063,-0.39297226,-0.015776262
2662493092000,-0.2979296,-0.34379762,-0.003558956
2662502492000,-0.29884592,-0.2680503,7.1709603E-4
2662510579000,-0.34160647,-0.23842335,-0.015470833
2662519399000,-0.4598089,-0.26010907,-0.025550112
2662533498000,-0.5352508,-0.2585819,-0.041432604
2662542531000,-0.50684553,-0.2023823,-0.040516302
2662552480000,-0.39933324,-0.12968934,-0.018525153
2662561421000,-0.28051996,-0.08845593,0.01171267
2662571614000,-0.2295127,-0.105254725,0.054167807
2662582478000,-0.24600606,-0.1846672,0.07890785
2662592488000,-0.37245518,-0.212767,0.13205312
2662602528000,-0.6070274,-0.16053803,0.16901048
2662611195000,-0.82419,-0.043251902,0.16015293
2662623250000,-0.8748918,-0.013930373,0.13602376
2662632558000,-0.70293325,-0.028591141,0.13419116
2662642476000,-0.54410833,-0.052414883,0.132664
2662650533000,-0.16048492,-0.07379517,0.11189458
2662662465000,0.18068331,-0.1171666,0.09051429
2662671224000,0.3914318,-0.11563943,0.10303703
2662683400000,0.4858105,-0.06402132,0.13694005
2662691304000,0.4885594,-0.083263576,0.15343341
2662701711000,0.45526725,-0.18588895,0.1335803
2662712972000,0.31507367,-0.2042149,0.10639679
2662720570000,0.105241455,-0.15137506,0.018737622
2662733388000,-0.11008855,0.03341168,-0.09518874
2662741261000,-0.28907207,0.19070947,-0.19262174
2662751882000,-0.3904757,0.22858313,-0.24210185
2662762959000,-0.4103288,0.20323223,-0.2567626
2662771779000,-0.39627892,0.18948776,-0.26012236
2662781789000,-0.339163,0.19132036,-0.26531473
2662792989000,-0.26647004,0.19223666,-0.26287127
2662802937000,-0.18705757,0.18582258,-0.25370827
2662811391000,-0.11039398,0.1684129,-0.23813123
2662820210000,-0.03189779,0.13267729,-0.21858352
2662832967000,0.015138832,0.08014287,-0.20880967
2662842946000,0.117153324,0.045934424,-0.17673925
2662853017000,0.21153201,-0.012097776,-0.12145595
2662862935000,0.28483585,-0.038059548,-0.0591477
2662871663000,0.3117139,-0.032561764,-0.005391553
2662883016000,0.30071834,0.011115104,0.035536416
2662890737000,0.29124993,0.061816916,0.06730141
2662902944000,0.27750546,0.07525596,0.07951872
2662912953000,0.26253927,0.07006359,0.08745997
2662921651000,0.21886238,0.045628995,0.06821771
2662931569000,0.14952919,0.026997596,0.039507043
2662941609000,0.07378189,0.035549715,0.025762573
2662952992000,0.024301812,0.083808064,0.02331911
2662962941000,0.013611668,0.14825433,0.019043058
2662973256000,-0.00135453,0.17177266,-0.011194773
2662983479000,0.0032269591,0.1684129,-0.06128572
2662993001000,0.037740845,0.093887344,-0.090912685
2663003041000,0.0859992,0.027303025,-0.067699805
2663013326000,0.14708573,0.04043664,-0.0044752583
2663021596000,0.18190505,0.099996,0.06913401
2663031056000,0.17732355,0.15314126,0.10273159
2663043172000,0.14433683,0.17543787,0.15434971
2663050710000,0.122956544,0.20445395,0.2010809
2663063222000,0.114098996,0.19803986,0.24933925
2663073354000,0.0682841,0.15375215,0.29209983
2663080464000,0.021552917,0.08777869,0.30981493
2663093282000,-0.109477684,0.06945273,0.32905716
2663103230000,-0.2453952,0.1140459,0.32325393
2663111562000,-0.33610868,0.24843624,0.3030954
2663123219000,-0.38558877,0.3965711,0.2807988
2663133290000,-0.4353743,0.4830085,0.2704141
2663141896000,-0.511427,0.4662097,0.2740793
2663151601000,-0.5557147,0.42131114,0.27316302
2663161092000,-0.62962943,0.4124536,0.25544792
2663170186000,-0.6222991,0.3864918,0.22490464
2663181600000,-0.48577067,0.29913807,0.19894287
2663193349000,-0.27777106,0.16352597,0.19283423
2663201558000,-0.08137788,0.03188452,0.21360365
2663213368000,-1.3279961E-4,-0.05882897,0.230097
2663221944000,0.11348813,-0.096397184,0.27071953
2663232930000,0.16083018,-0.16970101,0.33730385
2663243367000,0.1599139,-0.22070825,0.43015537
2663252980000,0.1385336,-0.23109296,0.52911556
2663263387000,0.112571836,-0.22590062,0.6112769
2663272206000,0.09607847,-0.22284628,0.6396822
2663282704000,0.045987528,-0.22284628,0.6638113
2663293385000,-0.043198798,-0.23659076,0.6549538
2663301839000,-0.17697829,-0.27660245,0.6405984
2663313100000,-0.34160647,-0.3062294,0.6259377
2663323354000,-0.4915739,-0.2643851,0.608528
2663333455000,-0.54655176,-0.14129578,0.5657674
2663343434000,-0.52303344,-0.053636614,0.52850467
2663353475000,-0.3923083,-0.053636614,0.43351513
2663361775000,-0.18858473,-0.053636614,0.34341252
2663374013000,0.028577868,-0.1761151,0.28782377
2663382955000,0.17610182,-0.21582133,0.27652276
2663393025000,0.24451873,-0.21032354,0.28202054
2663400746000,0.2591795,-0.19413562,0.2841586
2663414174000,0.265899,-0.19657908,0.28874007
2663421620000,0.25581974,-0.21123984,0.28660202
2663433400000,0.25337628,-0.19993883,0.2682761
2663442983000,0.26284468,-0.18405634,0.2450632
2663452931000,0.2497111,-0.21826479,0.22337748
2663461080000,0.2274145,-0.2680503,0.20932758
2663473195000,0.16602254,-0.27690786,0.1683996
2663480763000,0.111044675,-0.25338954,0.11922496
2663494344000,0.08050141,-0.22040284,0.08562737
2663502919000,0.059426565,-0.21490504,0.059971027
2663512044000,0.026134405,-0.2164322,0.028511465
2663521657000,0.0047541223,-0.21001811,-0.011194773
2663533345000,-0.032508656,-0.19291389,-0.033796787
2663540822000,-0.038006444,-0.17489336,-0.07197587
2663554341000,-0.0031871258,-0.12541328,-0.09793764
2663563222000,0.05912113,-0.1144177,-0.10923864
2663571767000,0.11348813,-0.17306077,-0.100991964
2663583211000,0.11348813,-0.24331027,-0.08663663
2663593007000,0.093635015,-0.2677449,-0.080527976
2663602956000,0.045682095,-0.25827646,-0.065867215
2663613393000,0.019109454,-0.21154529,-0.03746198
2663623280000,0.0084193135,-0.16817385,-0.009667613
2663634114000,-0.01662616,-0.16725755,0.009880081
2663642995000,-0.06183019,-0.18863782,0.045615695
2663653920000,-0.103674464,-0.18955413,0.11372717
2663665364000,-0.11711349,-0.1751988,0.1607638
2663674855000,-0.12536018,-0.15534568,0.27866077
2663684468000,-0.144297,-0.07684949,0.4069425
2663694600000,-0.24050827,0.001341261,0.52178514
2663701924000,-0.41338313,0.060289755,0.59997594
2663713399000,-0.5065401,0.17543787,0.6241051
2663723378000,-0.6607836,0.25515577,0.60974973
2663733296000,-0.7160669,0.3947385,0.5391948
2663742207000,-0.6366544,0.4286415,0.44878677
2663753316000,-0.4533948,0.3483127,0.36937428
2663761098000,-0.22065516,0.2236962,0.31409097
2663770558000,0.023690946,0.12565234,0.27469015
2663780538000,0.14158793,0.060289755,0.25758594
2663790700000,0.3453115,0.028524756,0.2319296
2663800527000,0.47725838,-0.038059548,0.20718956
2663810323000,0.5206298,-0.08112555,0.16198552
2663820363000,0.479091,-0.093342856,0.103953324
2663830373000,0.38410145,-0.105254725,0.04714286
2663841329000,0.3285127,-0.09761891,0.018126756
2663850667000,0.20206359,-0.07990382,-0.043876067
2663860616000,0.051485315,-0.030423738,-0.10710062
2663874165000,-0.09664951,0.0288302,-0.1788773
2663882863000,-0.1882793,0.09327647,-0.25462458
2663892812000,-0.19530424,0.120459974,-0.3117405
2663902821000,-0.17361853,0.09877427,-0.3288447
2663914143000,-0.10581249,0.083197206,-0.3483924
2663923360000,-0.021818515,0.074950516,-0.35847166
2663934163000,0.07408732,0.06700927,-0.35083586
2663944020000,0.16235736,0.008366212,-0.3221252
2663954030000,0.21916781,-0.062188726,-0.28180808
2663964009000,0.2396318,-0.075933196,-0.2500431
2663974263000,0.24482416,-0.030118302,-0.23568776
2663984181000,0.25704145,-0.0035456643,-0.1950652
2663993581000,0.26834247,0.02088894,-0.15016663
2664000813000,0.26131752,0.003479287,-0.12145595
2664013783000,0.23046882,-0.01148691,-0.11015494
2664022054000,0.17946158,0.0019521266,-0.111071244
2664034230000,0.15166721,0.02058351,-0.11320926
2664042317000,0.104019724,0.029746488,-0.114430994
2664054128000,0.063397184,0.048377886,-0.114430994
2664063191000,0.01605513,0.074950516,-0.11748533
2664074178000,-0.03861731,0.11435133,-0.124204844
2664084035000,-0.08137788,0.14947608,-0.13245152
2664093312000,-0.09420605,0.16596943,-0.13153523
2664104176000,-0.106728785,0.17268896,-0.1162636
2664112660000,-0.09573321,0.19865072,-0.08113885
2664124257000,-0.045947693,0.23896784,-0.019746885
2664134267000,0.036519118,0.2600427,0.07738069
2664144277000,0.116847895,0.25607207,0.20505153
2664154103000,0.15166721,0.28844792,0.3235594
2664164327000,0.15014005,0.3660278,0.36662537
2664174275000,0.11929135,0.39748734,0.42313042
2664181539000,0.050569016,0.3742745,0.45428455
2664194112000,-0.04808572,0.23621896,0.47535938
2664203999000,-0.13360685,0.105188355,0.5031538
2664213094000,-0.16170666,0.05570826,0.52025795
2664223012000,-0.1470459,0.10793725,0.5153711
2664232625000,-0.08382134,0.15558472,0.4698616
2664242360000,-0.05602697,0.24538192,0.39686322
2664253346000,-0.15407084,0.2853936,0.3565461
2664262807000,-0.3428282,0.27531433,0.35501894
2664273457000,-0.50959444,0.28997508,0.34829944
2664283589000,-0.57984394,0.34983987,0.304928
2664292226000,-0.5703755,0.38618636,0.27255213
2664304982000,-0.4598089,0.37396905,0.20535696
2664313558000,-0.2276801,0.27409258,0.1607638
2664323171000,0.056372236,0.10121773,0.16137466
2664333394000,0.29124993,-0.05546921,0.2056624
2664343190000,0.37005153,-0.11014165,0.27866077
2664352590000,0.43877387,-0.062188726,0.32233766
2664361531000,0.4195316,-0.020344459,0.40083385
2664374226000,0.37218955,0.027913898,0.45825517
2664383046000,0.32270947,-0.020344459,0.499794
2664392964000,0.26284468,-0.13182737,0.5248395
2664404195000,0.1702986,-0.25369498,0.5456089
2664413258000,0.10371429,-0.32852596,0.554161
2664423207000,-0.06549538,-0.33188576,0.5636294
2664433278000,-0.24356261,-0.27171552,0.55935335
2664443257000,-0.3727606,-0.17428249,0.53797305
2664454244000,-0.4176592,-0.09884064,0.4866604
2664463246000,-0.36481935,-0.068908244,0.41060767
2664472981000,-0.29884592,-0.052720316,0.3724286
2664483724000,-0.116502635,-0.042946473,0.31592357
2664495259000,0.06522978,-0.04050301,0.29118353
2664505147000,0.18740283,-0.070129976,0.2862966
2664515492000,0.24848935,-0.116861165,0.28965634
2664523702000,0.2713968,-0.1678684,0.3003465
2664531239000,0.2741457,-0.21459961,0.31042576
2664543324000,0.275062,-0.23995051,0.31378555
2664553395000,0.26040122,-0.24300484,0.32539198
2664563283000,0.22100042,-0.24483743,0.34402335
2664573781000,0.16357908,-0.25613844,0.35501894
2664583241000,0.095162176,-0.27110463,0.35685155
2664593831000,0.026439838,-0.2848491,0.35685155
2664603414000,-0.0028816932,-0.2903469,0.3544081
2664613027000,-0.04716942,-0.28698713,0.3403582
2664623769000,-0.0740475,-0.27232635,0.31531268
2664634480000,-0.073131196,-0.2509461,0.28232598
2664643422000,-0.056637835,-0.22345716,0.2487284
2664653401000,-0.033119522,-0.212767,0.22459921
2664663350000,-0.01876419,-0.21123984,0.2132982
2664673421000,0.018804021,-0.20757467,0.187031
2664684438000,0.06706238,-0.20726922,0.15465514
2664692738000,0.11073924,-0.2136833,0.11617063
2664703481000,0.13639557,-0.20574206,0.080435015
2664712178000,0.124483705,-0.18588895,0.057222135
2664723470000,0.10065997,-0.1416012,0.04133964
2664734487000,0.03835171,-0.109530784,0.02912233
2664743123000,-0.020596785,-0.046611663,-0.01302737
2664753529000,-0.07526923,-0.0047673956,-0.075946495
2664762929000,-0.13207969,-0.007821724,-0.14375253
2664772725000,-0.19011189,-0.03928128,-0.18620765
2664782552000,-0.24386804,-0.032561764,-0.2155292
2664791493000,-0.25791794,0.012642264,-0.23263341
2664801473000,-0.24783866,0.033106253,-0.26867446
2664812795000,-0.24508977,0.027913898,-0.2943308
2664823689000,-0.32419682,-0.06341046,-0.30227205
2664834279000,-0.47782943,-0.122664385,-0.3016612
2664843617000,-0.6394033,-0.049971424,-0.30227205
2664854329000,-0.6937703,0.07525596,-0.30227205
2664863881000,-0.7059876,0.12779036,-0.30196664
2664872975000,-0.57740045,0.18765515,-0.30899158
2664884664000,-0.3223642,0.17696503,-0.32548493
2664892964000,-0.01876419,0.11374046,-0.3306773
2664903829000,0.2124483,0.0047010183,-0.30929703
2664913258000,0.28239238,-0.11411227,-0.27020162
2664923177000,0.3453115,-0.15717827,-0.25065395
2664932454000,0.3471441,-0.14587727,-0.22011068
2664943471000,0.31873885,-0.1012841,-0.21430746
2664954274000,0.26253927,-0.068908244,-0.23202255
2664964223000,0.16632798,-0.063105024,-0.25065395
2664973103000,0.024607241,-0.07562776,-0.28822216
2664984731000,-0.0572487,-0.051498584,-0.32426322
2664993764000,-0.2154628,-0.022787921,-0.40978432
2665003896000,-0.3333598,0.036771446,-0.481561
2665013326000,-0.38558877,0.09174931,-0.538066
2665023396000,-0.36390305,0.13786964,-0.5667767
2665032155000,-0.27044067,0.1403131,-0.5493671
2665042958000,-0.2059944,0.093887344,-0.5273759
2665054067000,-0.07923985,0.06548211,-0.47117633
2665063832000,0.01147364,0.029441059,-0.4128387
2665073842000,0.056066804,0.03127365,-0.35938796
2665084828000,0.06034286,0.05357024,-0.30776983
2665094533000,0.040184308,0.06853643,-0.25737345
2665105245000,0.032243058,0.057235435,-0.2304954
2665113759000,0.034381088,0.037687734,-0.16665998
2665123464000,0.03926801,-0.019428164,-0.09427245
2665134908000,0.022774648,-0.045389935,-0.032880485
2665143880000,-0.012655538,0.0016466901,-1.9919872E-4
2665153951000,-0.047474854,0.081975475,0.01171267
2665162465000,-0.07496379,0.12412517,0.02026479
2665173909000,-0.08382134,0.1271795,0.024235412
2665184926000,-0.087486535,0.12656863,0.029733196
2665192861000,-0.068855144,0.13603705,0.03614728
2665203999000,-0.030676063,0.16535857,0.048059154
2665214009000,0.025218107,0.20750827,0.04622656
2665224324000,0.09546761,0.24599278,0.030954927
2665235188000,0.13486841,0.27287087,0.026984304
2665243977000,0.2142809,0.28233927,0.032787524
2665254018000,0.28300324,0.29241854,0.05447324
2665263997000,0.3358431,0.26523504,0.08959799
2665274007000,0.35050386,0.1879606,0.1299151
2665283467000,0.31660083,0.10610464,0.16595614
2665293965000,0.28666842,0.07250705,0.18092234
2665305470000,0.20725594,0.07586682,0.20749497
2665314839000,0.105546884,0.08747326,0.23528935
2665322743000,-0.009906644,0.08258633,0.25789136
2665333486000,-0.11192114,0.08869499,0.26094568
2665344075000,-0.17728372,0.11496219,0.25483704
2665353200000,-0.20263463,0.16291511,0.25636423
2665363179000,-0.2670809,0.20903546,0.2667489
2665374104000,-0.359627,0.21636581,0.3034008
2665385152000,-0.44911876,0.20934087,0.3385256
2665394124000,-0.49523908,0.21239519,0.3583787
2665404164000,-0.46500126,0.21911472,0.35868412
2665413381000,-0.34130105,0.21544951,0.34555054
2665424001000,-0.24173,0.21880928,0.34127447
2665435170000,0.008724746,0.21911472,0.34891027
2665444173000,0.2481839,0.18551713,0.3751775
2665454213000,0.39937305,0.10060686,0.4069425
2665464894000,0.4445771,0.010198802,0.44848132
2665474996000,0.40548173,-0.0450845,0.50681895
2665482228000,0.36944067,-0.06921367,0.5388894
2665492360000,0.28300324,-0.07684949,0.59569985
2665503377000,0.17579639,-0.09884064,0.63235176
2665513661000,0.042627767,-0.15442938,0.64853966
2665524648000,-0.1311634,-0.22559518,0.6399876
2665533925000,-0.3315272,-0.27599156,0.61066604
2665543385000,-0.43140367,-0.28973603,0.5660729
2665554341000,-0.61313605,-0.27690786,0.5391948
2665564320000,-0.71789944,-0.18436179,0.48268977
2665574330000,-0.66872483,-0.02889657,0.41671634
2665584523000,-0.47355336,0.07831028,0.3415799
2665595570000,-0.22126602,0.08716783,0.28018796
2665603414000,0.011779073,0.025165007,0.26002938
2665614247000,0.099743664,-0.042946473,0.2655272
2665624165000,0.19259518,-0.0591344,0.2807988
2665634816000,0.19381692,-0.045695364,0.27927166
2665644887000,0.16052476,-0.007821724,0.25972396
2665655629000,0.13181409,-7.9677254E-4,0.23162416
2665666402000,0.1254,-0.060356133,0.21390906
2665676351000,0.12875977,-0.14190665,0.21024388
2665686330000,0.12692717,-0.16511953,0.20749497
2665696309000,0.10218713,-0.16634125,0.20413522
2665706410000,0.059426565,-0.13854688,0.20138633
2665716359000,0.00567042,-0.12174809,0.18764186
2665724935000,-0.044115096,-0.14282294,0.15098995
2665734425000,-0.06671711,-0.2032986,0.12624991
2665744344000,-0.11008855,-0.24025595,0.06974487
2665753468000,-0.1479622,-0.28912514,0.007436618
2665764272000,-0.17270224,-0.27812958,-0.050290152
2665772695000,-0.17758916,-0.233231,-0.09549418
2665784474000,-0.1583469,-0.19199759,-0.124204844
2665794423000,-0.10825595,-0.16939558,-0.15413725
2665804341000,-0.06946601,-0.16603582,-0.17001975
2665812459000,0.015749697,-0.17214447,-0.1968978
2665822469000,0.066146076,-0.19108129,-0.20453364
2665832723000,0.067673236,-0.19566278,-0.19659236
2665844411000,0.035908252,-0.18772154,-0.18529138
2665854329000,-0.012044672,-0.1761151,-0.18315333
2665864278000,-0.039533608,-0.15137506,-0.18987286
2665874288000,-0.106423356,-0.13396539,-0.21430746
2665884938000,-0.19927487,-0.094870016,-0.223165
2665894307000,-0.29976222,-0.04019758,-0.19995213
2665905049000,-0.3654302,0.024248704,-0.16482738
2665916646000,-0.36940083,0.06609297,-0.13825475
2665926503000,-0.34893686,0.0728125,-0.1293972
2665936604000,-0.29059923,0.058457166,-0.1116821
2665946523000,-0.27105153,-0.031645462,-0.087858364
2665956746000,-0.3409956,-0.19444105,-0.054260775
2665966603000,-0.48363265,-0.29401207,-0.034102216
2665973531000,-0.61008173,-0.22620605,-0.03746198
2665985341000,-0.6216882,-0.070129976,-0.056398794
2665993916000,-0.5703755,0.03218995,-0.069226965
2666003957000,-0.3669574,0.0419638,-0.09366158
2666014333000,-0.09390062,-0.026147678,-0.11931792
2666024220000,0.15044548,-0.16267607,-0.15047204
2666034169000,0.2909445,-0.25400043,-0.18040445
2666044301000,0.33248332,-0.26194167,-0.19628695
2666055013000,0.33187246,-0.23720162,-0.19934127
2666066762000,0.3040781,-0.22803864,-0.21003142
2666075551000,0.22863623,-0.21001811,-0.2408801
2666082997000,0.10188169,-0.15626198,-0.30654812
2666094258000,-0.047780287,-0.0731843,-0.38443345
2666104329000,-0.1919445,-7.9677254E-4,-0.43330264
2666114308000,-0.25089297,0.020278081,-0.4439928
2666124349000,-0.32083705,0.0065336153,-0.43696785
2666135304000,-0.3220588,-0.042335607,-0.40520287
2666145070000,-0.27105153,-0.07837666,-0.37160528
2666154378000,-0.18980646,-0.06615935,-0.35266843
2666164266000,-0.10000927,-0.011181481,-0.33984026
2666174245000,-0.06091389,0.039825767,-0.30960244
2666184743000,-0.0010490976,0.056013703,-0.28822216
2666194203000,0.0429332,0.051737636,-0.2417964
2666204213000,0.07225473,0.034327984,-0.1883457
2666214284000,0.08263944,0.033106253,-0.12970263
2666225026000,0.07530905,0.051737636,-0.07808451
2666233601000,0.060648296,0.068231,-0.023412079
2666244252000,0.05453964,0.07617225,0.0034659952
2666254170000,0.034991954,0.07525596,0.048059154
2666264272000,0.0020052288,0.06334408,0.08379477
2666274251000,-0.039228175,0.050210476,0.115559764
2666285298000,-0.07496379,0.06548211,0.13816178
2666294484000,-0.086264804,0.107020944,0.1457976
2666304311000,-0.08137788,0.15039238,0.1457976
2666314229000,-0.049002018,0.17177266,0.1412161
2666324300000,0.0065867184,0.20842457,0.13846721
2666335317000,0.07164387,0.23316461,0.14427043
2666344411000,0.13822818,0.25790465,0.14946279
2666354329000,0.19900927,0.28203383,0.15007365
2666364400000,0.22466561,0.27745235,0.14976822
2666374257000,0.26742616,0.23408091,0.15068452
2666384175000,0.29766402,0.20109418,0.16656701
2666394246000,0.29460967,0.14184028,0.20321894
2666404347000,0.24848935,0.111297,0.24353604
2666414235000,0.16083018,0.10579921,0.27133042
2666424245000,0.049652718,0.10915898,0.28202054
2666433705000,-0.0047142887,0.09633081,0.28018796
2666444203000,-0.087486535,0.08869499,0.25850224
2666455769000,-0.12719277,0.086556956,0.22459921
2666467153000,-0.13849378,0.108242676,0.2029135
2666475789000,-0.16262296,0.15008694,0.21054931
2666483144000,-0.26280487,0.15466842,0.23712195
2666494283000,-0.34038475,0.12290344,0.2487284
2666505788000,-0.5056238,0.12107085,0.2572805
2666513204000,-0.6464282,0.17482698,0.23559478
2666524312000,-0.7114854,0.29089138,0.19619398
2666534474000,-0.6039731,0.3941276,0.17175937
2666544301000,-0.31778273,0.36908212,0.16992676
2666554158000,-0.14551874,0.17574328,0.1861147
2666564320000,0.15502697,0.06364952,0.19497225
2666574239000,0.33492678,-0.09028853,0.20718956
2666584828000,0.42197508,-0.1406849,0.23712195
2666594258000,0.45068574,-0.16634125,0.33516583
2666604299000,0.40273282,-0.20452033,0.48604953
2666614278000,0.27445114,-0.20635292,0.61738557
2666624288000,0.1983984,-0.20635292,0.66228414
2666635304000,0.06278632,-0.21765393,0.72275984
2666644948000,-0.070382304,-0.25552756,0.7545248
2666655660000,-0.24936582,-0.2921795,0.75696826
2666667317000,-0.4851598,-0.27202094,0.7429184
2666677449000,-0.72248095,-0.14007404,0.7120697
2666687337000,-0.8031152,0.082280904,0.68824595
2666694631000,-0.7860109,0.19773445,0.61402583
2666704030000,-0.5169248,0.30463585,0.5184254
2666714162000,-0.18430868,0.19529098,0.4445107
2666724263000,0.07439276,0.06334408,0.40663704
2666734151000,0.22008412,-0.055774644,0.38983825
2666744222000,0.25520888,-0.15381852,0.38708937
2666753713000,0.27994892,-0.1724499,0.39594692
2666764150000,0.2585686,-0.1461827,0.41488373
2666774587000,0.20297989,-0.05119315,0.4368749
2666784108000,0.1421988,0.06578754,0.46100405
2666795735000,0.096689336,0.16474771,0.46375296
2666807454000,0.08386117,0.20201048,0.43290427
2666816304000,0.08752636,0.16474771,0.4069425
2666824208000,0.093635015,0.13267729,0.34127447
2666835011000,0.07256016,0.085029796,0.25850224
2666845082000,0.047820125,0.09266561,0.16259639
2666855000000,0.079279676,0.105188355,0.077686116
2666864644000,0.1599139,0.050515905,0.012323536
2666875295000,0.23138513,-0.04630623,-0.04815212
2666884328000,0.25307083,-0.116861165,-0.077473655
2666895741000,0.26620445,-0.13488169,-0.122372255
2666904256000,0.25673604,-0.14465554,-0.14283623
2666914174000,0.24299157,-0.13701972,-0.14558512
2666924458000,0.21580806,-0.12724587,-0.12634288
2666934316000,0.19351149,-0.12663502,-0.10923864
2666944203000,0.13181409,-0.11961006,-0.080833405
2666954305000,0.045682095,-0.07379517,-0.07258673
2666964314000,-0.043809664,-0.035005227,-0.069226965
2666975301000,-0.12536018,-0.04203017,-0.07411389
2666984273000,-0.22829098,-0.06341046,-0.08113885
2666994985000,-0.3419119,-0.08509617,-0.07350303
2667006429000,-0.38528335,-0.082041845,-0.06647807
2667017568000,-0.43384713,-0.06585392,-0.046014085
2667024312000,-0.4552274,-0.01729013,-0.00875131
2667035024000,-0.49554452,-0.0020185038,0.04592113
2667044331000,-0.5880906,-0.060356133,0.099371836
2667054280000,-0.7160669,-0.14007404,0.12655534
2667064290000,-0.7753208,-0.17397708,0.1335803
2667075337000,-0.83274215,-0.16756299,0.15098995
2667085133000,-0.7594383,-0.1507642,0.18275493
2667096517000,-0.5511333,-0.16909015,0.2142145
2667107778000,-0.27318957,-0.19260846,0.22521007
2667117848000,-0.014488133,-0.21429417,0.2142145
2667125539000,0.086610064,-0.22773321,0.20810585
2667135243000,0.21672437,-0.22040284,0.2029135
2667145314000,0.27567285,-0.19230303,0.19405594
2667154927000,0.30682698,-0.20757467,0.15343341
2667165303000,0.3144628,-0.2454483,0.062109057
2667174580000,0.26986963,-0.22987124,-0.087552935
2667185262000,0.22344388,-0.1507642,-0.28272438
2667196034000,0.08691549,-0.022482485,-0.37985194
2667205983000,-0.08137788,0.05082135,-0.52707046
2667215993000,-0.22829098,0.18246281,-0.59701455
2667225545000,-0.3043437,0.25973725,-0.6190057
2667235219000,-0.3006785,0.27225998,-0.6208383
2667244954000,-0.23867568,0.25210145,-0.6083155
2667254964000,-0.19041732,0.23438635,-0.59518194
2667264943000,-0.067327976,0.2255288,-0.5493671
2667274953000,0.0682841,0.21239519,-0.4797284
2667285085000,0.17640725,0.19803986,-0.40673
2667294911000,0.24024267,0.15497386,-0.338924
2667306386000,0.2573469,0.09052758,-0.28058633
2667317922000,0.2564306,0.031579092,-0.25462458
2667327840000,0.24665675,0.0047010183,-0.19720325
2667337911000,0.21947326,-0.045389935,-0.13733844
2667347890000,0.17701812,-0.07074084,-0.08480403
2667357991000,0.117153324,-0.04844426,-0.03898914
2667365712000,0.046903826,-0.016984701,-0.0044752583
2667374349000,0.011779073,-0.026453108,0.02606801
2667384419000,-0.050529182,-0.043251902,0.03492555
2667394978000,-0.095122345,-0.08143099,0.029733196
2667405019000,-0.14002094,-0.093342856,0.006520316
2667414937000,-0.19591512,-0.056080073,-0.018219724
2667425404000,-0.23928654,0.01936178,-0.037156552
2667434956000,-0.23684308,0.11648935,-0.051817313
2667444966000,-0.21576823,0.19712356,-0.057315096
2667455800000,-0.14063181,0.22216904,-0.060369432
2667467214000,-0.051750913,0.2423276,-0.053955346
2667476552000,0.024301812,0.23682982,-0.03624025
2667485677000,0.09271871,0.2133115,0.0016333982
2667496846000,0.15349981,0.19437468,0.058749296
2667507558000,0.19687124,0.18460083,0.12563904
2667516591000,0.20603421,0.15772277,0.15343341
2667525105000,0.19106802,0.13664791,0.19222336
2667536031000,0.12784347,0.0944982,0.21879598
2667544240000,0.013306235,0.07433966,0.23437306
2667554616000,-0.1003147,0.09083302,0.23467849
2667566091000,-0.13910465,0.1262632,0.22459921
2667576589000,-0.1705642,0.14428371,0.18642014
2667586537000,-0.15620887,0.16719118,0.13816178
2667595906000,-0.18003261,0.16688573,0.10334246
2667606221000,-0.30678716,0.13970223,0.09448492
2667616261000,-0.50348574,0.1393968,0.08959799
2667626119000,-0.66689223,0.23682982,0.05936016
2667637746000,-0.69713,0.35686484,0.03370382
2667647817000,-0.6106926,0.38099402,-0.02463381
2667658284000,-0.33122176,0.32418355,-0.058842257
2667668141000,0.05209618,0.16383141,-0.021884918
2667678182000,0.39601332,-0.038364984,0.08745997
2667688222000,0.6067618,-0.1996334,0.23651108
2667698201000,0.6574636,-0.23567446,0.31439638
2667705617000,0.6794548,-0.22070825,0.4603932
2667716145000,0.6461626,-0.16267607,0.57798475
2667726430000,0.58049464,-0.09395372,0.658619
2667736470000,0.4986387,-0.08265271,0.7126805
2667746480000,0.41800445,-0.16878471,0.749027
2667756886000,0.37188414,-0.30836743,0.7609389
2667766133000,0.23779921,-0.36792678,0.769491
2667776174000,0.04140604,-0.416796,0.7505542
2667784383000,-0.1714805,-0.3605964,0.70901537
2667796254000,-0.33122176,-0.25308412,0.6726689
2667806569000,-0.38742137,-0.15473482,0.6393767
2667815633000,-0.33458152,-0.08662334,0.60211396
2667826589000,-0.27044067,-0.06554849,0.5902021
2667836690000,-0.09267889,-0.07348973,0.5810391
2667844380000,0.08966439,-0.10281127,0.58073366
2667854390000,0.22038954,-0.12632957,0.59783787
2667866658000,0.27781087,-0.13610342,0.61799645
2667876546000,0.28422496,-0.13763058,0.62929744
2667886922000,0.28208694,-0.15320764,0.63387895
2667895345000,0.27750546,-0.1629815,0.640293
2667907063000,0.26437184,-0.15870544,0.6393767
2667915944000,0.23566118,-0.11747203,0.6344898
2667926167000,0.19900927,-0.090593964,0.61463666
2667934712000,0.15502697,-0.096397184,0.565462
2667944508000,0.13242495,-0.10678189,0.5324753
2667954518000,0.09485675,-0.11411227,0.4576443
2667964742000,0.06156459,-0.1330491,0.37365034
2667974324000,0.015749697,-0.122358955,0.2948487
2667984364000,-0.03647928,-0.062188726,0.21665797
2667994344000,-0.057554133,-0.005989127,0.1448813
2668004353000,-0.055416103,0.003479287,0.09020886
2668014638000,-0.054499805,-0.0047673956,0.06791228
2668024251000,-0.065800816,-0.0035456643,0.034009255
2668034261000,-0.067327976,0.008671641,0.0077420473
2668044270000,-0.04442053,0.012642264,-0.013943665
2668054311000,-0.02120765,0.001341261,-0.030742466
2668064290000,-0.02242938,-0.016373836,-0.03624025
2668074300000,-0.030676063,-0.02736941,-0.03349136
2668084279000,-0.053278074,-0.028285705,-0.029826164
2668096761000,-0.08259961,-0.03775412,-0.04082173
2668108785000,-0.12749821,-0.07226801,-0.048457548
2668119252000,-0.19927487,-0.106476456,-0.04815212
2668130086000,-0.28601775,-0.09670261,-0.05059558
2668139577000,-0.36084872,-0.03347806,-0.052122742
2668150441000,-0.38650507,0.03341168,-0.051817313
2668158864000,-0.40635818,0.048072442,-0.050290152
2668165425000,-0.39566806,0.034938842,-0.035629377
2668176869000,-0.4277385,-0.032561764,-0.003253527
2668188619000,-0.5468572,-0.13793603,0.036452718
2668197743000,-0.629324,-0.19352475,0.07585353
2668208821000,-0.8003663,-0.15504025,0.09295775
2668218709000,-0.92070675,-0.1144177,0.10792395
2668227284000,-0.92162305,-0.030729167,0.09601208
2668234731000,-0.765547,0.001341261,0.074937224
2668245595000,-0.47813487,-0.040808447,0.03614728
2668257161000,-0.13085796,-0.10586559,-0.011194773
2668267140000,0.032243058,-0.17122817,-0.025550112
2668277120000,0.28514126,-0.201466,-0.03898914
2668286916000,0.4363304,-0.24331027,-0.04815212
2668296773000,0.50841254,-0.26163623,-0.05975856
2668307179000,0.50566363,-0.25583303,-0.09610504
2668317494000,0.42564029,-0.20635292,-0.17704469
2668327321000,0.35813966,-0.1275513,-0.23660403
2668336995000,0.17762898,-0.08265271,-0.38260084
2668347371000,-0.033119522,0.015391156,-0.5191292
2668357198000,-0.22279319,0.09633081,-0.6125916
2668367574000,-0.3400793,0.15191954,-0.66726404
2668377492000,-0.36573565,0.21911472,-0.7069703
2668387135000,-0.3474097,0.26340246,-0.72712886
2668397206000,-0.25272557,0.26279157,-0.72376907
2668407552000,-0.1161972,0.22949943,-0.6962801
2668417439000,0.00567042,0.18612799,-0.6431349
2668427510000,0.09302415,0.14764348,-0.56799847
2668437032000,0.15411067,0.120459974,-0.48553163
2668446217000,0.2038962,0.10793725,-0.40031594
2668457539000,0.22374931,0.08747326,-0.35633364
2668467091000,0.24543503,0.07647768,-0.26959077
2668477040000,0.24390787,0.05540283,-0.1855968
2668485158000,0.22771993,0.013558567,-0.10160282
2668495015000,0.2011473,-0.03592152,-0.03318593
2668507466000,0.15930302,-0.07287887,0.018432193
2668517568000,0.12937063,-0.100673236,0.040728774
2668527486000,0.054845072,-0.106476456,0.07402093
2668538899000,-0.026705436,-0.07929295,0.080435015
2668546315000,-0.09390062,-0.02156619,0.06974487
2668557485000,-0.13574488,0.01722376,0.05538954
2668567586000,-0.15254368,0.036160573,0.0428668
2668577504000,-0.15376541,0.032800823,0.04011791
2668585133000,-0.14857306,0.031579092,0.03797988
2668595693000,-0.12505475,0.0541811,0.04011791
2668606130000,-0.086264804,0.08991672,0.058749296
2668617177000,-0.050834615,0.11648935,0.081962176
2668627736000,-0.013877268,0.15589017,0.10120443
2668637624000,0.03254849,0.20048332,0.12472274
2668648976000,0.057593968,0.21758756,0.13907808
2668658162000,0.09882737,0.20995173,0.17206481
2668667561000,0.10585232,0.16383141,0.20627326
2668679372000,0.05576137,0.10182859,0.23590022
2668688222000,-0.039533608,0.06517668,0.2508664
2668698171000,-0.14735132,0.06303865,0.2487284
2668709004000,-0.19744228,0.08411349,0.24292517
2668717641000,-0.2744113,0.09602538,0.22673725
2668729085000,-0.33366522,0.1131296,0.20169176
2668737691000,-0.38742137,0.13878594,0.16565073
2668748189000,-0.4353743,0.20048332,0.12502818
2668758412000,-0.4842435,0.25882095,0.096622944
2668768575000,-0.52639323,0.29180768,0.08104588
2668778859000,-0.5343345,0.33670628,0.07371549
2668786153000,-0.4982934,0.36114088,0.05447324
2668798970000,-0.37825838,0.36327893,0.032787524
2668807515000,-0.17178594,0.28295013,0.029733196
2668816579000,0.100965396,0.16413686,0.06241449
2668828084000,0.3807417,0.039825767,0.122890145
2668837331000,0.4998604,-0.049971424,0.15312798
2668847157000,0.66876465,-0.06493762,0.20963302
2668857564000,0.74267936,-0.03928128,0.2835477
2668865621000,0.73779243,0.010809667,0.38617307
2668878133000,0.68525803,0.02913563,0.49551794
2668887227000,0.6055401,-0.015152104,0.58256626
2668897328000,0.55728173,-0.12327525,0.61524755
2668907430000,0.44060647,-0.19810624,0.66625476
2668917165000,0.27781087,-0.34807366,0.70137954
2668928212000,0.060648296,-0.42076662,0.72306526
2668936360000,-0.17575656,-0.3764789,0.72153807
2668948354000,-0.38925397,-0.2677449,0.6949654
2668958180000,-0.4802729,-0.17733683,0.67327976
2668968251000,-0.59236664,-0.13640885,0.6054737
2668978291000,-0.5325019,-0.035005227,0.51109505
2668988484000,-0.28540686,0.052959368,0.436264
2668997609000,0.057593968,0.056013703,0.4127457
2669007863000,0.3453115,-0.033783495,0.4286282
2669018575000,0.4351087,-0.13732515,0.44909218
2669029469000,0.5194081,-0.19352475,0.4530628
2669038350000,0.52093524,-0.20574206,0.4518411
2669048329000,0.4717606,-0.2023823,0.46497467
2669056630000,0.38898835,-0.15168048,0.49643424
2669068349000,0.28819558,-0.04936056,0.52728295
2669078359000,0.20450705,0.060595185,0.5401111
2669087727000,0.17518552,0.07983744,0.5349188
2669098348000,0.13211952,0.044407263,0.5034592
2669108388000,0.098216504,-0.060356133,0.45153564
2669118428000,0.064618915,-0.13518712,0.38861653
2669128438000,0.022774648,-0.1461827,0.33241692
2669138417000,-0.014488133,-0.092121124,0.27988252
2669148396000,-0.028843466,-0.005989127,0.2508664
2669159688000,-0.04808572,0.023332402,0.19161248
2669167928000,-0.04442053,0.02760847,0.13022053
2669178487000,-0.020902216,-0.017595567,0.06852314
2669188558000,-0.0059360196,-0.056385506,0.02026479
2669198659000,-0.010212077,-0.0460008,-0.0069187135
2669208516000,-0.01754246,-0.0047673956,-0.024328373
2669217122000,-0.030065197,0.019972652,-0.032269627
2669227712000,-0.026400004,0.06334408,-0.04784669
2669238576000,-0.0047142887,0.06426038,-0.06128572
2669248555000,0.017887726,0.008060776,-0.07564105
2669258565000,0.008113882,-0.08265271,-0.09732677
2669268239000,-0.059081294,-0.14404467,-0.11687446
2669278523000,-0.11711349,-0.14954245,-0.12298311
2669288533000,-0.26372117,-0.1312165,-0.1266483
2669298604000,-0.3895594,-0.060967,-0.12603743
2669308583000,-0.4393449,-0.005989127,-0.13000806
2669318593000,-0.41338313,-0.004461959,-0.14741772
2669328816000,-0.3745932,-0.04172474,-0.16452196
2669336598000,-0.3849779,-0.13243823,-0.16574368
2669348592000,-0.49584994,-0.19047043,-0.1519992
2669358601000,-0.66780853,-0.24911349,-0.13122979
2669368611000,-0.8070858,-0.16939558,-0.110765815
2669378865000,-0.8709212,-0.04752796,-0.10526802
2669388661000,-0.8193031,-0.002323933,-0.1116821
2669398824000,-0.63085115,-0.04966599,-0.12359397
2669409078000,-0.4851598,-0.13640885,-0.13061893
2669419270000,-0.12200042,-0.18833241,-0.14405796
2669430684000,0.2487948,-0.31172717,-0.16635454
2669440755000,0.5487296,-0.43603826,-0.19934127
2669450734000,0.7555075,-0.5676797,-0.22927368
2669460317000,0.8712665,-0.70084834,-0.2521811
2669469838000,0.89264673,-0.7671272,-0.26012236
2669477895000,0.8501916,-0.75429904,-0.27142337
2669487416000,0.6977807,-0.622963,-0.28944388
2669498799000,0.4793964,-0.3877799,-0.3221252
2669508351000,0.26406643,-0.13671428,-0.36305314
2669518788000,0.089358956,0.07831028,-0.3926801
2669528310000,0.016971428,0.22155818,-0.3990942
2669538869000,-0.09267889,0.25149056,-0.40092683
2669548757000,-0.14674047,0.23682982,-0.39542902
2669558614000,-0.14979479,0.19987246,-0.38199
2669568807000,-0.10000927,0.2236962,-0.37893566
2669578816000,-0.0037979912,0.28844792,-0.38076824
2669586690000,0.05667767,0.3238781,-0.374965
2669598866000,0.18037787,0.30799562,-0.34442177
2669608937000,0.26803705,0.22339079,-0.29188734
2669618916000,0.30194005,0.1439783,-0.2314117
2669626851000,0.30071834,0.1140459,-0.17307407
2669637502000,0.28850102,0.11893281,-0.11015494
2669646260000,0.2668153,0.14153484,-0.04906842
2669659078000,0.24848935,0.15191954,-0.019136019
2669668507000,0.19137345,0.14855978,0.03797988
2669678517000,0.112571836,0.13328815,0.06699598
2669688588000,0.038657144,0.11740565,0.052335214
2669697408000,-0.03495212,0.10427205,0.02179195
2669708577000,-0.10856138,0.12443061,0.0049931556
2669718984000,-0.13605031,0.19803986,-0.0011154935
2669728627000,-0.17453483,0.2246125,-0.032880485
2669739247000,-0.21057588,0.22888857,-0.09518874
2669748250000,-0.24600606,0.20934087,-0.16818714
2669757008000,-0.26066682,0.16810748,-0.2417964
2669766927000,-0.23256703,0.08289176,-0.30013403
2669776235000,-0.20019117,-0.013014078,-0.3147948
2669788167000,-0.10581249,-0.05424748,-0.3288447
2669799092000,0.024607241,-0.12663502,-0.31601653
2669808644000,0.13822818,-0.15290222,-0.2399638
2669819112000,0.18129417,-0.07776579,-0.124204844
2669829091000,0.16449538,0.054791972,0.0037714243
2669837544000,0.10493602,0.16322055,0.12441731
2669846303000,0.07378189,0.21880928,0.1693159
2669856282000,0.041711472,0.22155818,0.22123945
2669866963000,0.040184308,0.18185192,0.2319296
2669878255000,0.023690946,0.11893281,0.2151308
2669889180000,-0.03770101,0.085335225,0.18947446
2669898763000,-0.12536018,0.109769836,0.16992676
2669907247000,-0.18033805,0.1702455,0.16778874
2669919545000,-0.32908374,0.20811915,0.17328653
2669929158000,-0.52517146,0.294862,0.17053764
2669936421000,-0.7307276,0.3932113,0.15557143
2669949239000,-0.88130593,0.48972803,0.13388573
2669957051000,-0.90146446,0.5330995,0.10303703
2669969197000,-0.8492355,0.46040648,0.084711075
2669978841000,-0.6171067,0.38893527,0.05447324
2669989278000,-0.24600606,0.24080044,0.045615695
2669997914000,0.14342053,0.10885355,0.06821771
2670007253000,0.41311753,-0.012708642,0.103953324
2670017049000,0.5499514,-0.0750169,0.1457976
2670026418000,0.59423906,-0.060356133,0.21910143
2670036427000,0.66509944,-0.019122727,0.2676652
2670046620000,0.6925884,-0.01148691,0.3742612
2670056783000,0.65196586,-0.044473633,0.46863988
2670067067000,0.53956664,-0.12480241,0.5278938
2670077229000,0.35905597,-0.21093442,0.56301856
2670087148000,0.14678028,-0.27232635,0.5868423
2670097585000,-0.061524756,-0.2998153,0.5895912
2670106984000,-0.15865234,-0.30745113,0.5831771
2670116536000,-0.33763584,-0.3043968,0.5480524
2670127553000,-0.49218476,-0.27263182,0.45978233
2670139089000,-0.5722081,-0.21490504,0.34432882
2670146565000,-0.5218117,-0.14709899,0.23681651
2670159047000,-0.4485079,-0.064326756,0.19436139
2670168996000,-0.23592679,-0.014235802,0.14518672
2670178945000,0.0044486895,0.09236018,0.13755092
2670189076000,0.18557023,0.18185192,0.16229096
2670199666000,0.23688291,0.26828936,0.19283423
2670209493000,0.18434851,0.34312037,0.2132982
2670218831000,0.14250423,0.37946683,0.23803824
2670228658000,0.05912113,0.38924068,0.25605875
2670239583000,-0.012655538,0.40848297,0.3021791
2670247121000,-0.05969216,0.40695578,0.35990587
2670257741000,-0.09756581,0.3724419,0.4087751
2670266744000,-0.14765675,0.28661534,0.41977066
2670279744000,-0.20904872,0.13756421,0.38983825
2670288350000,-0.23898111,-0.036532387,0.36754167
2670296834000,-0.2884612,-0.10983621,0.3095095
2670307210000,-0.32175335,-0.20268774,0.23040242
2670319173000,-0.36940083,-0.1947465,0.155266
2670327992000,-0.46011433,-0.06371589,0.09601208
2670337178000,-0.53983223,0.11435133,0.050502617
2670347310000,-0.5505224,0.23774612,0.03309296
2670358571000,-0.5138705,0.2685948,0.024235412
2670367330000,-0.454922,0.28020126,0.06516338
2670377339000,-0.4588926,0.2957783,0.12655534
2670388173000,-0.5160085,0.3929059,0.15954205
2670396871000,-0.5181465,0.47354007,0.1561823
2670406819000,-0.4805783,0.4258926,0.14640847
2670416768000,-0.35474008,0.36175177,0.11953039
2670429646000,-0.22829098,0.19987246,0.09845554
2670437703000,-0.15712517,-0.009348884,0.05294608
2670448110000,-0.16506642,-0.22895494,-0.1162636
2670457692000,-0.2603614,-0.2631634,-0.37007812
2670468434000,-0.36207047,-0.038670413,-0.6965856
2670478414000,-0.359627,0.3293759,-0.9320742
2670486928000,-0.14948936,0.5483711,-1.5093418
2670496877000,0.23413402,1.0569165,-1.959244
2670506886000,0.4839779,1.4680288,-2.0597315
2670516957000,0.45893243,1.4289334,-1.8517318
2670526753000,0.3104922,0.9552073,-1.5178939
2670536855000,0.24512959,0.5129409,-1.3596798
2670547810000,0.022163782,0.40787208,-1.0172899
2670558705000,-0.5505224,0.23347005,-0.42291796
2670570180000,-1.1916254,-0.2032986,0.21726882
2670580403000,-1.4680419,-0.49345958,0.41518918
2670587972000,-1.4558246,-0.25338954,0.21451993
2670598531000,-1.3843534,0.0944982,0.048364587
2670609364000,-1.1225976,0.23316461,-0.31143504
2670619832000,-0.75455135,0.51049745,-0.586019
2670628346000,-0.43690145,0.7627848,-0.640386
2670639943000,-0.28815576,0.9555128,-0.48736423
2670649342000,-0.25242013,1.1354127,-0.2671473
2670659779000,-0.24020284,1.2505608,-0.12053965
2670667256000,-0.23959199,1.219712,-0.09641047
2670677144000,-0.26280487,1.1433539,-0.12756461
2670687245000,-0.27257872,0.8904556,-0.22072154
2670697225000,-0.19041732,0.57433283,-0.3758813
2670707601000,-0.036784712,0.29547286,-0.54661816
2670717610000,0.066146076,0.11343503,-0.61228615
2670727498000,0.07256016,0.05387567,-0.5350117
2670737721000,0.059426565,0.13359359,-0.45498836
2670747304000,0.038962577,0.18918231,-0.28516784
2670756886000,0.070727564,0.20475939,-0.19628695
2670766835000,0.16693884,0.06517668,-0.15596983
2670778981000,0.2732294,-0.10433843,-0.102824554
2670788136000,0.32240406,-0.22223541,-0.07197587
2670798909000,0.40456542,-0.264996,-0.025550112
2670808461000,0.44243908,-0.3175304,-0.021884918
2670817647000,0.43235978,-0.31783584,-0.03898914
2670827077000,0.38532317,-0.276297,-0.020663187
2670837117000,0.30591068,-0.2313984,0.054167807
2670847188000,0.26406643,-0.19566278,0.14732476
2670859242000,0.20481248,-0.16359235,0.18764186
2670870381000,0.18495937,-0.15198591,0.2487284
2670880330000,0.19809297,-0.1425175,0.28568572
2670888417000,0.2442133,-0.16695212,0.31867248
2670899587000,0.2985803,-0.22742778,0.36631995
2670908589000,0.31201935,-0.25522214,0.4258793
2670920705000,0.30071834,-0.18833241,0.45520085
2670928792000,0.26437184,-0.12602414,0.501932
2670937581000,0.2283308,0.021499813,0.5340024
2670947774000,0.2487948,0.13512075,0.5492741
2670960225000,0.36882982,0.143062,0.5529393
2670967702000,0.54536986,0.020278081,0.56637836
2670980245000,0.6452463,-0.17183903,0.5834825
2670987721000,0.86240894,-0.26743945,0.6442636
2671000142000,1.0829313,-0.48918355,0.7297848
2671009328000,1.2698561,-0.7753739,0.81011355
2671017445000,1.3788955,-1.0114733,0.8602045
2671029042000,1.3413273,-1.0954673,0.84187853
2671039876000,1.2515302,-1.0093353,0.73925316
2671049489000,0.9653397,-0.88135904,0.7077936
2671057607000,0.61195415,-0.43909258,0.75513566
2671070424000,0.2655936,0.13450988,0.84279484
2671080281000,-0.01998592,0.6775691,0.8705892
2671089772000,-0.21088131,1.0618033,0.8186657
2671099873000,-0.31259036,1.2609453,0.696798
2671108540000,-0.33733043,1.3660142,0.6231888
2671119679000,-0.34496623,1.3962522,0.4829952
2671128804000,-0.293959,1.3880053,0.38770023
2671138661000,-0.12963623,1.2545314,0.33119518
2671149159000,0.14250423,0.9304673,0.28202054
2671158772000,0.3902101,0.42222738,0.23437306
2671167714000,0.46809542,-0.08601247,0.21299277
2671179463000,0.50963426,-0.27721328,0.16626158
2671189198000,0.41892076,-0.47879884,0.11067285
2671199239000,0.2497111,-0.48276946,0.050502617
2671208089000,0.070727564,-0.38380927,-0.019136019
2671219045000,-0.07862899,-0.22834408,-0.0722813
2671230214000,-0.14307527,-0.06279959,-0.08846922
2671237721000,-0.2585288,0.010198802,-0.10526802
2671248860000,-0.337025,0.14825433,-0.113820136
2671260121000,-0.34252277,0.2844773,-0.11595817
2671268819000,-0.2866286,0.40573406,-0.10771148
2671278615000,-0.23531592,0.51019204,-0.0844986
2671290547000,-0.21851712,0.5880773,-0.058842257
2671297780000,-0.21607366,0.61342824,-0.052122742
2671308827000,-0.2041618,0.59571314,-0.04082173
2671318349000,-0.1583469,0.501029,-0.028604433
2671330190000,-0.06763341,0.39260048,-0.043570638
2671340718000,0.0029215263,0.32693243,-0.06403461
2671348897000,0.0010889308,0.2658459,-0.03746198
2671360738000,-0.07923985,0.18124107,0.037369013
2671368825000,-0.15162738,0.07831028,0.08898713
2671380483000,-0.33305436,0.009587936,0.20413522
2671388753000,-0.4814946,-0.18069658,0.2917944
2671400533000,-0.4915739,-0.37525716,0.2667489
2671411183000,-0.34618795,-0.44245234,0.17420283
2671419637000,-0.25913966,-0.31722498,0.14640847
2671430196000,-0.16506642,-0.19627365,0.15343341
2671440694000,-0.22493121,0.06670384,0.22398835
2671449727000,-0.3565727,0.27653605,0.30645514
2671460133000,-0.41827005,0.40848297,0.34005272
2671470235000,-0.36390305,0.4115373,0.30920404
2671479024000,-0.25455818,0.30707932,0.25300443
2671487813000,-0.19927487,0.17757589,0.2282644
2671497945000,-0.10459076,0.12565234,0.19527769
2671507893000,-0.030676063,0.06395495,0.18244952
2671517873000,0.01972032,0.031579092,0.19741571
2671527669000,0.028577868,-1.8590689E-4,0.24445233
2671537892000,0.030105032,-0.0069054216,0.27957708
2671547719000,0.05576137,0.023332402,0.27377385
2671559102000,0.16816057,0.05265394,0.22001773
2671567616000,0.29430425,0.12259801,0.14915735
2671577626000,0.30163464,0.13237186,0.12869337
2671587666000,0.08019598,0.09266561,0.22032315
2671597646000,-0.11161571,0.095109075,0.3760938
2671607655000,-0.102147296,-0.00995975,0.43748575
2671617665000,0.06522978,-0.09395372,0.47963545
2671627736000,0.21489176,-0.21032354,0.44328898
