2658775533000,-5.641,-11.611,-74.562
2658785512000,-5.641,-11.611,-74.562
2658795522000,-5.641,-11.611,-74.562
2658805531000,-5.641,-11.611,-74.562
2658815541000,-5.641,-11.611,-74.562
2658825551000,-5.641,-11.611,-74.562
2658835530000,-5.641,-11.611,-74.562
2658845540000,-5.641,-11.933,-74.562
2658855580000,-5.641,-11.933,-74.562
2658865590000,-5.641,-11.933,-74.237
2658879323000,-5.641,-11.933,-74.237
2658890981000,-5.641,-11.933,-74.237
2658899434000,-5.641,-11.933,-74.237
2658906911000,-5.284,-11.933,-74.237
2658919759000,-5.284,-11.933,-74.237
2658929707000,-5.284,-11.933,-74.237
2658939656000,-5.284,-12.263,-74.237
2658949239000,-4.913,-12.263,-74.237
2658959676000,-4.913,-12.263,-74.237
2658969594000,-4.913,-12.263,-74.237
2658979695000,-4.913,-12.263,-74.237
2658986958000,-4.551,-12.623,-74.237
2658999532000,-4.551,-12.623,-74.237
2659007710000,-4.551,-12.623,-74.237
2659019338000,-4.551,-12.623,-74.237
2659029500000,-4.551,-12.959,-74.237
2659039388000,-4.551,-12.959,-74.237
2659049672000,-4.551,-12.959,-74.237
2659058492000,-4.551,-12.959,-74.237
2659069081000,-4.217,-13.322,-74.237
2659076558000,-4.217,-13.322,-74.237
2659089345000,-4.217,-13.322,-74.237
2659096974000,-4.217,-13.322,-74.237
2659109700000,-4.217,-13.671,-74.237
2659118367000,-4.217,-13.671,-74.237
2659129933000,-4.217,-13.671,-74.237
2659139516000,-4.217,-13.977,-74.237
2659149037000,-4.217,-13.977,-74.237
2659159017000,-4.217,-13.977,-74.237
2659169057000,-4.217,-13.977,-74.237
2659180318000,-4.217,-14.299,-74.237
2659189107000,-4.217,-14.299,-74.237
2659200307000,-4.217,-14.299,-74.237
2659210225000,-4.217,-14.299,-73.936
2659219045000,-4.217,-14.624,-73.936
2659229024000,-4.217,-14.624,-73.936
2659239125000,-4.217,-14.624,-73.936
2659250356000,-4.217,-14.624,-73.936
2659260274000,-4.217,-14.624,-73.936
2659270223000,-4.217,-14.976,-73.936
2659278737000,-4.217,-14.976,-73.936
2659289357000,-4.217,-14.976,-73.936
2659299184000,-4.217,-14.976,-73.936
2659309194000,-4.217,-14.976,-73.936
2659319203000,-4.217,-14.976,-73.936
2659329183000,-4.217,-15.307,-73.619
2659338826000,-4.217,-15.307,-73.619
2659346944000,-4.217,-15.307,-73.619
2659359242000,-4.217,-15.307,-73.619
2659367757000,-4.217,-15.307,-73.619
2659379231000,-4.217,-15.307,-73.619
2659389272000,-4.217,-15.307,-73.619
2659396504000,-4.217,-15.307,-73.619
2659409261000,-4.217,-15.307,-73.619
2659419301000,-4.217,-15.307,-73.31
2659429311000,-4.217,-15.307,-73.31
2659436543000,-4.217,-15.307,-73.31
2659446462000,-4.217,-15.307,-73.31
2659456471000,-4.217,-15.307,-73.31
2659466725000,-4.217,-15.307,-73.31
2659476521000,-4.217,-15.307,-73.31
2659487264000,-4.217,-15.307,-73.007
2659496236000,-4.217,-15.307,-73.007
2659506215000,-4.217,-15.307,-73.007
2659516225000,-4.217,-15.307,-73.007
2659526204000,-4.217,-15.307,-73.007
2659536214000,-4.217,-15.307,-73.007
2659546193000,-4.217,-15.307,-73.007
2659556233000,-3.857,-15.307,-73.007
2659566213000,-3.857,-14.959,-73.007
2659576222000,-3.857,-14.959,-72.65
2659586476000,-3.529,-14.959,-72.65
2659596547000,-3.529,-14.959,-72.65
2659611195000,-3.208,-14.959,-72.65
2659620076000,-3.208,-14.634,-72.65
2659630177000,-2.822,-14.634,-72.34
2659639150000,-2.822,-14.634,-72.34
2659649709000,-2.102,-14.634,-72.34
2659660664000,-1.754,-14.634,-72.34
2659670644000,-1.371,-14.634,-72.041
2659680653000,-1.052,-14.634,-72.041
2659690663000,-1.052,-14.634,-72.041
2659700704000,-0.752,-14.634,-72.041
2659710652000,-0.752,-14.634,-71.679
2659719136000,-0.334,-14.634,-71.679
2659728902000,-0.334,-14.634,-71.679
2659737111000,-0.334,-14.634,-71.377
2659747121000,-0.334,-14.634,-71.377
2659759664000,0.013,-14.299,-71.377
2659770528000,0.013,-14.299,-71.069
2659780538000,0.361,-14.299,-71.069
2659790120000,0.361,-14.299,-71.069
2659799642000,0.747,-14.299,-71.069
2659809651000,0.747,-14.299,-70.75
2659819692000,0.747,-14.299,-70.75
2659831136000,1.184,-13.99,-70.75
2659839681000,1.184,-13.99,-70.448
2659849690000,1.184,-13.99,-70.448
2659858357000,1.495,-13.99,-70.448
2659871327000,1.495,-13.99,-70.137
2659881154000,1.495,-13.99,-70.137
2659889790000,1.495,-13.99,-70.137
2659901265000,1.495,-13.99,-70.137
2659907002000,1.847,-13.99,-69.726
2659919820000,1.847,-13.99,-69.726
2659928670000,1.847,-13.99,-69.726
2659939778000,1.847,-13.99,-69.726
2659949757000,1.847,-13.99,-69.726
2659959706000,1.847,-14.326,-69.328
2659969777000,1.847,-14.326,-69.328
2659979817000,1.847,-14.326,-69.328
2659989736000,1.847,-14.645,-68.986
2659999745000,1.847,-14.645,-68.986
2660009999000,1.847,-14.645,-68.986
2660019765000,1.847,-14.645,-68.986
2660029775000,1.847,-14.645,-68.986
2660038442000,1.847,-14.645,-68.601
2660049794000,1.847,-14.958,-68.601
2660059834000,1.847,-14.958,-68.601
2660068440000,2.149,-14.958,-68.601
2660078145000,2.149,-14.958,-68.601
2660087727000,2.149,-14.958,-68.254
2660099843000,2.149,-14.958,-68.254
2660109853000,2.149,-14.958,-68.254
2660119862000,2.149,-14.958,-68.254
2660129933000,2.149,-14.958,-67.953
2660139882000,2.149,-14.958,-67.953
2660148763000,2.149,-14.958,-67.953
2660157063000,2.149,-15.29,-67.623
2660167134000,2.149,-15.29,-67.623
2660178426000,2.149,-15.29,-67.623
2660189168000,2.149,-15.29,-67.623
2660199422000,2.149,-15.29,-67.263
2660209950000,2.149,-15.29,-67.263
2660219319000,2.149,-15.29,-67.263
2660230245000,2.149,-15.29,-66.963
2660241017000,2.149,-15.29,-66.963
2660248525000,2.149,-15.29,-66.963
2660257253000,2.149,-15.29,-66.963
2660267262000,2.149,-15.29,-66.601
2660277272000,1.809,-15.29,-66.601
2660287282000,1.809,-15.29,-66.601
2660297414000,1.809,-15.29,-66.601
2660307149000,1.809,-15.29,-66.601
2660319539000,1.809,-15.29,-66.601
2660331288000,1.809,-15.29,-66.262
2660342854000,1.458,-15.29,-66.262
2660349416000,1.458,-15.29,-66.262
2660358907000,1.458,-15.29,-66.262
2660369924000,1.458,-15.29,-66.262
2660380422000,1.458,-15.29,-66.262
2660390614000,1.458,-14.868,-66.262
2660400746000,1.458,-14.868,-66.262
2660410848000,1.135,-14.868,-66.262
2660420766000,1.135,-14.5,-66.262
2660430776000,1.135,-14.5,-66.262
2660440694000,1.135,-14.5,-66.262
2660450307000,1.135,-14.5,-66.262
2660460774000,1.135,-14.106,-66.262
2660467854000,1.135,-14.106,-65.914
2660480367000,1.135,-14.106,-65.914
2660490315000,1.135,-14.106,-65.914
2660500386000,1.135,-14.106,-65.914
2660508931000,1.135,-13.752,-65.914
2660520406000,1.135,-13.752,-65.914
2660530507000,1.135,-13.752,-65.914
2660540883000,1.135,-13.752,-65.605
2660548268000,1.135,-13.45,-65.605
2660560903000,1.135,-13.45,-65.605
2660570821000,1.135,-13.45,-65.605
2660578328000,1.449,-13.45,-65.605
2660587544000,1.449,-13.45,-65.605
2660597493000,1.449,-13.45,-65.605
2660610341000,1.449,-13.45,-65.299
2660618855000,1.449,-13.45,-65.299
2660630483000,1.751,-13.45,-65.299
2660640462000,1.751,-13.104,-65.299
2660650502000,1.751,-13.104,-65.299
2660659779000,1.751,-13.104,-65.299
2660670522000,2.099,-13.104,-65.299
2660680470000,2.099,-12.751,-65.299
2660690511000,2.099,-12.751,-65.299
2660700551000,2.099,-12.751,-65.299
2660708852000,2.439,-12.397,-65.299
2660718984000,2.439,-12.397,-65.299
2660727834000,2.439,-12.397,-65.299
2660737630000,2.439,-12.045,-64.968
2660747670000,2.439,-12.045,-64.968
2660757710000,2.777,-12.045,-64.968
2660767659000,2.777,-11.7,-64.968
2660777699000,2.777,-11.7,-64.968
2660787709000,2.777,-11.7,-64.968
2660797719000,3.109,-11.354,-64.649
2660807759000,3.109,-11.354,-64.649
2660817738000,3.109,-11.354,-64.649
2660827748000,3.109,-11.032,-64.649
2660840718000,3.421,-11.032,-64.649
2660851888000,3.421,-11.032,-64.649
2660859975000,3.421,-10.72,-64.649
2660870625000,3.421,-10.72,-64.335
2660880635000,3.421,-10.72,-64.335
2660891866000,3.771,-10.38,-64.335
2660901814000,3.771,-10.38,-64.335
2660909841000,3.771,-10.07,-64.335
2660920583000,3.771,-10.07,-64.335
2660930257000,3.771,-9.754,-64.335
2660942189000,4.124,-9.754,-64.335
2660952138000,4.124,-9.454,-64.335
2660960622000,4.124,-9.454,-64.335
2660970784000,4.124,-8.996,-64.335
2660980763000,4.124,-8.996,-64.335
2660992207000,4.124,-8.996,-64.335
2661000386000,4.124,-8.572,-64.335
2661012349000,4.124,-8.572,-64.335
2661021901000,4.124,-8.572,-64.335
2661028676000,4.124,-8.232,-64.335
2661040822000,4.124,-8.232,-64.335
2661050862000,4.124,-8.232,-64.335
2661061360000,4.124,-7.861,-64.335
2661070821000,4.124,-7.861,-64.335
2661082539000,4.124,-7.861,-64.335
2661090749000,4.124,-7.861,-64.335
2661100789000,4.124,-7.536,-64.335
2661110768000,4.124,-7.536,-64.649
2661121144000,4.124,-7.536,-64.649
2661130361000,4.124,-7.536,-64.649
2661140767000,4.124,-7.536,-64.649
2661150777000,4.124,-7.536,-64.649
2661161275000,4.124,-7.536,-64.649
2661170766000,4.124,-7.536,-64.981
2661179280000,4.124,-7.203,-64.981
2661190816000,4.124,-7.203,-64.981
2661200765000,4.124,-7.203,-64.981
2661210774000,4.124,-7.203,-64.981
2661220784000,4.124,-7.203,-64.981
2661230794000,4.124,-7.203,-64.981
2661240773000,4.124,-7.203,-65.325
2661250508000,4.124,-7.203,-65.325
2661260823000,4.124,-6.893,-65.325
2661272481000,4.124,-6.893,-65.325
2661282185000,4.124,-6.893,-65.325
2661291310000,4.124,-6.893,-65.325
2661299428000,4.124,-6.893,-65.646
2661310811000,4.124,-6.893,-65.646
2661320546000,4.124,-6.893,-65.646
2661330769000,4.124,-6.578,-65.646
2661340779000,4.124,-6.578,-65.646
2661350820000,4.124,-6.578,-65.646
2661360860000,4.124,-6.578,-65.997
2661370778000,4.124,-6.578,-65.997
2661380788000,4.124,-6.268,-65.997
2661390767000,4.124,-6.268,-65.997
2661400807000,4.124,-6.268,-65.997
2661410787000,3.797,-6.268,-66.368
2661420766000,3.797,-5.865,-66.368
2661432454000,3.797,-5.865,-66.368
2661442403000,3.797,-5.865,-66.368
2661451650000,3.797,-5.52,-66.368
2661460683000,3.797,-5.52,-66.716
2661468526000,3.797,-5.213,-66.716
2661480702000,3.797,-5.213,-66.716
2661490773000,3.797,-4.814,-66.716
2661500783000,3.797,-4.319,-67.033
2661510823000,3.797,-3.736,-67.033
2661520772000,3.797,-2.964,-67.033
2661530812000,3.797,-2.314,-67.033
2661541249000,3.797,-2.314,-67.398
2661551595000,3.797,-2.314,-67.398
2661559865000,3.797,-2.314,-67.398
2661570821000,3.797,-2.314,-67.398
2661580800000,3.797,-2.314,-67.825
2661590840000,3.797,-2.314,-67.825
2661599782000,3.797,-2.314,-67.825
2661610860000,3.797,-2.314,-68.147
2661621541000,3.797,-2.314,-68.147
2661631612000,3.797,-1.918,-68.147
2661641408000,3.797,-1.918,-68.557
2661649098000,3.797,-1.521,-68.557
2661660878000,3.797,-1.521,-68.557
2661671559000,3.797,-1.15,-68.862
2661681600000,3.797,-1.15,-68.862
2661692525000,3.797,-0.839,-68.862
2661700887000,3.797,-0.839,-69.221
2661713124000,3.797,-0.839,-69.221
2661722432000,3.797,-0.518,-69.221
2661731679000,3.797,-0.518,-69.531
2661742970000,3.797,-0.518,-69.531
2661749562000,3.797,-0.518,-69.531
2661761678000,3.797,-0.186,-69.834
2661771596000,3.797,-0.186,-69.834
2661780995000,3.797,-0.186,-69.834
2661791585000,3.797,0.126,-69.834
2661800771000,3.797,0.126,-70.178
2661812550000,3.797,0.126,-70.178
2661820790000,3.797,0.491,-70.178
2661831014000,3.797,0.491,-70.178
2661841573000,3.797,0.491,-70.495
2661851033000,3.797,0.491,-70.495
2661862752000,4.174,0.491,-70.495
2661872701000,4.174,0.839,-70.495
2661882680000,4.174,0.839,-70.846
2661891622000,4.174,0.839,-70.846
2661902791000,4.519,0.839,-70.846
2661912770000,4.519,0.839,-70.846
2661920247000,4.519,0.839,-70.846
2661930165000,4.85,0.839,-71.176
2661942525000,4.85,1.144,-71.176
2661950765000,4.85,1.144,-71.176
2661962514000,5.212,1.144,-71.176
2661970815000,5.212,1.144,-71.488
2661981374000,5.212,1.144,-71.488
2661992940000,5.58,1.457,-71.488
2662000783000,5.58,1.457,-71.488
2662012868000,5.58,1.457,-71.488
2662022847000,5.961,1.457,-71.853
2662032643000,5.961,1.863,-71.853
2662040791000,5.961,1.863,-71.853
2662050466000,6.355,1.863,-71.853
2662060841000,6.355,2.334,-71.853
2662072530000,6.355,2.334,-72.181
2662080800000,6.762,2.967,-72.181
2662092976000,6.762,2.967,-72.181
2662100789000,6.762,3.283,-72.181
2662111989000,6.762,3.283,-72.181
2662122914000,7.127,3.283,-72.526
2662130788000,7.127,3.283,-72.526
2662143178000,7.127,3.283,-72.526
2662150014000,7.127,3.677,-72.526
2662161733000,7.127,3.677,-72.866
2662171559000,7.47,3.677,-72.866
2662183003000,7.47,3.677,-72.866
2662190877000,7.47,4.0,-73.171
2662200765000,7.47,4.0,-73.171
2662211720000,7.47,4.0,-73.171
2662223012000,7.47,4.0,-73.475
2662231526000,7.47,4.0,-73.475
2662241536000,7.47,4.0,-73.475
2662253133000,7.47,4.301,-73.828
2662263112000,7.47,4.301,-73.828
2662273091000,7.47,4.301,-73.828
2662283162000,7.47,4.301,-74.133
2662289632000,7.47,4.301,-74.133
2662303090000,7.47,4.301,-74.133
2662311574000,7.47,4.301,-74.473
2662323018000,7.47,4.301,-74.473
2662332509000,7.47,4.301,-74.473
2662340749000,7.47,4.301,-74.473
2662353322000,7.47,4.301,-74.815
2662362660000,7.47,4.301,-74.815
2662373433000,7.47,4.301,-74.815
2662383016000,7.47,4.301,-74.815
2662390950000,7.47,4.301,-75.148
2662403005000,7.47,4.301,-75.148
2662411580000,7.47,4.65,-75.148
2662423329000,7.47,4.65,-75.148
2662433217000,7.47,4.65,-75.148
2662443288000,7.47,4.65,-75.523
2662453237000,7.47,4.65,-75.523
2662462056000,7.47,5.072,-75.523
2662469411000,7.47,5.072,-75.523
2662479329000,7.47,5.072,-75.877
2662493123000,7.47,5.496,-75.877
2662502522000,7.47,5.496,-75.877
2662510610000,7.47,5.815,-75.877
2662519429000,7.47,5.815,-76.2
2662533528000,7.47,6.265,-76.2
2662542561000,7.164,6.265,-76.2
2662552510000,7.164,6.265,-76.556
2662561452000,7.164,6.713,-76.556
2662571645000,7.164,6.713,-76.556
2662582509000,7.164,7.096,-76.556
2662592519000,7.164,7.096,-76.895
2662602559000,6.797,7.489,-76.895
2662611226000,6.797,7.489,-76.895
2662623280000,6.797,7.87,-76.895
2662632588000,6.797,7.87,-76.895
2662642507000,6.797,8.201,-77.232
2662650563000,6.797,8.201,-77.232
2662662496000,6.797,8.201,-77.232
2662671254000,6.483,8.558,-77.232
2662683431000,6.483,8.558,-77.232
2662691335000,6.483,8.558,-77.232
2662701741000,6.483,8.558,-77.232
2662713002000,6.483,8.558,-77.232
2662720601000,6.483,8.558,-77.568
2662733418000,6.483,8.558,-77.568
2662741292000,6.483,8.558,-77.568
2662751912000,6.483,8.558,-77.568
2662762990000,6.483,8.558,-77.568
2662771779000,6.483,8.558,-77.568
2662781819000,6.483,8.558,-77.568
2662793019000,6.483,8.558,-77.568
2662802968000,6.483,8.558,-77.568
2662811421000,6.483,8.558,-77.568
2662820210000,6.483,8.558,-77.568
2662832997000,6.483,8.558,-77.568
2662842976000,6.483,8.558,-77.568
2662853047000,6.483,8.558,-77.568
2662862966000,6.483,8.558,-77.568
2662871694000,6.483,8.558,-77.568
2662883046000,6.483,8.558,-77.568
2662890767000,6.483,8.558,-77.568
2662902974000,6.483,8.558,-77.874
2662912984000,6.483,8.239,-77.874
2662921681000,6.483,8.239,-77.874
2662931600000,6.483,8.239,-77.874
2662941640000,6.483,8.239,-77.874
2662953023000,6.483,7.939,-77.874
2662962972000,6.483,7.939,-77.874
2662973287000,6.483,7.939,-77.874
2662983510000,6.483,7.586,-77.874
2662993031000,6.483,7.586,-77.874
2663003072000,6.483,7.284,-77.874
2663013356000,6.787,7.284,-77.874
2663021626000,6.787,6.964,-77.874
2663031087000,6.787,6.964,-77.874
2663043202000,6.787,6.964,-77.874
2663050740000,6.787,6.523,-77.874
2663063252000,6.787,6.523,-77.874
2663073384000,7.113,6.523,-77.874
2663080495000,7.113,6.132,-77.874
2663093312000,7.113,6.132,-77.874
2663103261000,7.113,6.132,-77.874
2663111592000,7.113,6.132,-77.874
2663123250000,7.484,5.784,-77.874
2663133321000,7.484,5.784,-77.874
2663141927000,7.484,5.784,-77.874
2663151631000,7.8,5.784,-77.874
2663161122000,7.8,5.784,-77.874
2663170216000,7.8,5.784,-77.874
2663181630000,7.8,5.784,-77.874
2663193379000,8.155,5.784,-77.545
2663201589000,8.155,5.784,-77.545
2663213399000,8.155,5.784,-77.545
2663221974000,8.155,5.784,-77.545
2663232961000,8.155,5.784,-77.545
2663243398000,8.155,5.476,-77.545
2663253011000,8.467,5.476,-77.188
2663263417000,8.467,5.476,-77.188
2663272237000,8.467,5.476,-77.188
2663282735000,8.467,5.476,-77.188
2663293416000,8.467,5.476,-77.188
2663301869000,8.467,5.476,-76.863
2663313130000,8.467,5.476,-76.863
2663323384000,8.467,5.476,-76.863
2663333486000,8.467,5.476,-76.863
2663343465000,8.161,5.476,-76.863
2663353505000,8.161,5.133,-76.863
2663361806000,8.161,5.133,-76.539
2663374043000,7.832,5.133,-76.539
2663382985000,7.832,5.133,-76.539
2663393056000,7.832,4.772,-76.539
2663400777000,7.478,4.772,-76.539
2663414205000,7.478,4.772,-76.539
2663421651000,7.478,4.772,-76.539
2663433431000,7.112,4.414,-76.202
2663443013000,7.112,4.414,-76.202
2663452962000,7.112,4.414,-76.202
2663461110000,6.748,4.414,-76.202
2663473226000,6.748,4.04,-76.202
2663480794000,6.748,4.04,-76.202
2663494374000,6.352,4.04,-76.202
2663502950000,6.352,4.04,-75.881
2663512074000,6.352,3.715,-75.881
2663521687000,5.979,3.715,-75.881
2663533376000,5.979,3.715,-75.881
2663540852000,5.979,3.715,-75.881
2663554372000,5.587,3.335,-75.881
2663563252000,5.587,3.335,-75.881
2663571797000,5.587,3.335,-75.549
2663583241000,5.175,3.335,-75.549
2663593038000,5.175,3.004,-75.549
2663602986000,5.175,3.004,-75.549
2663613423000,4.743,3.004,-75.549
2663623311000,4.743,3.004,-75.17
2663634145000,4.743,3.004,-75.17
2663643025000,4.315,3.004,-75.17
2663653951000,4.315,3.004,-75.17
2663665395000,4.315,3.004,-74.729
2663674886000,3.932,3.004,-74.729
2663684499000,3.932,3.004,-74.729
2663694631000,3.932,3.004,-74.415
2663701955000,3.611,3.004,-74.415
2663713429000,3.611,3.004,-74.415
2663723409000,3.611,3.004,-74.05
2663733327000,3.611,3.004,-74.05
2663742238000,3.24,3.004,-74.05
2663753346000,3.24,3.004,-73.738
2663761128000,3.24,3.004,-73.738
2663770589000,3.24,3.004,-73.738
2663780568000,3.24,3.004,-73.388
2663790730000,2.868,3.346,-73.388
2663800557000,2.868,3.346,-73.388
2663810353000,2.868,3.346,-73.388
2663820363000,2.868,3.346,-73.008
2663830403000,2.868,3.346,-73.008
2663841359000,2.503,3.346,-73.008
2663850667000,2.503,3.346,-73.008
2663860616000,2.503,3.346,-73.008
2663874165000,2.503,3.346,-72.648
2663882863000,2.503,3.346,-72.648
2663892812000,2.169,3.666,-72.648
2663902821000,2.169,3.666,-72.648
2663914174000,2.169,3.666,-72.348
2663923390000,2.169,3.666,-72.348
2663934194000,2.169,3.666,-72.348
2663944051000,1.788,3.666,-72.348
2663954060000,1.788,3.666,-72.348
2663964040000,1.788,3.666,-72.019
2663974294000,1.788,3.666,-72.019
2663984212000,1.441,3.666,-72.019
2663993611000,1.441,3.666,-72.019
2664000844000,1.441,3.353,-72.019
2664013814000,1.441,3.353,-71.661
2664022084000,1.118,3.353,-71.661
2664034261000,1.118,3.353,-71.661
2664042348000,1.118,3.353,-71.661
2664054158000,1.118,3.353,-71.661
2664063222000,1.118,3.353,-71.333
2664074208000,0.81,3.353,-71.333
2664084065000,0.81,3.353,-71.333
2664093343000,0.81,3.353,-71.333
2664104207000,0.81,3.044,-71.333
2664112691000,0.81,3.044,-70.988
2664124288000,0.505,3.044,-70.988
2664134297000,0.505,3.044,-70.988
2664144307000,0.505,3.044,-70.988
2664154134000,0.505,3.044,-70.988
2664164357000,0.505,3.044,-70.651
2664174306000,0.505,2.722,-70.651
2664181569000,0.505,2.722,-70.651
2664194142000,0.505,2.722,-70.651
2664204030000,0.505,2.722,-70.651
2664213124000,0.505,2.722,-70.651
2664223042000,0.505,2.722,-70.326
2664232655000,0.505,2.722,-70.326
2664242391000,0.505,2.722,-70.326
2664253377000,0.505,2.722,-70.326
2664262837000,0.505,2.722,-70.326
2664273488000,0.505,2.722,-70.326
2664283620000,0.505,2.722,-69.97
2664292256000,0.505,2.722,-69.97
2664305013000,0.505,2.722,-69.97
2664313619000,0.505,2.722,-69.97
2664323171000,0.505,2.722,-69.97
2664333424000,0.505,2.722,-69.97
2664343221000,0.505,2.722,-69.97
2664352620000,0.505,2.722,-69.97
2664361562000,0.505,2.722,-69.97
2664374257000,0.505,2.722,-69.97
2664383077000,0.505,2.397,-69.97
2664392995000,0.505,2.397,-69.97
2664404225000,0.505,2.397,-69.97
2664413289000,0.505,2.397,-69.97
2664423238000,0.505,2.397,-69.97
2664433309000,0.505,2.397,-69.97
2664443288000,0.196,2.397,-69.97
2664454274000,0.196,2.397,-69.668
2664463277000,0.196,2.052,-69.668
2664473012000,0.196,2.052,-69.668
2664483754000,0.196,2.052,-69.668
2664495290000,-0.158,2.052,-69.668
2664505177000,-0.158,1.75,-69.668
2664515523000,-0.158,1.75,-69.668
2664523732000,-0.158,1.75,-69.668
2664531270000,-0.488,1.75,-69.668
2664543355000,-0.488,1.391,-69.668
2664553426000,-0.488,1.391,-69.668
2664563313000,-0.488,1.391,-69.668
2664573811000,-0.88,1.391,-69.668
2664583272000,-0.88,1.391,-69.668
2664593862000,-0.88,1.066,-69.668
2664603444000,-0.88,1.066,-69.668
2664613057000,-1.263,1.066,-69.668
2664623799000,-1.263,1.066,-69.668
2664634511000,-1.263,1.066,-69.668
2664643453000,-1.576,0.73,-69.668
2664653432000,-1.576,0.73,-69.668
2664663381000,-1.576,0.73,-69.668
2664673451000,-1.576,0.73,-69.668
2664684468000,-1.966,0.337,-69.668
2664692769000,-1.966,0.337,-69.668
2664703511000,-1.966,0.337,-69.668
2664712209000,-1.966,0.337,-69.668
2664723500000,-2.357,0.0,-69.668
2664734517000,-2.357,0.0,-69.668
2664743153000,-2.357,0.0,-69.668
2664753560000,-2.357,0.0,-69.668
2664762959000,-2.357,0.0,-69.668
2664772756000,-2.716,0.0,-69.668
2664782582000,-2.716,0.0,-69.668
2664791524000,-2.716,0.0,-69.668
2664801503000,-2.716,0.0,-69.668
2664812825000,-2.716,0.0,-69.668
2664823720000,-2.716,0.0,-69.978
2664834310000,-2.716,0.0,-69.978
2664843648000,-3.024,0.0,-69.978
2664854360000,-3.024,0.0,-69.978
2664863912000,-3.024,0.0,-69.978
2664873006000,-3.024,0.0,-69.978
2664884694000,-3.024,0.0,-69.978
2664892995000,-3.024,0.0,-69.978
2664903859000,-3.024,0.0,-69.978
2664913289000,-3.024,0.0,-69.978
2664923207000,-3.024,0.338,-69.978
2664932485000,-3.024,0.338,-69.978
2664943501000,-3.024,0.338,-69.978
2664954305000,-3.024,0.338,-69.978
2664964253000,-3.024,0.338,-69.978
2664973134000,-3.024,0.338,-69.978
2664984761000,-3.024,0.338,-69.978
2664993794000,-3.024,0.338,-69.978
2665003926000,-3.024,0.338,-69.978
2665013356000,-3.024,0.338,-69.978
2665023427000,-3.024,0.682,-69.978
2665032185000,-3.024,0.682,-69.978
2665042989000,-3.024,0.682,-69.978
2665054097000,-3.024,0.682,-69.978
2665063863000,-3.024,0.682,-69.978
2665073872000,-3.024,0.682,-69.978
2665084859000,-3.024,0.682,-69.978
2665094563000,-2.723,0.682,-69.978
2665105275000,-2.723,0.682,-69.978
2665113789000,-2.723,0.682,-69.978
2665123494000,-2.723,0.682,-69.978
2665134938000,-2.723,0.682,-69.978
2665143910000,-2.723,0.682,-69.978
2665153981000,-2.723,0.682,-69.978
2665162496000,-2.397,0.682,-69.978
2665173940000,-2.397,0.682,-69.978
2665184956000,-2.397,0.682,-69.978
2665192891000,-2.397,0.985,-69.978
2665204030000,-2.397,0.985,-69.978
2665214040000,-2.397,0.985,-69.978
2665224355000,-2.033,0.985,-69.677
2665235219000,-2.033,0.985,-69.677
2665244008000,-2.033,0.985,-69.677
2665254048000,-2.033,0.985,-69.677
2665264028000,-1.69,0.985,-69.677
2665274037000,-1.69,0.985,-69.677
2665283498000,-1.69,0.666,-69.677
2665293996000,-1.69,0.666,-69.677
2665305501000,-1.333,0.666,-69.677
2665314870000,-1.333,0.666,-69.677
2665322774000,-1.333,0.666,-69.677
2665333516000,-1.333,0.666,-69.677
2665344106000,-0.97,0.666,-69.677
2665353230000,-0.97,0.666,-69.677
2665363210000,-0.97,0.666,-69.677
2665374135000,-0.654,0.349,-69.677
2665385182000,-0.654,0.349,-69.677
2665394154000,-0.654,0.349,-69.677
2665404195000,-0.344,0.349,-69.358
2665413411000,-0.344,0.349,-69.358
2665424031000,-0.344,0.349,-69.358
2665435201000,-0.344,0.349,-69.358
2665444203000,0.045,0.349,-69.358
2665454244000,0.045,0.349,-69.358
2665464925000,0.045,0.349,-69.358
2665475026000,0.045,0.349,-69.358
2665482259000,0.395,0.349,-69.358
2665492391000,0.395,0.349,-69.358
2665503407000,0.395,0.349,-69.01
2665513692000,0.395,0.656,-69.01
2665524678000,0.395,0.656,-69.01
2665533955000,0.733,0.656,-69.01
2665543416000,0.733,0.656,-69.01
2665554372000,0.733,0.656,-69.01
2665564351000,0.733,0.656,-69.01
2665574361000,0.733,0.656,-69.01
2665584554000,0.733,0.968,-69.01
2665595601000,0.733,0.968,-69.01
2665603475000,0.733,0.968,-69.01
2665614278000,0.733,0.968,-69.01
2665624196000,0.733,0.968,-69.01
2665634847000,0.733,0.968,-69.01
2665644917000,0.733,0.968,-69.01
2665655660000,0.733,1.301,-69.01
2665666432000,0.733,1.301,-69.01
2665676381000,0.733,1.301,-69.01
2665686360000,0.733,1.301,-69.01
2665696340000,0.733,1.301,-69.01
2665706441000,0.733,1.301,-69.01
2665716390000,0.733,1.301,-69.01
2665724965000,0.733,1.618,-69.01
2665734456000,0.733,1.618,-69.01
2665744374000,1.057,1.618,-69.01
2665753499000,1.057,1.618,-69.01
2665764302000,1.057,1.618,-69.01
2665772725000,1.057,1.618,-69.01
2665784505000,1.057,1.618,-69.01
2665794454000,1.057,1.618,-69.01
2665804372000,1.057,1.947,-69.01
2665812489000,1.057,1.947,-69.01
2665822499000,1.057,1.947,-69.01
2665832753000,1.057,1.947,-69.01
2665844441000,1.057,1.947,-69.01
2665854360000,1.057,2.285,-69.01
2665864308000,1.057,2.285,-69.01
2665874318000,1.057,2.285,-69.01
2665884969000,1.057,2.667,-69.01
2665894338000,1.057,2.667,-69.01
2665905080000,1.057,2.667,-69.01
2665916676000,1.057,3.091,-69.01
2665926534000,1.057,3.091,-69.01
2665936635000,1.057,3.408,-69.01
2665946553000,1.057,3.408,-69.01
2665956777000,1.057,3.752,-69.01
2665966634000,1.057,3.752,-69.01
2665973561000,1.057,4.116,-69.01
2665985372000,1.057,4.116,-69.01
2665993947000,1.057,4.666,-69.01
2666003987000,1.057,4.666,-69.01
2666014363000,1.057,5.087,-69.01
2666024251000,1.057,5.087,-69.01
2666034200000,0.753,5.087,-69.01
2666044331000,0.753,5.087,-69.311
2666055013000,0.753,5.525,-69.311
2666066792000,0.753,5.525,-69.311
2666075581000,0.753,5.828,-69.311
2666083028000,0.753,5.828,-69.311
2666094289000,0.753,5.828,-69.311
2666104360000,0.753,6.259,-69.311
2666114339000,0.753,6.259,-69.311
2666124379000,0.753,6.259,-69.636
2666135335000,0.753,6.735,-69.636
2666145101000,0.419,6.735,-69.636
2666154408000,0.419,6.735,-69.636
2666164296000,0.419,7.176,-69.636
2666174275000,0.419,7.176,-69.973
2666184773000,0.419,7.176,-69.973
2666194234000,0.419,7.514,-69.973
2666204244000,0.419,7.514,-69.973
2666214314000,0.419,7.514,-69.973
2666225057000,0.419,7.884,-70.329
2666233663000,0.419,7.884,-70.329
2666244283000,0.106,7.884,-70.329
2666254201000,0.106,8.314,-70.329
2666264302000,0.106,8.314,-70.654
2666274281000,0.106,8.314,-70.654
2666285329000,0.106,8.731,-70.654
2666294515000,0.106,8.731,-70.654
2666304311000,0.106,8.731,-70.654
2666314259000,0.106,9.034,-70.654
2666324330000,0.106,9.034,-71.008
2666335347000,0.106,9.034,-71.008
2666344441000,0.106,9.034,-71.008
2666354360000,0.43,9.034,-71.008
2666364430000,0.43,9.034,-71.008
2666374288000,0.43,9.346,-71.008
2666384206000,0.43,9.346,-71.366
2666394277000,0.741,9.346,-71.366
2666404378000,0.741,9.346,-71.366
2666414266000,0.741,9.346,-71.366
2666424275000,0.741,9.346,-71.366
2666433736000,1.135,9.346,-71.768
2666444234000,1.135,9.346,-71.768
2666455800000,1.135,9.346,-71.768
2666467183000,1.135,9.346,-71.768
2666475820000,1.525,9.346,-72.134
2666483174000,1.525,9.346,-72.134
2666494313000,1.525,9.346,-72.134
2666505818000,1.838,9.346,-72.511
2666513234000,1.838,9.346,-72.511
2666524342000,1.838,9.346,-72.511
2666534505000,2.156,9.346,-72.846
2666544331000,2.156,9.686,-72.846
2666554189000,2.156,9.686,-72.846
2666564351000,2.156,9.686,-73.165
2666574269000,2.54,9.686,-73.165
2666584859000,2.54,9.686,-73.165
2666594258000,2.54,9.686,-73.518
2666604329000,2.54,9.686,-73.518
2666614308000,2.54,9.997,-73.518
2666624318000,2.897,9.997,-73.944
2666635335000,2.897,9.997,-73.944
2666644978000,2.897,9.997,-73.944
2666655690000,2.897,9.997,-74.267
2666667348000,2.897,9.997,-74.267
2666677480000,3.208,9.997,-74.267
2666687367000,3.208,9.997,-74.684
2666694661000,3.208,9.997,-74.684
2666704060000,3.208,9.997,-74.684
2666714192000,3.208,9.997,-75.057
2666724294000,3.208,9.997,-75.057
2666734181000,3.208,9.997,-75.057
2666744252000,3.208,9.997,-75.482
2666753743000,3.208,9.997,-75.482
2666764180000,3.208,9.997,-75.482
2666774617000,3.536,9.997,-75.903
2666784139000,3.536,9.672,-75.903
2666795766000,3.536,9.672,-75.903
2666807485000,3.536,9.672,-76.333
2666816335000,3.536,9.672,-76.333
2666824239000,3.845,9.672,-76.333
2666835042000,3.845,9.672,-76.637
2666845113000,3.845,9.672,-76.637
2666855031000,3.845,9.672,-76.637
2666864674000,3.845,9.274,-76.982
2666875356000,4.183,9.274,-76.982
2666884358000,4.183,8.934,-76.982
2666895772000,4.183,8.934,-77.301
2666904286000,4.183,8.622,-77.301
2666914205000,4.183,8.622,-77.301
2666924489000,4.183,8.302,-77.694
2666934346000,4.183,8.302,-77.694
2666944234000,4.49,8.302,-77.694
2666954335000,4.49,7.91,-78.083
2666964345000,4.49,7.91,-78.083
2666975331000,4.49,7.91,-78.083
2666984273000,4.49,7.91,-78.512
2666995015000,4.49,7.553,-78.512
2667006459000,4.49,7.553,-78.512
2667017598000,4.49,7.553,-78.929
2667024342000,4.49,7.553,-78.929
2667035054000,4.49,7.553,-78.929
2667044362000,4.49,7.553,-79.237
2667054311000,4.49,7.553,-79.237
2667064320000,4.49,7.553,-79.237
2667075368000,4.49,7.553,-79.566
2667085164000,4.49,7.553,-79.566
2667096547000,4.49,7.868,-79.566
2667107808000,4.49,7.868,-79.566
2667117879000,4.49,7.868,-79.965
2667125569000,4.49,7.868,-79.965
2667135274000,4.49,8.183,-79.965
2667145345000,4.49,8.183,-79.965
2667154958000,4.49,8.183,-80.354
2667165334000,4.49,8.183,-80.354
2667174611000,4.49,8.183,-80.354
2667185292000,4.49,8.183,-80.354
2667196065000,4.49,8.183,-80.693
2667206014000,4.49,8.183,-80.693
2667216023000,4.187,8.183,-80.693
2667225575000,4.187,8.183,-81.021
2667235249000,4.187,8.183,-81.021
2667244954000,4.187,8.183,-81.021
2667254994000,4.187,8.183,-81.344
2667264974000,4.187,8.183,-81.344
2667274983000,4.187,7.827,-81.344
2667285115000,4.187,7.827,-81.344
2667294942000,4.187,7.827,-81.344
2667306416000,4.187,7.49,-81.721
2667317952000,4.187,7.49,-81.721
2667327870000,4.187,7.49,-81.721
2667337941000,4.187,7.151,-81.721
2667347920000,4.187,7.151,-81.721
2667358022000,4.187,7.151,-82.09
2667365743000,4.187,7.151,-82.09
2667374379000,4.187,6.825,-82.09
2667384450000,4.505,6.825,-82.09
2667395009000,4.505,6.825,-82.09
2667405019000,4.505,6.825,-82.453
2667414967000,4.505,6.523,-82.453
2667425435000,4.505,6.523,-82.453
2667434987000,4.505,6.523,-82.453
2667444997000,4.505,6.523,-82.453
2667455830000,4.505,6.14,-82.786
2667467244000,4.505,6.14,-82.786
2667476582000,4.505,6.14,-82.786
2667485707000,4.859,6.14,-83.123
2667496877000,4.859,5.735,-83.123
2667507588000,4.859,5.735,-83.123
2667516622000,4.859,5.735,-83.123
2667525136000,5.221,5.343,-83.442
2667536061000,5.221,5.343,-83.442
2667544270000,5.221,5.343,-83.442
2667554646000,5.221,4.977,-83.442
2667566121000,5.622,4.977,-83.755
2667576619000,5.622,4.977,-83.755
2667586537000,5.622,4.592,-83.755
2667595937000,5.996,4.592,-83.755
2667606252000,5.996,4.592,-83.755
2667616292000,5.996,4.273,-84.086
2667626149000,6.414,4.273,-84.086
2667637776000,6.414,4.273,-84.086
2667647847000,6.414,4.273,-84.086
2667658315000,6.803,3.915,-84.086
2667668172000,6.803,3.915,-84.086
2667678212000,6.803,3.915,-84.086
2667688252000,6.803,3.48,-84.086
2667698232000,7.141,3.48,-84.086
2667705647000,7.141,3.141,-84.086
2667716176000,7.141,3.141,-84.086
2667726460000,7.141,1.829,-84.414
2667736501000,7.141,0.755,-84.414
2667746510000,7.141,0.196,-84.414
2667756917000,7.141,-0.276,-84.414
2667766164000,7.141,-0.808,-84.414
2667776204000,7.141,-1.245,-84.414
2667784413000,7.141,-1.657,-84.414
2667796285000,7.141,-1.657,-84.414
2667806600000,7.141,-1.657,-84.414
2667815663000,7.141,-1.657,-84.414
2667826619000,7.141,-2.015,-84.414
2667836720000,7.141,-2.618,-84.414
2667844411000,6.826,-2.618,-84.414
2667854421000,6.826,-2.618,-84.414
2667866689000,6.826,-3.117,-84.414
2667876576000,6.826,-3.117,-84.414
2667886952000,6.419,-3.117,-84.414
2667895375000,6.419,-3.117,-84.414
2667907094000,6.419,-3.842,-84.414
2667915975000,6.098,-4.267,-84.414
2667926198000,6.098,-4.64,-84.414
2667934743000,6.098,-4.953,-84.103
2667944539000,6.098,-5.462,-84.103
2667954549000,5.715,-5.462,-84.103
2667964772000,5.715,-5.879,-84.103
2667974355000,5.715,-6.282,-84.103
2667984395000,5.715,-6.282,-84.103
2667994374000,5.715,-6.282,-83.802
2668004353000,5.357,-6.282,-83.802
2668014638000,5.357,-6.282,-83.802
2668024281000,5.357,-6.282,-83.802
2668034291000,5.357,-6.605,-83.802
2668044301000,5.357,-6.605,-83.802
2668054311000,5.357,-6.605,-83.802
2668064320000,5.035,-6.605,-83.802
2668074300000,5.035,-7.048,-83.486
2668084310000,5.035,-7.048,-83.486
2668096791000,5.035,-7.383,-83.486
2668108785000,5.035,-7.383,-83.486
2668119252000,5.035,-7.383,-83.486
2668130086000,5.035,-7.742,-83.486
2668139577000,5.035,-7.742,-83.486
2668150441000,5.035,-7.742,-83.486
2668158864000,5.035,-7.742,-83.486
2668165456000,4.73,-7.742,-83.486
2668176900000,4.73,-7.742,-83.486
2668188649000,4.73,-7.742,-83.486
2668197774000,4.73,-7.742,-83.486
2668208852000,4.73,-7.742,-83.486
2668218739000,4.73,-7.742,-83.148
2668227284000,4.73,-7.742,-83.148
2668234761000,4.73,-7.742,-83.148
2668245625000,4.73,-7.742,-83.148
2668257192000,4.73,-7.742,-83.148
2668267171000,4.415,-7.742,-83.148
2668277150000,4.415,-7.38,-82.827
2668286946000,4.415,-7.38,-82.827
2668296803000,4.415,-7.38,-82.827
2668307210000,4.415,-7.38,-82.827
2668317525000,4.415,-7.38,-82.827
2668327351000,4.064,-7.38,-82.466
2668337026000,4.064,-7.38,-82.466
2668347402000,4.064,-7.38,-82.466
2668357228000,4.064,-7.38,-82.06
2668367604000,4.064,-7.38,-82.06
2668377522000,4.064,-7.078,-82.06
2668387166000,4.064,-7.078,-81.666
2668397237000,4.064,-7.078,-81.666
2668407582000,4.064,-7.078,-81.666
2668417470000,3.758,-7.078,-81.291
2668427541000,3.758,-7.078,-81.291
2668437062000,3.758,-7.078,-81.291
2668446248000,3.758,-7.078,-80.886
2668457570000,3.758,-7.078,-80.886
2668467122000,3.758,-7.406,-80.886
2668477132000,3.758,-7.406,-80.436
2668485188000,3.758,-7.406,-80.436
2668495046000,3.758,-7.406,-80.436
2668507497000,3.758,-7.406,-79.988
2668517598000,3.758,-7.406,-79.988
2668527516000,3.758,-7.406,-79.988
2668538930000,3.758,-7.406,-79.595
2668546346000,3.758,-7.406,-79.595
2668557515000,3.758,-7.406,-79.595
2668567616000,3.758,-7.406,-79.292
2668577535000,3.758,-7.762,-79.292
2668585164000,3.758,-7.762,-79.292
2668595723000,3.758,-7.762,-78.91
2668606160000,3.758,-7.762,-78.91
2668617207000,3.758,-7.762,-78.91
2668627767000,3.758,-8.134,-78.536
2668637654000,3.758,-8.134,-78.536
2668649007000,3.758,-8.134,-78.536
2668658193000,3.758,-8.134,-78.195
2668667592000,3.758,-8.488,-78.195
2668679402000,3.758,-8.488,-78.195
2668688252000,3.758,-8.488,-77.861
2668698201000,3.758,-8.488,-77.861
2668709035000,3.758,-8.488,-77.861
2668717671000,3.758,-8.488,-77.455
2668729115000,3.758,-8.816,-77.455
2668737721000,3.758,-8.816,-77.455
2668748219000,3.758,-8.816,-77.105
2668758443000,3.758,-8.816,-77.105
2668768605000,3.758,-8.816,-77.105
2668778890000,3.758,-8.816,-76.678
2668786183000,3.758,-8.816,-76.678
2668799001000,3.758,-8.816,-76.678
2668807546000,3.758,-8.816,-76.234
2668816609000,3.758,-8.816,-76.234
2668828114000,3.758,-8.816,-75.914
2668837361000,3.758,-8.816,-75.914
2668847188000,3.758,-8.479,-75.602
2668857594000,3.758,-8.479,-75.602
2668865651000,3.758,-8.479,-75.253
2668878163000,3.758,-8.479,-75.253
2668887258000,3.758,-8.479,-74.891
2668897359000,3.758,-8.479,-74.891
2668907460000,3.758,-8.479,-74.572
2668917195000,3.407,-8.479,-74.572
2668928243000,3.407,-8.479,-74.2
2668936391000,3.407,-8.792,-74.2
2668948384000,3.086,-8.792,-73.854
2668958211000,3.086,-8.792,-73.854
2668968282000,3.086,-8.792,-73.507
2668978322000,2.716,-8.792,-73.507
2668988515000,2.716,-9.098,-73.507
2668997609000,2.716,-9.098,-73.091
2669007893000,2.304,-9.098,-73.091
2669018605000,2.304,-9.098,-73.091
2669029500000,2.304,-9.407,-72.695
2669038381000,1.869,-9.407,-72.695
2669048360000,1.869,-9.407,-72.695
2669056661000,1.869,-9.407,-72.32
2669068379000,1.42,-9.407,-72.32
2669078389000,1.42,-9.407,-72.32
2669087758000,1.42,-9.407,-72.003
2669098378000,0.991,-9.407,-72.003
2669108418000,0.991,-9.407,-72.003
2669118459000,0.991,-9.715,-71.656
2669128468000,0.683,-9.715,-71.656
2669138448000,0.683,-9.715,-71.656
2669148427000,0.683,-9.715,-71.301
2669159718000,0.683,-9.715,-71.301
2669167958000,0.337,-9.715,-71.301
2669178517000,0.337,-9.715,-70.95
2669188588000,0.337,-9.715,-70.95
2669198689000,0.337,-9.715,-70.95
2669208547000,0.027,-9.715,-70.645
2669217153000,0.027,-10.038,-70.645
2669227742000,0.027,-10.038,-70.645
2669238606000,0.027,-10.038,-70.645
2669248586000,0.027,-10.038,-70.266
2669258595000,0.027,-10.038,-70.266
2669268269000,-0.305,-10.038,-70.266
2669278554000,-0.305,-10.038,-70.266
2669288564000,-0.305,-10.038,-70.266
2669298634000,-0.305,-9.675,-69.95
2669308614000,-0.305,-9.675,-69.95
2669318593000,-0.305,-9.675,-69.95
2669328847000,-0.645,-9.344,-69.95
2669336629000,-0.645,-9.344,-69.95
2669348622000,-0.645,-9.344,-69.95
2669358632000,-0.645,-8.9,-69.95
2669368703000,-0.645,-8.9,-69.95
2669378896000,-0.645,-8.523,-69.95
2669388661000,-0.645,-8.015,-69.95
2669398854000,-0.985,-7.696,-69.95
2669409108000,-0.985,-7.368,-69.95
2669419301000,-0.985,-7.368,-69.95
2669430715000,-0.985,-7.368,-69.95
2669440785000,-0.985,-7.368,-69.95
2669450765000,-1.373,-7.368,-69.95
2669460347000,-1.373,-7.368,-69.95
2669469869000,-1.373,-7.051,-69.95
2669477925000,-1.373,-7.051,-69.95
2669487447000,-1.718,-7.051,-69.95
2669498830000,-1.718,-7.051,-69.95
2669508382000,-1.718,-7.051,-69.95
2669518819000,-1.718,-7.051,-69.645
2669528340000,-1.718,-6.739,-69.645
2669538899000,-1.718,-6.739,-69.645
2669548787000,-2.026,-6.739,-69.645
2669558644000,-2.026,-6.739,-69.645
2669568837000,-2.026,-6.739,-69.645
2669578847000,-2.026,-6.739,-69.645
2669586720000,-2.026,-6.739,-69.645
2669598897000,-2.026,-6.739,-69.645
2669608968000,-2.026,-6.739,-69.645
2669618947000,-2.026,-6.739,-69.645
2669626882000,-2.026,-7.092,-69.645
2669637532000,-2.026,-7.092,-69.645
2669646291000,-1.664,-7.092,-69.645
2669659108000,-1.664,-7.092,-69.645
2669668538000,-1.664,-7.092,-69.645
2669678548000,-1.258,-7.092,-69.645
2669688619000,-1.258,-7.092,-69.645
2669697438000,-0.952,-7.092,-69.645
2669708608000,-0.952,-7.092,-69.645
2669719014000,-0.952,-7.092,-69.645
2669728658000,-0.502,-7.092,-69.645
2669739278000,-0.502,-7.092,-69.645
2669748280000,-0.502,-7.092,-69.645
2669757039000,-0.082,-7.092,-69.645
2669766957000,-0.082,-7.092,-69.645
2669776265000,-0.082,-7.092,-69.645
2669788197000,0.27,-7.092,-69.645
2669799123000,0.27,-7.092,-69.645
2669808675000,0.27,-7.092,-69.645
2669819142000,0.697,-7.092,-69.645
2669829122000,0.697,-6.732,-69.645
2669837575000,1.016,-6.732,-69.645
2669846333000,1.016,-6.732,-69.645
2669856313000,1.358,-6.402,-69.949
2669866994000,1.358,-6.402,-69.949
2669878285000,1.678,-6.402,-69.949
2669889211000,1.678,-6.047,-69.949
2669898793000,2.04,-6.047,-70.288
2669907277000,2.04,-5.743,-70.288
2669919576000,2.43,-5.743,-70.288
2669929189000,2.876,-5.393,-70.288
2669936452000,3.292,-5.393,-70.616
2669949269000,3.912,-4.943,-70.616
2669957082000,4.438,-3.81,-70.616
2669969228000,4.438,-3.392,-70.616
2669978871000,4.83,-2.658,-70.959
2669989308000,4.83,-2.342,-70.959
2669997945000,5.241,-2.342,-70.959
2670007283000,5.241,-1.644,-70.959
2670017079000,5.551,-1.644,-71.321
2670026448000,5.551,-1.644,-71.321
2670036458000,5.88,-1.644,-71.321
2670046651000,5.88,-1.644,-71.321
2670056813000,5.88,-1.316,-71.636
2670067098000,5.88,-1.316,-71.636
2670077260000,5.88,-1.316,-71.636
2670087178000,6.298,-1.316,-71.636
2670097615000,6.298,-1.316,-71.943
2670107015000,6.634,-1.316,-71.943
2670116567000,6.634,-0.862,-71.943
2670127583000,6.935,-0.862,-72.288
2670139119000,6.935,-0.395,-72.288
2670146596000,6.935,-0.395,-72.288
2670159078000,7.289,0.07,-72.288
2670169026000,7.289,0.547,-72.673
2670178975000,7.289,1.074,-72.673
2670189107000,7.655,1.615,-72.673
2670199696000,7.655,1.98,-72.673
2670209523000,7.655,1.98,-73.031
2670218862000,8.059,2.365,-73.031
2670228688000,8.059,2.801,-73.031
2670239613000,8.059,2.801,-73.031
2670247151000,8.505,3.282,-73.376
2670257771000,8.505,3.282,-73.376
2670266774000,8.505,3.654,-73.376
2670279775000,8.929,3.654,-73.376
2670288381000,8.929,4.016,-73.747
2670296864000,8.929,4.016,-73.747
2670307240000,9.309,4.458,-73.747
2670319203000,9.309,5.087,-73.747
2670328023000,9.309,5.484,-74.069
2670337209000,9.657,6.364,-74.069
2670347341000,9.657,6.99,-74.069
2670358601000,9.657,7.667,-74.069
2670367360000,9.985,8.381,-74.069
2670377370000,9.985,9.089,-74.069
2670388204000,9.985,9.803,-74.406
2670396901000,9.985,10.241,-74.406
2670406850000,10.362,10.545,-74.406
2670416799000,10.362,10.882,-74.406
2670429677000,10.362,11.738,-74.406
2670437734000,10.362,11.738,-74.406
2670448140000,10.362,12.748,-74.406
2670457723000,10.362,13.635,-74.725
2670468465000,10.362,14.329,-74.725
2670478444000,10.362,15.052,-74.725
2670486958000,10.362,15.391,-74.725
2670496907000,10.687,15.737,-74.725
2670506917000,10.687,16.131,-74.725
2670516988000,10.687,16.131,-74.725
2670526753000,10.687,16.735,-74.725
2670536885000,10.687,17.205,-74.725
2670547810000,10.687,17.668,-74.725
2670558705000,10.687,18.402,-74.725
2670570180000,10.687,19.486,-74.725
2670580434000,10.687,19.847,-74.725
2670588002000,10.687,20.547,-74.725
2670598531000,10.687,21.313,-74.725
2670609395000,10.687,21.678,-74.725
2670619862000,10.687,21.99,-74.725
2670628377000,10.687,22.308,-74.725
2670639943000,10.687,22.308,-74.725
2670649373000,10.687,22.747,-74.42
2670659810000,10.687,23.069,-74.42
2670667287000,10.687,23.069,-74.42
2670677174000,11.01,23.069,-74.081
2670687276000,11.01,23.655,-74.081
2670697255000,11.01,23.655,-74.081
2670707631000,11.01,23.655,-73.748
2670717641000,11.01,23.655,-73.748
2670727528000,11.01,23.655,-73.748
2670737721000,11.01,23.655,-73.403
2670747334000,11.01,23.655,-73.403
2670756886000,11.01,23.655,-73.403
2670766835000,11.361,23.655,-73.083
2670778981000,11.361,23.655,-73.083
2670788167000,11.361,23.655,-73.083
2670798940000,11.361,23.977,-73.083
2670808492000,11.361,23.977,-73.083
2670817647000,11.361,23.977,-73.083
2670827107000,11.361,23.977,-73.083
2670837148000,11.361,23.977,-73.083
2670847218000,11.361,23.977,-73.083
2670859273000,11.361,23.977,-73.083
2670870412000,11.361,23.977,-73.083
2670880361000,11.361,23.977,-73.405
2670888448000,10.995,23.977,-73.405
2670899617000,10.995,23.977,-73.405
2670908620000,10.995,23.977,-73.799
2670920705000,10.995,23.556,-73.799
2670928822000,10.995,23.556,-74.127
2670937612000,10.995,23.24,-74.127
2670947804000,10.995,23.24,-74.127
2670960256000,10.995,22.894,-74.536
2670967732000,10.995,22.894,-74.536
2670980275000,10.684,22.145,-74.536
2670987752000,10.684,21.463,-74.942
2671000173000,10.684,20.414,-74.942
2671009358000,10.684,19.375,-75.253
2671017476000,10.684,18.196,-75.253
2671029073000,10.684,17.501,-75.671
2671039906000,10.684,16.735,-76.078
2671049519000,10.684,16.368,-76.078
2671057607000,10.684,15.995,-76.667
2671070455000,10.684,15.995,-76.667
2671080312000,10.684,15.995,-76.667
2671089803000,10.684,15.995,-76.667
2671099904000,10.684,15.269,-76.667
2671108571000,11.047,15.643,-76.667
2671119710000,11.882,15.06,-76.667
2671128835000,12.873,15.597,-76.989
2671138692000,13.415,15.597,-76.989
2671149190000,13.415,15.219,-76.989
2671158803000,13.415,14.613,-76.989
2671167745000,13.415,14.613,-76.989
2671179494000,13.415,14.613,-77.313
2671189229000,13.415,14.613,-77.313
2671199269000,13.415,14.613,-77.313
2671208119000,13.415,14.613,-77.313
2671219075000,13.415,14.613,-77.313
2671230245000,13.415,14.311,-77.313
2671237752000,13.415,14.311,-77.313
2671248891000,13.745,14.311,-77.313
2671260152000,13.745,14.311,-77.313
2671268849000,14.099,14.311,-77.313
2671278645000,14.099,14.311,-77.313
2671290578000,14.099,14.311,-77.313
2671297810000,14.497,14.311,-77.0
2671308858000,14.497,14.311,-77.0
2671318379000,14.497,14.311,-77.0
2671330220000,14.497,14.311,-77.0
2671340749000,14.497,14.311,-77.0
2671348927000,14.497,14.311,-77.0
2671360768000,14.814,14.311,-77.0
2671368855000,14.814,14.311,-77.0
2671380513000,14.814,14.674,-77.0
2671388783000,14.814,14.674,-77.0
2671400563000,14.814,15.025,-77.0
2671411214000,14.814,15.025,-77.0
2671419667000,14.814,15.357,-77.0
2671430226000,15.126,15.357,-76.67
2671440724000,15.126,15.357,-76.67
2671449757000,15.126,15.734,-76.67
2671460164000,15.126,15.734,-76.67
2671470265000,15.126,15.734,-76.67
2671479054000,15.126,15.734,-76.67
2671487843000,15.438,16.055,-76.67
2671497975000,15.438,16.055,-76.67
2671507893000,15.438,16.055,-76.356
2671517903000,15.438,16.055,-76.356
2671527669000,15.438,16.055,-76.356
2671537923000,15.438,16.395,-76.356
2671547749000,15.438,16.395,-76.356
2671559132000,15.438,16.395,-76.356
2671567647000,15.438,16.395,-76.356
2671577626000,15.438,16.395,-76.356
2671587666000,15.757,16.395,-76.356
2671597646000,15.757,16.395,-76.356
2671607686000,15.757,16.395,-76.356
2671617665000,15.757,16.395,-76.356
2671627736000,15.757,16.395,-76.356
