2658775533000,-26.258,85.19,-32.557,-20.617,96.801,42.005
2658785512000,-26.258,85.19,-32.557,-20.617,96.801,42.005
2658795522000,-26.258,85.19,-32.557,-20.617,96.801,42.005
2658805531000,-26.258,85.19,-32.557,-20.617,96.801,42.005
2658815541000,-26.258,85.19,-32.557,-20.617,96.801,42.005
2658825551000,-26.258,85.19,-32.557,-20.617,96.801,42.005
2658835530000,-26.258,85.19,-32.557,-20.617,96.801,42.005
2658845540000,-26.258,84.868,-32.557,-20.617,96.801,42.005
2658855580000,-26.258,84.868,-32.557,-20.617,96.801,42.005
2658865590000,-26.258,84.868,-32.232,-20.617,96.801,42.005
2658879323000,-26.258,84.868,-32.232,-20.617,96.801,42.005
2658890981000,-26.258,84.868,-32.232,-20.617,96.801,42.005
2658899434000,-26.258,84.868,-32.232,-20.617,96.801,42.005
2658906911000,-25.901,84.868,-32.232,-20.617,96.801,42.005
2658919759000,-25.901,84.868,-32.232,-20.617,96.801,42.005
2658929707000,-25.901,84.868,-32.232,-20.617,96.801,42.005
2658939656000,-25.901,84.538,-32.232,-20.617,96.801,42.005
2658949239000,-25.53,84.538,-32.232,-20.617,96.801,42.005
2658959676000,-25.53,84.538,-32.232,-20.617,96.801,42.005
2658969594000,-25.53,84.538,-32.232,-20.617,96.801,42.005
2658979695000,-25.53,84.538,-32.232,-20.617,96.801,42.005
2658986958000,-25.168,84.178,-32.232,-20.617,96.801,42.005
2658999532000,-25.168,84.178,-32.232,-20.617,96.801,42.005
2659007710000,-25.168,84.178,-32.232,-20.617,96.801,42.005
2659019338000,-25.168,84.178,-32.232,-20.617,96.801,42.005
2659029500000,-25.168,83.842,-32.232,-20.617,96.801,42.005
2659039388000,-25.168,83.842,-32.232,-20.617,96.801,42.005
2659049672000,-25.168,83.842,-32.232,-20.617,96.801,42.005
2659058492000,-25.168,83.842,-32.232,-20.617,96.801,42.005
2659069081000,-24.834,83.479,-32.232,-20.617,96.801,42.005
2659076558000,-24.834,83.479,-32.232,-20.617,96.801,42.005
2659089345000,-24.834,83.479,-32.232,-20.617,96.801,42.005
2659096974000,-24.834,83.479,-32.232,-20.617,96.801,42.005
2659109700000,-24.834,83.13,-32.232,-20.617,96.801,42.005
2659118367000,-24.834,83.13,-32.232,-20.617,96.801,42.005
2659129933000,-24.834,83.13,-32.232,-20.617,96.801,42.005
2659139516000,-24.834,82.824,-32.232,-20.617,96.801,42.005
2659149037000,-24.834,82.824,-32.232,-20.617,96.801,42.005
2659159017000,-24.834,82.824,-32.232,-20.617,96.801,42.005
2659169057000,-24.834,82.824,-32.232,-20.617,96.801,42.005
2659180318000,-24.834,82.502,-32.232,-20.617,96.801,42.005
2659189107000,-24.834,82.502,-32.232,-20.617,96.801,42.005
2659200307000,-24.834,82.502,-32.232,-20.617,96.801,42.005
2659210225000,-24.834,82.502,-31.931,-20.617,96.801,42.005
2659219045000,-24.834,82.177,-31.931,-20.617,96.801,42.005
2659229024000,-24.834,82.177,-31.931,-20.617,96.801,42.005
2659239125000,-24.834,82.177,-31.931,-20.617,96.801,42.005
2659250356000,-24.834,82.177,-31.931,-20.617,96.801,42.005
2659260274000,-24.834,82.177,-31.931,-20.617,96.801,42.005
2659270223000,-24.834,81.825,-31.931,-20.617,96.801,42.005
2659278737000,-24.834,81.825,-31.931,-20.617,96.801,42.005
2659289357000,-24.834,81.825,-31.931,-20.617,96.801,42.005
2659299184000,-24.834,81.825,-31.931,-20.617,96.801,42.005
2659309194000,-24.834,81.825,-31.931,-20.617,96.801,42.005
2659319203000,-24.834,81.825,-31.931,-20.617,96.801,42.005
2659329183000,-24.834,81.494,-31.614,-20.617,96.801,42.005
2659338826000,-24.834,81.494,-31.614,-20.617,96.801,42.005
2659346944000,-24.834,81.494,-31.614,-20.617,96.801,42.005
2659359242000,-24.834,81.494,-31.614,-20.617,96.801,42.005
2659367757000,-24.834,81.494,-31.614,-20.617,96.801,42.005
2659379231000,-24.834,81.494,-31.614,-20.617,96.801,42.005
2659389272000,-24.834,81.494,-31.614,-20.617,96.801,42.005
2659396504000,-24.834,81.494,-31.614,-20.617,96.801,42.005
2659409261000,-24.834,81.494,-31.614,-20.617,96.801,42.005
2659419301000,-24.834,81.494,-31.305,-20.617,96.801,42.005
2659429311000,-24.834,81.494,-31.305,-20.617,96.801,42.005
2659436543000,-24.834,81.494,-31.305,-20.617,96.801,42.005
2659446462000,-24.834,81.494,-31.305,-20.617,96.801,42.005
2659456471000,-24.834,81.494,-31.305,-20.617,96.801,42.005
2659466725000,-24.834,81.494,-31.305,-20.617,96.801,42.005
2659476521000,-24.834,81.494,-31.305,-20.617,96.801,42.005
2659487264000,-24.834,81.494,-31.002,-20.617,96.801,42.005
2659496236000,-24.834,81.494,-31.002,-20.617,96.801,42.005
2659506215000,-24.834,81.494,-31.002,-20.617,96.801,42.005
2659516225000,-24.834,81.494,-31.002,-20.617,96.801,42.005
2659526204000,-24.834,81.494,-31.002,-20.617,96.801,42.005
2659536214000,-24.834,81.494,-31.002,-20.617,96.801,42.005
2659546193000,-24.834,81.494,-31.002,-20.617,96.801,42.005
2659556233000,-24.474,81.494,-31.002,-20.617,96.801,42.005
2659566213000,-24.474,81.842,-31.002,-20.617,96.801,42.005
2659576222000,-24.474,81.842,-30.645,-20.617,96.801,42.005
2659586476000,-24.146,81.842,-30.645,-20.617,96.801,42.005
2659596547000,-24.146,81.842,-30.645,-20.617,96.801,42.005
2659611195000,-23.825,81.842,-30.645,-20.617,96.801,42.005
2659620076000,-23.825,82.167,-30.645,-20.617,96.801,42.005
2659630177000,-23.439,82.167,-30.335,-20.617,96.801,42.005
2659639150000,-23.439,82.167,-30.335,-20.617,96.801,42.005
2659649709000,-22.719,82.167,-30.335,-20.617,96.801,42.005
2659660664000,-22.371,82.167,-30.335,-20.617,96.801,42.005
2659670644000,-21.988,82.167,-30.036,-20.617,96.801,42.005
2659680653000,-21.669,82.167,-30.036,-20.617,96.801,42.005
2659690663000,-21.669,82.167,-30.036,-20.617,96.801,42.005
2659700704000,-21.369,82.167,-30.036,-20.617,96.801,42.005
2659710652000,-21.369,82.167,-29.674,-20.617,96.801,42.005
2659719136000,-20.951,82.167,-29.674,-20.617,96.801,42.005
2659728902000,-20.951,82.167,-29.674,-20.617,96.801,42.005
2659737111000,-20.951,82.167,-29.372,-20.617,96.801,42.005
2659747121000,-20.951,82.167,-29.372,-20.617,96.801,42.005
2659759664000,-20.604,82.502,-29.372,-20.617,96.801,42.005
2659770528000,-20.604,82.502,-29.064,-20.617,96.801,42.005
2659780538000,-20.256,82.502,-29.064,-20.617,96.801,42.005
2659790120000,-20.256,82.502,-29.064,-20.617,96.801,42.005
2659799642000,-19.87,82.502,-29.064,-20.617,96.801,42.005
2659809651000,-19.87,82.502,-28.745,-20.617,96.801,42.005
2659819692000,-19.87,82.502,-28.745,-20.617,96.801,42.005
2659831136000,-19.433,82.811,-28.745,-20.617,96.801,42.005
2659839681000,-19.433,82.811,-28.443,-20.617,96.801,42.005
2659849690000,-19.433,82.811,-28.443,-20.617,96.801,42.005
2659858357000,-19.122,82.811,-28.443,-20.617,96.801,42.005
2659871327000,-19.122,82.811,-28.132,-20.617,96.801,42.005
2659881154000,-19.122,82.811,-28.132,-20.617,96.801,42.005
2659889790000,-19.122,82.811,-28.132,-20.617,96.801,42.005
2659901265000,-19.122,82.811,-28.132,-20.617,96.801,42.005
2659907002000,-18.77,82.811,-27.721,-20.617,96.801,42.005
2659919820000,-18.77,82.811,-27.721,-20.617,96.801,42.005
2659928670000,-18.77,82.811,-27.721,-20.617,96.801,42.005
2659939778000,-18.77,82.811,-27.721,-20.617,96.801,42.005
2659949757000,-18.77,82.811,-27.721,-20.617,96.801,42.005
2659959706000,-18.77,82.475,-27.323,-20.617,96.801,42.005
2659969777000,-18.77,82.475,-27.323,-20.617,96.801,42.005
2659979817000,-18.77,82.475,-27.323,-20.617,96.801,42.005
2659989736000,-18.77,82.156,-26.981,-20.617,96.801,42.005
2659999745000,-18.77,82.156,-26.981,-20.617,96.801,42.005
2660009999000,-18.77,82.156,-26.981,-20.617,96.801,42.005
2660019765000,-18.77,82.156,-26.981,-20.617,96.801,42.005
2660029775000,-18.77,82.156,-26.981,-20.617,96.801,42.005
2660038442000,-18.77,82.156,-26.596,-20.617,96.801,42.005
2660049794000,-18.77,81.843,-26.596,-20.617,96.801,42.005
2660059834000,-18.77,81.843,-26.596,-20.617,96.801,42.005
2660068440000,-18.468,81.843,-26.596,-20.617,96.801,42.005
2660078145000,-18.468,81.843,-26.596,-20.617,96.801,42.005
2660087727000,-18.468,81.843,-26.249,-20.617,96.801,42.005
2660099843000,-18.468,81.843,-26.249,-20.617,96.801,42.005
2660109853000,-18.468,81.843,-26.249,-20.617,96.801,42.005
2660119862000,-18.468,81.843,-26.249,-20.617,96.801,42.005
2660129933000,-18.468,81.843,-25.948,-20.617,96.801,42.005
2660139882000,-18.468,81.843,-25.948,-20.617,96.801,42.005
2660148763000,-18.468,81.843,-25.948,-20.617,96.801,42.005
2660157063000,-18.468,81.511,-25.618,-20.617,96.801,42.005
2660167134000,-18.468,81.511,-25.618,-20.617,96.801,42.005
2660178426000,-18.468,81.511,-25.618,-20.617,96.801,42.005
2660189168000,-18.468,81.511,-25.618,-20.617,96.801,42.005
2660199422000,-18.468,81.511,-25.258,-20.617,96.801,42.005
2660209950000,-18.468,81.511,-25.258,-20.617,96.801,42.005
2660219319000,-18.468,81.511,-25.258,-20.617,96.801,42.005
2660230245000,-18.468,81.511,-24.958,-20.617,96.801,42.005
2660241017000,-18.468,81.511,-24.958,-20.617,96.801,42.005
2660248525000,-18.468,81.511,-24.958,-20.617,96.801,42.005
2660257253000,-18.468,81.511,-24.958,-20.617,96.801,42.005
2660267262000,-18.468,81.511,-24.596,-20.617,96.801,42.005
2660277272000,-18.808,81.511,-24.596,-20.617,96.801,42.005
2660287282000,-18.808,81.511,-24.596,-20.617,96.801,42.005
2660297414000,-18.808,81.511,-24.596,-20.617,96.801,42.005
2660307149000,-18.808,81.511,-24.596,-20.617,96.801,42.005
2660319539000,-18.808,81.511,-24.596,-20.617,96.801,42.005
2660331288000,-18.808,81.511,-24.257,-20.617,96.801,42.005
2660342854000,-19.159,81.511,-24.257,-20.617,96.801,42.005
2660349416000,-19.159,81.511,-24.257,-20.617,96.801,42.005
2660358907000,-19.159,81.511,-24.257,-20.617,96.801,42.005
2660369924000,-19.159,81.511,-24.257,-20.617,96.801,42.005
2660380422000,-19.159,81.511,-24.257,-20.617,96.801,42.005
2660390614000,-19.159,81.933,-24.257,-20.617,96.801,42.005
2660400746000,-19.159,81.933,-24.257,-20.617,96.801,42.005
2660410848000,-19.482,81.933,-24.257,-20.617,96.801,42.005
2660420766000,-19.482,82.301,-24.257,-20.617,96.801,42.005
2660430776000,-19.482,82.301,-24.257,-20.617,96.801,42.005
2660440694000,-19.482,82.301,-24.257,-20.617,96.801,42.005
2660450307000,-19.482,82.301,-24.257,-20.617,96.801,42.005
2660460774000,-19.482,82.695,-24.257,-20.617,96.801,42.005
2660467854000,-19.482,82.695,-23.909,-20.617,96.801,42.005
2660480367000,-19.482,82.695,-23.909,-20.617,96.801,42.005
2660490315000,-19.482,82.695,-23.909,-20.617,96.801,42.005
2660500386000,-19.482,82.695,-23.909,-20.617,96.801,42.005
2660508931000,-19.482,83.049,-23.909,-20.617,96.801,42.005
2660520406000,-19.482,83.049,-23.909,-20.617,96.801,42.005
2660530507000,-19.482,83.049,-23.909,-20.617,96.801,42.005
2660540883000,-19.482,83.049,-23.6,-20.617,96.801,42.005
2660548268000,-19.482,83.351,-23.6,-20.617,96.801,42.005
2660560903000,-19.482,83.351,-23.6,-20.617,96.801,42.005
2660570821000,-19.482,83.351,-23.6,-20.617,96.801,42.005
2660578328000,-19.168,83.351,-23.6,-20.617,96.801,42.005
2660587544000,-19.168,83.351,-23.6,-20.617,96.801,42.005
2660597493000,-19.168,83.351,-23.6,-20.617,96.801,42.005
2660610341000,-19.168,83.351,-23.294,-20.617,96.801,42.005
2660618855000,-19.168,83.351,-23.294,-20.617,96.801,42.005
2660630483000,-18.866,83.351,-23.294,-20.617,96.801,42.005
2660640462000,-18.866,83.697,-23.294,-20.617,96.801,42.005
2660650502000,-18.866,83.697,-23.294,-20.617,96.801,42.005
2660659779000,-18.866,83.697,-23.294,-20.617,96.801,42.005
2660670522000,-18.518,83.697,-23.294,-20.617,96.801,42.005
2660680470000,-18.518,84.05,-23.294,-20.617,96.801,42.005
2660690511000,-18.518,84.05,-23.294,-20.617,96.801,42.005
2660700551000,-18.518,84.05,-23.294,-20.617,96.801,42.005
2660708852000,-18.178,84.404,-23.294,-20.617,96.801,42.005
2660718984000,-18.178,84.404,-23.294,-20.617,96.801,42.005
2660727834000,-18.178,84.404,-23.294,-20.617,96.801,42.005
2660737630000,-18.178,84.756,-22.963,-20.617,96.801,42.005
2660747670000,-18.178,84.756,-22.963,-20.617,96.801,42.005
2660757710000,-17.84,84.756,-22.963,-20.617,96.801,42.005
2660767659000,-17.84,85.101,-22.963,-20.617,96.801,42.005
2660777699000,-17.84,85.101,-22.963,-20.617,96.801,42.005
2660787709000,-17.84,85.101,-22.963,-20.617,96.801,42.005
2660797719000,-17.508,85.447,-22.644,-20.617,96.801,42.005
2660807759000,-17.508,85.447,-22.644,-20.617,96.801,42.005
2660817738000,-17.508,85.447,-22.644,-20.617,96.801,42.005
2660827748000,-17.508,85.769,-22.644,-20.617,96.801,42.005
2660840718000,-17.196,85.769,-22.644,-20.617,96.801,42.005
2660851888000,-17.196,85.769,-22.644,-20.617,96.801,42.005
2660859975000,-17.196,86.081,-22.644,-20.617,96.801,42.005
2660870625000,-17.196,86.081,-22.33,-20.617,96.801,42.005
2660880635000,-17.196,86.081,-22.33,-20.617,96.801,42.005
2660891866000,-16.846,86.421,-22.33,-20.617,96.801,42.005
2660901814000,-16.846,86.421,-22.33,-20.617,96.801,42.005
2660909841000,-16.846,86.731,-22.33,-20.617,96.801,42.005
2660920583000,-16.846,86.731,-22.33,-20.617,96.801,42.005
2660930257000,-16.846,87.047,-22.33,-20.617,96.801,42.005
2660942189000,-16.493,87.047,-22.33,-20.617,96.801,42.005
2660952138000,-16.493,87.347,-22.33,-20.617,96.801,42.005
2660960622000,-16.493,87.347,-22.33,-20.617,96.801,42.005
2660970784000,-16.493,87.805,-22.33,-20.617,96.801,42.005
2660980763000,-16.493,87.805,-22.33,-20.617,96.801,42.005
2660992207000,-16.493,87.805,-22.33,-20.617,96.801,42.005
2661000386000,-16.493,88.229,-22.33,-20.617,96.801,42.005
2661012349000,-16.493,88.229,-22.33,-20.617,96.801,42.005
2661021901000,-16.493,88.229,-22.33,-20.617,96.801,42.005
2661028676000,-16.493,88.569,-22.33,-20.617,96.801,42.005
2661040822000,-16.493,88.569,-22.33,-20.617,96.801,42.005
2661050862000,-16.493,88.569,-22.33,-20.617,96.801,42.005
2661061360000,-16.493,88.94,-22.33,-20.617,96.801,42.005
2661070821000,-16.493,88.94,-22.33,-20.617,96.801,42.005
2661082539000,-16.493,88.94,-22.33,-20.617,96.801,42.005
2661090749000,-16.493,88.94,-22.33,-20.617,96.801,42.005
2661100789000,-16.493,89.265,-22.33,-20.617,96.801,42.005
2661110768000,-16.493,89.265,-22.644,-20.617,96.801,42.005
2661121144000,-16.493,89.265,-22.644,-20.617,96.801,42.005
2661130361000,-16.493,89.265,-22.644,-20.617,96.801,42.005
2661140767000,-16.493,89.265,-22.644,-20.617,96.801,42.005
2661150777000,-16.493,89.265,-22.644,-20.617,96.801,42.005
2661161275000,-16.493,89.265,-22.644,-20.617,96.801,42.005
2661170766000,-16.493,89.265,-22.976,-20.617,96.801,42.005
2661179280000,-16.493,89.598,-22.976,-20.617,96.801,42.005
2661190816000,-16.493,89.598,-22.976,-20.617,96.801,42.005
2661200765000,-16.493,89.598,-22.976,-20.617,96.801,42.005
2661210774000,-16.493,89.598,-22.976,-20.617,96.801,42.005
2661220784000,-16.493,89.598,-22.976,-20.617,96.801,42.005
2661230794000,-16.493,89.598,-22.976,-20.617,96.801,42.005
2661240773000,-16.493,89.598,-23.32,-20.617,96.801,42.005
2661250508000,-16.493,89.598,-23.32,-20.617,96.801,42.005
2661260823000,-16.493,89.908,-23.32,-20.617,96.801,42.005
2661272481000,-16.493,89.908,-23.32,-20.617,96.801,42.005
2661282185000,-16.493,89.908,-23.32,-20.617,96.801,42.005
2661291310000,-16.493,89.908,-23.32,-20.617,96.801,42.005
2661299428000,-16.493,89.908,-23.641,-20.617,96.801,42.005
2661310811000,-16.493,89.908,-23.641,-20.617,96.801,42.005
2661320546000,-16.493,89.908,-23.641,-20.617,96.801,42.005
2661330769000,-16.493,90.223,-23.641,-20.617,96.801,42.005
2661340779000,-16.493,90.223,-23.641,-20.617,96.801,42.005
2661350820000,-16.493,90.223,-23.641,-20.617,96.801,42.005
2661360860000,-16.493,90.223,-23.992,-20.617,96.801,42.005
2661370778000,-16.493,90.223,-23.992,-20.617,96.801,42.005
2661380788000,-16.493,90.533,-23.992,-20.617,96.801,42.005
2661390767000,-16.493,90.533,-23.992,-20.617,96.801,42.005
2661400807000,-16.493,90.533,-23.992,-20.617,96.801,42.005
2661410787000,-16.82,90.533,-24.363,-20.617,96.801,42.005
2661420766000,-16.82,90.936,-24.363,-20.617,96.801,42.005
2661432454000,-16.82,90.936,-24.363,-20.617,96.801,42.005
2661442403000,-16.82,90.936,-24.363,-20.617,96.801,42.005
2661451650000,-16.82,91.281,-24.363,-20.617,96.801,42.005
2661460683000,-16.82,91.281,-24.711,-20.617,96.801,42.005
2661468526000,-16.82,91.588,-24.711,-20.617,96.801,42.005
2661480702000,-16.82,91.588,-24.711,-20.617,96.801,42.005
2661490773000,-16.82,91.987,-24.711,-20.617,96.801,42.005
2661500783000,-16.82,92.482,-25.028,-20.617,96.801,42.005
2661510823000,-16.82,93.065,-25.028,-20.617,96.801,42.005
2661520772000,-16.82,93.837,-25.028,-20.617,96.801,42.005
2661530812000,-16.82,94.487,-25.028,-20.617,96.801,42.005
2661541249000,-16.82,94.487,-25.393,-20.617,96.801,42.005
2661551595000,-16.82,94.487,-25.393,-20.617,96.801,42.005
2661559865000,-16.82,94.487,-25.393,-20.617,96.801,42.005
2661570821000,-16.82,94.487,-25.393,-20.617,96.801,42.005
2661580800000,-16.82,94.487,-25.82,-20.617,96.801,42.005
2661590840000,-16.82,94.487,-25.82,-20.617,96.801,42.005
2661599782000,-16.82,94.487,-25.82,-20.617,96.801,42.005
2661610860000,-16.82,94.487,-26.142,-20.617,96.801,42.005
2661621541000,-16.82,94.487,-26.142,-20.617,96.801,42.005
2661631612000,-16.82,94.883,-26.142,-20.617,96.801,42.005
2661641408000,-16.82,94.883,-26.552,-20.617,96.801,42.005
2661649098000,-16.82,95.28,-26.552,-20.617,96.801,42.005
2661660878000,-16.82,95.28,-26.552,-20.617,96.801,42.005
2661671559000,-16.82,95.651,-26.857,-20.617,96.801,42.005
2661681600000,-16.82,95.651,-26.857,-20.617,96.801,42.005
2661692525000,-16.82,95.962,-26.857,-20.617,96.801,42.005
2661700887000,-16.82,95.962,-27.216,-20.617,96.801,42.005
2661713124000,-16.82,95.962,-27.216,-20.617,96.801,42.005
2661722432000,-16.82,96.283,-27.216,-20.617,96.801,42.005
2661731679000,-16.82,96.283,-27.526,-20.617,96.801,42.005
2661742970000,-16.82,96.283,-27.526,-20.617,96.801,42.005
2661749562000,-16.82,96.283,-27.526,-20.617,96.801,42.005
2661761678000,-16.82,96.615,-27.829,-20.617,96.801,42.005
2661771596000,-16.82,96.615,-27.829,-20.617,96.801,42.005
2661780995000,-16.82,96.615,-27.829,-20.617,96.801,42.005
2661791585000,-16.82,96.927,-27.829,-20.617,96.801,42.005
2661800771000,-16.82,96.927,-28.173,-20.617,96.801,42.005
2661812550000,-16.82,96.927,-28.173,-20.617,96.801,42.005
2661820790000,-16.82,97.292,-28.173,-20.617,96.801,42.005
2661831014000,-16.82,97.292,-28.173,-20.617,96.801,42.005
2661841573000,-16.82,97.292,-28.49,-20.617,96.801,42.005
2661851033000,-16.82,97.292,-28.49,-20.617,96.801,42.005
2661862752000,-16.443,97.292,-28.49,-20.617,96.801,42.005
2661872701000,-16.443,97.64,-28.49,-20.617,96.801,42.005
2661882680000,-16.443,97.64,-28.841,-20.617,96.801,42.005
2661891622000,-16.443,97.64,-28.841,-20.617,96.801,42.005
2661902791000,-16.098,97.64,-28.841,-20.617,96.801,42.005
2661912770000,-16.098,97.64,-28.841,-20.617,96.801,42.005
2661920247000,-16.098,97.64,-28.841,-20.617,96.801,42.005
2661930165000,-15.767,97.64,-29.171,-20.617,96.801,42.005
2661942525000,-15.767,97.945,-29.171,-20.617,96.801,42.005
2661950765000,-15.767,97.945,-29.171,-20.617,96.801,42.005
2661962514000,-15.405,97.945,-29.171,-20.617,96.801,42.005
2661970815000,-15.405,97.945,-29.483,-20.617,96.801,42.005
2661981374000,-15.405,97.945,-29.483,-20.617,96.801,42.005
2661992940000,-15.037,98.258,-29.483,-20.617,96.801,42.005
2662000783000,-15.037,98.258,-29.483,-20.617,96.801,42.005
2662012868000,-15.037,98.258,-29.483,-20.617,96.801,42.005
2662022847000,-14.656,98.258,-29.848,-20.617,96.801,42.005
2662032643000,-14.656,98.664,-29.848,-20.617,96.801,42.005
2662040791000,-14.656,98.664,-29.848,-20.617,96.801,42.005
2662050466000,-14.262,98.664,-29.848,-20.617,96.801,42.005
2662060841000,-14.262,99.135,-29.848,-20.617,96.801,42.005
2662072530000,-14.262,99.135,-30.176,-20.617,96.801,42.005
2662080800000,-13.855,99.768,-30.176,-20.617,96.801,42.005
2662092976000,-13.855,99.768,-30.176,-20.617,96.801,42.005
2662100789000,-13.855,100.084,-30.176,-20.617,96.801,42.005
2662111989000,-13.855,100.084,-30.176,-20.617,96.801,42.005
2662122914000,-13.49,100.084,-30.521,-20.617,96.801,42.005
2662130788000,-13.49,100.084,-30.521,-20.617,96.801,42.005
2662143178000,-13.49,100.084,-30.521,-20.617,96.801,42.005
2662150014000,-13.49,100.478,-30.521,-20.617,96.801,42.005
2662161733000,-13.49,100.478,-30.861,-20.617,96.801,42.005
2662171559000,-13.147,100.478,-30.861,-20.617,96.801,42.005
2662183003000,-13.147,100.478,-30.861,-20.617,96.801,42.005
2662190877000,-13.147,100.801,-31.166,-20.617,96.801,42.005
2662200765000,-13.147,100.801,-31.166,-20.617,96.801,42.005
2662211720000,-13.147,100.801,-31.166,-20.617,96.801,42.005
2662223012000,-13.147,100.801,-31.47,-20.617,96.801,42.005
2662231526000,-13.147,100.801,-31.47,-20.617,96.801,42.005
2662241536000,-13.147,100.801,-31.47,-20.617,96.801,42.005
2662253133000,-13.147,101.102,-31.823,-20.617,96.801,42.005
2662263112000,-13.147,101.102,-31.823,-20.617,96.801,42.005
2662273091000,-13.147,101.102,-31.823,-20.617,96.801,42.005
2662283162000,-13.147,101.102,-32.128,-20.617,96.801,42.005
2662289632000,-13.147,101.102,-32.128,-20.617,96.801,42.005
2662303090000,-13.147,101.102,-32.128,-20.617,96.801,42.005
2662311574000,-13.147,101.102,-32.468,-20.617,96.801,42.005
2662323018000,-13.147,101.102,-32.468,-20.617,96.801,42.005
2662332509000,-13.147,101.102,-32.468,-20.617,96.801,42.005
2662340749000,-13.147,101.102,-32.468,-20.617,96.801,42.005
2662353322000,-13.147,101.102,-32.81,-20.617,96.801,42.005
2662362660000,-13.147,101.102,-32.81,-20.617,96.801,42.005
2662373433000,-13.147,101.102,-32.81,-20.617,96.801,42.005
2662383016000,-13.147,101.102,-32.81,-20.617,96.801,42.005
2662390950000,-13.147,101.102,-33.143,-20.617,96.801,42.005
2662403005000,-13.147,101.102,-33.143,-20.617,96.801,42.005
2662411580000,-13.147,101.451,-33.143,-20.617,96.801,42.005
2662423329000,-13.147,101.451,-33.143,-20.617,96.801,42.005
2662433217000,-13.147,101.451,-33.143,-20.617,96.801,42.005
2662443288000,-13.147,101.451,-33.518,-20.617,96.801,42.005
2662453237000,-13.147,101.451,-33.518,-20.617,96.801,42.005
2662462056000,-13.147,101.873,-33.518,-20.617,96.801,42.005
2662469411000,-13.147,101.873,-33.518,-20.617,96.801,42.005
2662479329000,-13.147,101.873,-33.872,-20.617,96.801,42.005
2662493123000,-13.147,102.297,-33.872,-20.617,96.801,42.005
2662502522000,-13.147,102.297,-33.872,-20.617,96.801,42.005
2662510610000,-13.147,102.616,-33.872,-20.617,96.801,42.005
2662519429000,-13.147,102.616,-34.195,-20.617,96.801,42.005
2662533528000,-13.147,103.066,-34.195,-20.617,96.801,42.005
2662542561000,-13.453,103.066,-34.195,-20.617,96.801,42.005
2662552510000,-13.453,103.066,-34.551,-20.617,96.801,42.005
2662561452000,-13.453,103.514,-34.551,-20.617,96.801,42.005
2662571645000,-13.453,103.514,-34.551,-20.617,96.801,42.005
2662582509000,-13.453,103.897,-34.551,-20.617,96.801,42.005
2662592519000,-13.453,103.897,-34.89,-20.617,96.801,42.005
2662602559000,-13.82,104.29,-34.89,-20.617,96.801,42.005
2662611226000,-13.82,104.29,-34.89,-20.617,96.801,42.005
2662623280000,-13.82,104.671,-34.89,-20.617,96.801,42.005
2662632588000,-13.82,104.671,-34.89,-20.617,96.801,42.005
2662642507000,-13.82,105.002,-35.227,-20.617,96.801,42.005
2662650563000,-13.82,105.002,-35.227,-20.617,96.801,42.005
2662662496000,-13.82,105.002,-35.227,-20.617,96.801,42.005
2662671254000,-14.134,105.359,-35.227,-20.617,96.801,42.005
2662683431000,-14.134,105.359,-35.227,-20.617,96.801,42.005
2662691335000,-14.134,105.359,-35.227,-20.617,96.801,42.005
2662701741000,-14.134,105.359,-35.227,-20.617,96.801,42.005
2662713002000,-14.134,105.359,-35.227,-20.617,96.801,42.005
2662720601000,-14.134,105.359,-35.563,-20.617,96.801,42.005
2662733418000,-14.134,105.359,-35.563,-20.617,96.801,42.005
2662741292000,-14.134,105.359,-35.563,-20.617,96.801,42.005
2662751912000,-14.134,105.359,-35.563,-20.617,96.801,42.005
2662762990000,-14.134,105.359,-35.563,-20.617,96.801,42.005
2662771779000,-14.134,105.359,-35.563,-20.617,96.801,42.005
2662781819000,-14.134,105.359,-35.563,-20.617,96.801,42.005
2662793019000,-14.134,105.359,-35.563,-20.617,96.801,42.005
2662802968000,-14.134,105.359,-35.563,-20.617,96.801,42.005
2662811421000,-14.134,105.359,-35.563,-20.617,96.801,42.005
2662820210000,-14.134,105.359,-35.563,-20.617,96.801,42.005
2662832997000,-14.134,105.359,-35.563,-20.617,96.801,42.005
2662842976000,-14.134,105.359,-35.563,-20.617,96.801,42.005
2662853047000,-14.134,105.359,-35.563,-20.617,96.801,42.005
2662862966000,-14.134,105.359,-35.563,-20.617,96.801,42.005
2662871694000,-14.134,105.359,-35.563,-20.617,96.801,42.005
2662883046000,-14.134,105.359,-35.563,-20.617,96.801,42.005
2662890767000,-14.134,105.359,-35.563,-20.617,96.801,42.005
2662902974000,-14.134,105.359,-35.869,-20.617,96.801,42.005
2662912984000,-14.134,105.04,-35.869,-20.617,96.801,42.005
2662921681000,-14.134,105.04,-35.869,-20.617,96.801,42.005
2662931600000,-14.134,105.04,-35.869,-20.617,96.801,42.005
2662941640000,-14.134,105.04,-35.869,-20.617,96.801,42.005
2662953023000,-14.134,104.74,-35.869,-20.617,96.801,42.005
2662962972000,-14.134,104.74,-35.869,-20.617,96.801,42.005
2662973287000,-14.134,104.74,-35.869,-20.617,96.801,42.005
2662983510000,-14.134,104.387,-35.869,-20.617,96.801,42.005
2662993031000,-14.134,104.387,-35.869,-20.617,96.801,42.005
2663003072000,-14.134,104.085,-35.869,-20.617,96.801,42.005
2663013356000,-13.83,104.085,-35.869,-20.617,96.801,42.005
2663021626000,-13.83,103.765,-35.869,-20.617,96.801,42.005
2663031087000,-13.83,103.765,-35.869,-20.617,96.801,42.005
2663043202000,-13.83,103.765,-35.869,-20.617,96.801,42.005
2663050740000,-13.83,103.324,-35.869,-20.617,96.801,42.005
2663063252000,-13.83,103.324,-35.869,-20.617,96.801,42.005
2663073384000,-13.504,103.324,-35.869,-20.617,96.801,42.005
2663080495000,-13.504,102.933,-35.869,-20.617,96.801,42.005
2663093312000,-13.504,102.933,-35.869,-20.617,96.801,42.005
2663103261000,-13.504,102.933,-35.869,-20.617,96.801,42.005
2663111592000,-13.504,102.933,-35.869,-20.617,96.801,42.005
2663123250000,-13.133,102.585,-35.869,-20.617,96.801,42.005
2663133321000,-13.133,102.585,-35.869,-20.617,96.801,42.005
2663141927000,-13.133,102.585,-35.869,-20.617,96.801,42.005
2663151631000,-12.817,102.585,-35.869,-20.617,96.801,42.005
2663161122000,-12.817,102.585,-35.869,-20.617,96.801,42.005
2663170216000,-12.817,102.585,-35.869,-20.617,96.801,42.005
2663181630000,-12.817,102.585,-35.869,-20.617,96.801,42.005
2663193379000,-12.462,102.585,-35.54,-20.617,96.801,42.005
2663201589000,-12.462,102.585,-35.54,-20.617,96.801,42.005
2663213399000,-12.462,102.585,-35.54,-20.617,96.801,42.005
2663221974000,-12.462,102.585,-35.54,-20.617,96.801,42.005
2663232961000,-12.462,102.585,-35.54,-20.617,96.801,42.005
2663243398000,-12.462,102.277,-35.54,-20.617,96.801,42.005
2663253011000,-12.15,102.277,-35.183,-20.617,96.801,42.005
2663263417000,-12.15,102.277,-35.183,-20.617,96.801,42.005
2663272237000,-12.15,102.277,-35.183,-20.617,96.801,42.005
2663282735000,-12.15,102.277,-35.183,-20.617,96.801,42.005
2663293416000,-12.15,102.277,-35.183,-20.617,96.801,42.005
2663301869000,-12.15,102.277,-34.858,-20.617,96.801,42.005
2663313130000,-12.15,102.277,-34.858,-20.617,96.801,42.005
2663323384000,-12.15,102.277,-34.858,-20.617,96.801,42.005
2663333486000,-12.15,102.277,-34.858,-20.617,96.801,42.005
2663343465000,-12.456,102.277,-34.858,-20.617,96.801,42.005
2663353505000,-12.456,101.934,-34.858,-20.617,96.801,42.005
2663361806000,-12.456,101.934,-34.534,-20.617,96.801,42.005
2663374043000,-12.785,101.934,-34.534,-20.617,96.801,42.005
2663382985000,-12.785,101.934,-34.534,-20.617,96.801,42.005
2663393056000,-12.785,101.573,-34.534,-20.617,96.801,42.005
2663400777000,-13.139,101.573,-34.534,-20.617,96.801,42.005
2663414205000,-13.139,101.573,-34.534,-20.617,96.801,42.005
2663421651000,-13.139,101.573,-34.534,-20.617,96.801,42.005
2663433431000,-13.505,101.215,-34.197,-20.617,96.801,42.005
2663443013000,-13.505,101.215,-34.197,-20.617,96.801,42.005
2663452962000,-13.505,101.215,-34.197,-20.617,96.801,42.005
2663461110000,-13.869,101.215,-34.197,-20.617,96.801,42.005
2663473226000,-13.869,100.841,-34.197,-20.617,96.801,42.005
2663480794000,-13.869,100.841,-34.197,-20.617,96.801,42.005
2663494374000,-14.265,100.841,-34.197,-20.617,96.801,42.005
2663502950000,-14.265,100.841,-33.876,-20.617,96.801,42.005
2663512074000,-14.265,100.516,-33.876,-20.617,96.801,42.005
2663521687000,-14.638,100.516,-33.876,-20.617,96.801,42.005
2663533376000,-14.638,100.516,-33.876,-20.617,96.801,42.005
2663540852000,-14.638,100.516,-33.876,-20.617,96.801,42.005
2663554372000,-15.03,100.136,-33.876,-20.617,96.801,42.005
2663563252000,-15.03,100.136,-33.876,-20.617,96.801,42.005
2663571797000,-15.03,100.136,-33.544,-20.617,96.801,42.005
2663583241000,-15.442,100.136,-33.544,-20.617,96.801,42.005
2663593038000,-15.442,99.805,-33.544,-20.617,96.801,42.005
2663602986000,-15.442,99.805,-33.544,-20.617,96.801,42.005
2663613423000,-15.874,99.805,-33.544,-20.617,96.801,42.005
2663623311000,-15.874,99.805,-33.165,-20.617,96.801,42.005
2663634145000,-15.874,99.805,-33.165,-20.617,96.801,42.005
2663643025000,-16.302,99.805,-33.165,-20.617,96.801,42.005
2663653951000,-16.302,99.805,-33.165,-20.617,96.801,42.005
2663665395000,-16.302,99.805,-32.724,-20.617,96.801,42.005
2663674886000,-16.685,99.805,-32.724,-20.617,96.801,42.005
2663684499000,-16.685,99.805,-32.724,-20.617,96.801,42.005
2663694631000,-16.685,99.805,-32.41,-20.617,96.801,42.005
2663701955000,-17.006,99.805,-32.41,-20.617,96.801,42.005
2663713429000,-17.006,99.805,-32.41,-20.617,96.801,42.005
2663723409000,-17.006,99.805,-32.045,-20.617,96.801,42.005
2663733327000,-17.006,99.805,-32.045,-20.617,96.801,42.005
2663742238000,-17.377,99.805,-32.045,-20.617,96.801,42.005
2663753346000,-17.377,99.805,-31.733,-20.617,96.801,42.005
2663761128000,-17.377,99.805,-31.733,-20.617,96.801,42.005
2663770589000,-17.377,99.805,-31.733,-20.617,96.801,42.005
2663780568000,-17.377,99.805,-31.383,-20.617,96.801,42.005
2663790730000,-17.749,100.147,-31.383,-20.617,96.801,42.005
2663800557000,-17.749,100.147,-31.383,-20.617,96.801,42.005
2663810353000,-17.749,100.147,-31.383,-20.617,96.801,42.005
2663820363000,-17.749,100.147,-31.003,-20.617,96.801,42.005
2663830403000,-17.749,100.147,-31.003,-20.617,96.801,42.005
2663841359000,-18.114,100.147,-31.003,-20.617,96.801,42.005
2663850667000,-18.114,100.147,-31.003,-20.617,96.801,42.005
2663860616000,-18.114,100.147,-31.003,-20.617,96.801,42.005
2663874165000,-18.114,100.147,-30.643,-20.617,96.801,42.005
2663882863000,-18.114,100.147,-30.643,-20.617,96.801,42.005
2663892812000,-18.448,100.467,-30.643,-20.617,96.801,42.005
2663902821000,-18.448,100.467,-30.643,-20.617,96.801,42.005
2663914174000,-18.448,100.467,-30.343,-20.617,96.801,42.005
2663923390000,-18.448,100.467,-30.343,-20.617,96.801,42.005
2663934194000,-18.448,100.467,-30.343,-20.617,96.801,42.005
2663944051000,-18.829,100.467,-30.343,-20.617,96.801,42.005
2663954060000,-18.829,100.467,-30.343,-20.617,96.801,42.005
2663964040000,-18.829,100.467,-30.014,-20.617,96.801,42.005
2663974294000,-18.829,100.467,-30.014,-20.617,96.801,42.005
2663984212000,-19.176,100.467,-30.014,-20.617,96.801,42.005
2663993611000,-19.176,100.467,-30.014,-20.617,96.801,42.005
2664000844000,-19.176,100.154,-30.014,-20.617,96.801,42.005
2664013814000,-19.176,100.154,-29.656,-20.617,96.801,42.005
2664022084000,-19.499,100.154,-29.656,-20.617,96.801,42.005
2664034261000,-19.499,100.154,-29.656,-20.617,96.801,42.005
2664042348000,-19.499,100.154,-29.656,-20.617,96.801,42.005
2664054158000,-19.499,100.154,-29.656,-20.617,96.801,42.005
2664063222000,-19.499,100.154,-29.328,-20.617,96.801,42.005
2664074208000,-19.807,100.154,-29.328,-20.617,96.801,42.005
2664084065000,-19.807,100.154,-29.328,-20.617,96.801,42.005
2664093343000,-19.807,100.154,-29.328,-20.617,96.801,42.005
2664104207000,-19.807,99.845,-29.328,-20.617,96.801,42.005
2664112691000,-19.807,99.845,-28.983,-20.617,96.801,42.005
2664124288000,-20.112,99.845,-28.983,-20.617,96.801,42.005
2664134297000,-20.112,99.845,-28.983,-20.617,96.801,42.005
2664144307000,-20.112,99.845,-28.983,-20.617,96.801,42.005
2664154134000,-20.112,99.845,-28.983,-20.617,96.801,42.005
2664164357000,-20.112,99.845,-28.646,-20.617,96.801,42.005
2664174306000,-20.112,99.523,-28.646,-20.617,96.801,42.005
2664181569000,-20.112,99.523,-28.646,-20.617,96.801,42.005
2664194142000,-20.112,99.523,-28.646,-20.617,96.801,42.005
2664204030000,-20.112,99.523,-28.646,-20.617,96.801,42.005
2664213124000,-20.112,99.523,-28.646,-20.617,96.801,42.005
2664223042000,-20.112,99.523,-28.321,-20.617,96.801,42.005
2664232655000,-20.112,99.523,-28.321,-20.617,96.801,42.005
2664242391000,-20.112,99.523,-28.321,-20.617,96.801,42.005
2664253377000,-20.112,99.523,-28.321,-20.617,96.801,42.005
2664262837000,-20.112,99.523,-28.321,-20.617,96.801,42.005
2664273488000,-20.112,99.523,-28.321,-20.617,96.801,42.005
2664283620000,-20.112,99.523,-27.965,-20.617,96.801,42.005
2664292256000,-20.112,99.523,-27.965,-20.617,96.801,42.005
2664305013000,-20.112,99.523,-27.965,-20.617,96.801,42.005
2664313619000,-20.112,99.523,-27.965,-20.617,96.801,42.005
2664323171000,-20.112,99.523,-27.965,-20.617,96.801,42.005
2664333424000,-20.112,99.523,-27.965,-20.617,96.801,42.005
2664343221000,-20.112,99.523,-27.965,-20.617,96.801,42.005
2664352620000,-20.112,99.523,-27.965,-20.617,96.801,42.005
2664361562000,-20.112,99.523,-27.965,-20.617,96.801,42.005
2664374257000,-20.112,99.523,-27.965,-20.617,96.801,42.005
2664383077000,-20.112,99.198,-27.965,-20.617,96.801,42.005
2664392995000,-20.112,99.198,-27.965,-20.617,96.801,42.005
2664404225000,-20.112,99.198,-27.965,-20.617,96.801,42.005
2664413289000,-20.112,99.198,-27.965,-20.617,96.801,42.005
2664423238000,-20.112,99.198,-27.965,-20.617,96.801,42.005
2664433309000,-20.112,99.198,-27.965,-20.617,96.801,42.005
2664443288000,-20.421,99.198,-27.965,-20.617,96.801,42.005
2664454274000,-20.421,99.198,-27.663,-20.617,96.801,42.005
2664463277000,-20.421,98.853,-27.663,-20.617,96.801,42.005
2664473012000,-20.421,98.853,-27.663,-20.617,96.801,42.005
2664483754000,-20.421,98.853,-27.663,-20.617,96.801,42.005
2664495290000,-20.775,98.853,-27.663,-20.617,96.801,42.005
2664505177000,-20.775,98.551,-27.663,-20.617,96.801,42.005
2664515523000,-20.775,98.551,-27.663,-20.617,96.801,42.005
2664523732000,-20.775,98.551,-27.663,-20.617,96.801,42.005
2664531270000,-21.105,98.551,-27.663,-20.617,96.801,42.005
2664543355000,-21.105,98.192,-27.663,-20.617,96.801,42.005
2664553426000,-21.105,98.192,-27.663,-20.617,96.801,42.005
2664563313000,-21.105,98.192,-27.663,-20.617,96.801,42.005
2664573811000,-21.497,98.192,-27.663,-20.617,96.801,42.005
2664583272000,-21.497,98.192,-27.663,-20.617,96.801,42.005
2664593862000,-21.497,97.867,-27.663,-20.617,96.801,42.005
2664603444000,-21.497,97.867,-27.663,-20.617,96.801,42.005
2664613057000,-21.88,97.867,-27.663,-20.617,96.801,42.005
2664623799000,-21.88,97.867,-27.663,-20.617,96.801,42.005
2664634511000,-21.88,97.867,-27.663,-20.617,96.801,42.005
2664643453000,-22.193,97.531,-27.663,-20.617,96.801,42.005
2664653432000,-22.193,97.531,-27.663,-20.617,96.801,42.005
2664663381000,-22.193,97.531,-27.663,-20.617,96.801,42.005
2664673451000,-22.193,97.531,-27.663,-20.617,96.801,42.005
2664684468000,-22.583,97.138,-27.663,-20.617,96.801,42.005
2664692769000,-22.583,97.138,-27.663,-20.617,96.801,42.005
2664703511000,-22.583,97.138,-27.663,-20.617,96.801,42.005
2664712209000,-22.583,97.138,-27.663,-20.617,96.801,42.005
2664723500000,-22.974,96.801,-27.663,-20.617,96.801,42.005
2664734517000,-22.974,96.801,-27.663,-20.617,96.801,42.005
2664743153000,-22.974,96.801,-27.663,-20.617,96.801,42.005
2664753560000,-22.974,96.801,-27.663,-20.617,96.801,42.005
2664762959000,-22.974,96.801,-27.663,-20.617,96.801,42.005
2664772756000,-23.333,96.801,-27.663,-20.617,96.801,42.005
2664782582000,-23.333,96.801,-27.663,-20.617,96.801,42.005
2664791524000,-23.333,96.801,-27.663,-20.617,96.801,42.005
2664801503000,-23.333,96.801,-27.663,-20.617,96.801,42.005
2664812825000,-23.333,96.801,-27.663,-20.617,96.801,42.005
2664823720000,-23.333,96.801,-27.973,-20.617,96.801,42.005
2664834310000,-23.333,96.801,-27.973,-20.617,96.801,42.005
2664843648000,-23.641,96.801,-27.973,-20.617,96.801,42.005
2664854360000,-23.641,96.801,-27.973,-20.617,96.801,42.005
2664863912000,-23.641,96.801,-27.973,-20.617,96.801,42.005
2664873006000,-23.641,96.801,-27.973,-20.617,96.801,42.005
2664884694000,-23.641,96.801,-27.973,-20.617,96.801,42.005
2664892995000,-23.641,96.801,-27.973,-20.617,96.801,42.005
2664903859000,-23.641,96.801,-27.973,-20.617,96.801,42.005
2664913289000,-23.641,96.801,-27.973,-20.617,96.801,42.005
2664923207000,-23.641,97.139,-27.973,-20.617,96.801,42.005
2664932485000,-23.641,97.139,-27.973,-20.617,96.801,42.005
2664943501000,-23.641,97.139,-27.973,-20.617,96.801,42.005
2664954305000,-23.641,97.139,-27.973,-20.617,96.801,42.005
2664964253000,-23.641,97.139,-27.973,-20.617,96.801,42.005
2664973134000,-23.641,97.139,-27.973,-20.617,96.801,42.005
2664984761000,-23.641,97.139,-27.973,-20.617,96.801,42.005
2664993794000,-23.641,97.139,-27.973,-20.617,96.801,42.005
2665003926000,-23.641,97.139,-27.973,-20.617,96.801,42.005
2665013356000,-23.641,97.139,-27.973,-20.617,96.801,42.005
2665023427000,-23.641,97.483,-27.973,-20.617,96.801,42.005
2665032185000,-23.641,97.483,-27.973,-20.617,96.801,42.005
2665042989000,-23.641,97.483,-27.973,-20.617,96.801,42.005
2665054097000,-23.641,97.483,-27.973,-20.617,96.801,42.005
2665063863000,-23.641,97.483,-27.973,-20.617,96.801,42.005
2665073872000,-23.641,97.483,-27.973,-20.617,96.801,42.005
2665084859000,-23.641,97.483,-27.973,-20.617,96.801,42.005
2665094563000,-23.34,97.483,-27.973,-20.617,96.801,42.005
2665105275000,-23.34,97.483,-27.973,-20.617,96.801,42.005
2665113789000,-23.34,97.483,-27.973,-20.617,96.801,42.005
2665123494000,-23.34,97.483,-27.973,-20.617,96.801,42.005
2665134938000,-23.34,97.483,-27.973,-20.617,96.801,42.005
2665143910000,-23.34,97.483,-27.973,-20.617,96.801,42.005
2665153981000,-23.34,97.483,-27.973,-20.617,96.801,42.005
2665162496000,-23.014,97.483,-27.973,-20.617,96.801,42.005
2665173940000,-23.014,97.483,-27.973,-20.617,96.801,42.005
2665184956000,-23.014,97.483,-27.973,-20.617,96.801,42.005
2665192891000,-23.014,97.786,-27.973,-20.617,96.801,42.005
2665204030000,-23.014,97.786,-27.973,-20.617,96.801,42.005
2665214040000,-23.014,97.786,-27.973,-20.617,96.801,42.005
2665224355000,-22.65,97.786,-27.672,-20.617,96.801,42.005
2665235219000,-22.65,97.786,-27.672,-20.617,96.801,42.005
2665244008000,-22.65,97.786,-27.672,-20.617,96.801,42.005
2665254048000,-22.65,97.786,-27.672,-20.617,96.801,42.005
2665264028000,-22.307,97.786,-27.672,-20.617,96.801,42.005
2665274037000,-22.307,97.786,-27.672,-20.617,96.801,42.005
2665283498000,-22.307,97.467,-27.672,-20.617,96.801,42.005
2665293996000,-22.307,97.467,-27.672,-20.617,96.801,42.005
2665305501000,-21.95,97.467,-27.672,-20.617,96.801,42.005
2665314870000,-21.95,97.467,-27.672,-20.617,96.801,42.005
2665322774000,-21.95,97.467,-27.672,-20.617,96.801,42.005
2665333516000,-21.95,97.467,-27.672,-20.617,96.801,42.005
2665344106000,-21.587,97.467,-27.672,-20.617,96.801,42.005
2665353230000,-21.587,97.467,-27.672,-20.617,96.801,42.005
2665363210000,-21.587,97.467,-27.672,-20.617,96.801,42.005
2665374135000,-21.271,97.15,-27.672,-20.617,96.801,42.005
2665385182000,-21.271,97.15,-27.672,-20.617,96.801,42.005
2665394154000,-21.271,97.15,-27.672,-20.617,96.801,42.005
2665404195000,-20.961,97.15,-27.353,-20.617,96.801,42.005
2665413411000,-20.961,97.15,-27.353,-20.617,96.801,42.005
2665424031000,-20.961,97.15,-27.353,-20.617,96.801,42.005
2665435201000,-20.961,97.15,-27.353,-20.617,96.801,42.005
2665444203000,-20.572,97.15,-27.353,-20.617,96.801,42.005
2665454244000,-20.572,97.15,-27.353,-20.617,96.801,42.005
2665464925000,-20.572,97.15,-27.353,-20.617,96.801,42.005
2665475026000,-20.572,97.15,-27.353,-20.617,96.801,42.005
2665482259000,-20.222,97.15,-27.353,-20.617,96.801,42.005
2665492391000,-20.222,97.15,-27.353,-20.617,96.801,42.005
2665503407000,-20.222,97.15,-27.005,-20.617,96.801,42.005
2665513692000,-20.222,97.457,-27.005,-20.617,96.801,42.005
2665524678000,-20.222,97.457,-27.005,-20.617,96.801,42.005
2665533955000,-19.884,97.457,-27.005,-20.617,96.801,42.005
2665543416000,-19.884,97.457,-27.005,-20.617,96.801,42.005
2665554372000,-19.884,97.457,-27.005,-20.617,96.801,42.005
2665564351000,-19.884,97.457,-27.005,-20.617,96.801,42.005
2665574361000,-19.884,97.457,-27.005,-20.617,96.801,42.005
2665584554000,-19.884,97.769,-27.005,-20.617,96.801,42.005
2665595601000,-19.884,97.769,-27.005,-20.617,96.801,42.005
2665603475000,-19.884,97.769,-27.005,-20.617,96.801,42.005
2665614278000,-19.884,97.769,-27.005,-20.617,96.801,42.005
2665624196000,-19.884,97.769,-27.005,-20.617,96.801,42.005
2665634847000,-19.884,97.769,-27.005,-20.617,96.801,42.005
2665644917000,-19.884,97.769,-27.005,-20.617,96.801,42.005
2665655660000,-19.884,98.102,-27.005,-20.617,96.801,42.005
2665666432000,-19.884,98.102,-27.005,-20.617,96.801,42.005
2665676381000,-19.884,98.102,-27.005,-20.617,96.801,42.005
2665686360000,-19.884,98.102,-27.005,-20.617,96.801,42.005
2665696340000,-19.884,98.102,-27.005,-20.617,96.801,42.005
2665706441000,-19.884,98.102,-27.005,-20.617,96.801,42.005
2665716390000,-19.884,98.102,-27.005,-20.617,96.801,42.005
2665724965000,-19.884,98.419,-27.005,-20.617,96.801,42.005
2665734456000,-19.884,98.419,-27.005,-20.617,96.801,42.005
2665744374000,-19.56,98.419,-27.005,-20.617,96.801,42.005
2665753499000,-19.56,98.419,-27.005,-20.617,96.801,42.005
2665764302000,-19.56,98.419,-27.005,-20.617,96.801,42.005
2665772725000,-19.56,98.419,-27.005,-20.617,96.801,42.005
2665784505000,-19.56,98.419,-27.005,-20.617,96.801,42.005
2665794454000,-19.56,98.419,-27.005,-20.617,96.801,42.005
2665804372000,-19.56,98.748,-27.005,-20.617,96.801,42.005
2665812489000,-19.56,98.748,-27.005,-20.617,96.801,42.005
2665822499000,-19.56,98.748,-27.005,-20.617,96.801,42.005
2665832753000,-19.56,98.748,-27.005,-20.617,96.801,42.005
2665844441000,-19.56,98.748,-27.005,-20.617,96.801,42.005
2665854360000,-19.56,99.086,-27.005,-20.617,96.801,42.005
2665864308000,-19.56,99.086,-27.005,-20.617,96.801,42.005
2665874318000,-19.56,99.086,-27.005,-20.617,96.801,42.005
2665884969000,-19.56,99.468,-27.005,-20.617,96.801,42.005
2665894338000,-19.56,99.468,-27.005,-20.617,96.801,42.005
2665905080000,-19.56,99.468,-27.005,-20.617,96.801,42.005
2665916676000,-19.56,99.892,-27.005,-20.617,96.801,42.005
2665926534000,-19.56,99.892,-27.005,-20.617,96.801,42.005
2665936635000,-19.56,100.209,-27.005,-20.617,96.801,42.005
2665946553000,-19.56,100.209,-27.005,-20.617,96.801,42.005
2665956777000,-19.56,100.553,-27.005,-20.617,96.801,42.005
2665966634000,-19.56,100.553,-27.005,-20.617,96.801,42.005
2665973561000,-19.56,100.917,-27.005,-20.617,96.801,42.005
2665985372000,-19.56,100.917,-27.005,-20.617,96.801,42.005
2665993947000,-19.56,101.467,-27.005,-20.617,96.801,42.005
2666003987000,-19.56,101.467,-27.005,-20.617,96.801,42.005
2666014363000,-19.56,101.888,-27.005,-20.617,96.801,42.005
2666024251000,-19.56,101.888,-27.005,-20.617,96.801,42.005
2666034200000,-19.864,101.888,-27.005,-20.617,96.801,42.005
2666044331000,-19.864,101.888,-27.306,-20.617,96.801,42.005
2666055013000,-19.864,102.326,-27.306,-20.617,96.801,42.005
2666066792000,-19.864,102.326,-27.306,-20.617,96.801,42.005
2666075581000,-19.864,102.629,-27.306,-20.617,96.801,42.005
2666083028000,-19.864,102.629,-27.306,-20.617,96.801,42.005
2666094289000,-19.864,102.629,-27.306,-20.617,96.801,42.005
2666104360000,-19.864,103.06,-27.306,-20.617,96.801,42.005
2666114339000,-19.864,103.06,-27.306,-20.617,96.801,42.005
2666124379000,-19.864,103.06,-27.631,-20.617,96.801,42.005
2666135335000,-19.864,103.536,-27.631,-20.617,96.801,42.005
2666145101000,-20.198,103.536,-27.631,-20.617,96.801,42.005
2666154408000,-20.198,103.536,-27.631,-20.617,96.801,42.005
2666164296000,-20.198,103.977,-27.631,-20.617,96.801,42.005
2666174275000,-20.198,103.977,-27.968,-20.617,96.801,42.005
2666184773000,-20.198,103.977,-27.968,-20.617,96.801,42.005
2666194234000,-20.198,104.315,-27.968,-20.617,96.801,42.005
2666204244000,-20.198,104.315,-27.968,-20.617,96.801,42.005
2666214314000,-20.198,104.315,-27.968,-20.617,96.801,42.005
2666225057000,-20.198,104.685,-28.324,-20.617,96.801,42.005
2666233663000,-20.198,104.685,-28.324,-20.617,96.801,42.005
2666244283000,-20.511,104.685,-28.324,-20.617,96.801,42.005
2666254201000,-20.511,105.115,-28.324,-20.617,96.801,42.005
2666264302000,-20.511,105.115,-28.649,-20.617,96.801,42.005
2666274281000,-20.511,105.115,-28.649,-20.617,96.801,42.005
2666285329000,-20.511,105.532,-28.649,-20.617,96.801,42.005
2666294515000,-20.511,105.532,-28.649,-20.617,96.801,42.005
2666304311000,-20.511,105.532,-28.649,-20.617,96.801,42.005
2666314259000,-20.511,105.835,-28.649,-20.617,96.801,42.005
2666324330000,-20.511,105.835,-29.003,-20.617,96.801,42.005
2666335347000,-20.511,105.835,-29.003,-20.617,96.801,42.005
2666344441000,-20.511,105.835,-29.003,-20.617,96.801,42.005
2666354360000,-20.187,105.835,-29.003,-20.617,96.801,42.005
2666364430000,-20.187,105.835,-29.003,-20.617,96.801,42.005
2666374288000,-20.187,106.147,-29.003,-20.617,96.801,42.005
2666384206000,-20.187,106.147,-29.361,-20.617,96.801,42.005
2666394277000,-19.876,106.147,-29.361,-20.617,96.801,42.005
2666404378000,-19.876,106.147,-29.361,-20.617,96.801,42.005
2666414266000,-19.876,106.147,-29.361,-20.617,96.801,42.005
2666424275000,-19.876,106.147,-29.361,-20.617,96.801,42.005
2666433736000,-19.482,106.147,-29.763,-20.617,96.801,42.005
2666444234000,-19.482,106.147,-29.763,-20.617,96.801,42.005
2666455800000,-19.482,106.147,-29.763,-20.617,96.801,42.005
2666467183000,-19.482,106.147,-29.763,-20.617,96.801,42.005
2666475820000,-19.092,106.147,-30.129,-20.617,96.801,42.005
2666483174000,-19.092,106.147,-30.129,-20.617,96.801,42.005
2666494313000,-19.092,106.147,-30.129,-20.617,96.801,42.005
2666505818000,-18.779,106.147,-30.506,-20.617,96.801,42.005
2666513234000,-18.779,106.147,-30.506,-20.617,96.801,42.005
2666524342000,-18.779,106.147,-30.506,-20.617,96.801,42.005
2666534505000,-18.461,106.147,-30.841,-20.617,96.801,42.005
2666544331000,-18.461,106.487,-30.841,-20.617,96.801,42.005
2666554189000,-18.461,106.487,-30.841,-20.617,96.801,42.005
2666564351000,-18.461,106.487,-31.16,-20.617,96.801,42.005
2666574269000,-18.077,106.487,-31.16,-20.617,96.801,42.005
2666584859000,-18.077,106.487,-31.16,-20.617,96.801,42.005
2666594258000,-18.077,106.487,-31.513,-20.617,96.801,42.005
2666604329000,-18.077,106.487,-31.513,-20.617,96.801,42.005
2666614308000,-18.077,106.798,-31.513,-20.617,96.801,42.005
2666624318000,-17.72,106.798,-31.939,-20.617,96.801,42.005
2666635335000,-17.72,106.798,-31.939,-20.617,96.801,42.005
2666644978000,-17.72,106.798,-31.939,-20.617,96.801,42.005
2666655690000,-17.72,106.798,-32.262,-20.617,96.801,42.005
2666667348000,-17.72,106.798,-32.262,-20.617,96.801,42.005
2666677480000,-17.409,106.798,-32.262,-20.617,96.801,42.005
2666687367000,-17.409,106.798,-32.679,-20.617,96.801,42.005
2666694661000,-17.409,106.798,-32.679,-20.617,96.801,42.005
2666704060000,-17.409,106.798,-32.679,-20.617,96.801,42.005
2666714192000,-17.409,106.798,-33.052,-20.617,96.801,42.005
2666724294000,-17.409,106.798,-33.052,-20.617,96.801,42.005
2666734181000,-17.409,106.798,-33.052,-20.617,96.801,42.005
2666744252000,-17.409,106.798,-33.477,-20.617,96.801,42.005
2666753743000,-17.409,106.798,-33.477,-20.617,96.801,42.005
2666764180000,-17.409,106.798,-33.477,-20.617,96.801,42.005
2666774617000,-17.081,106.798,-33.898,-20.617,96.801,42.005
2666784139000,-17.081,106.473,-33.898,-20.617,96.801,42.005
2666795766000,-17.081,106.473,-33.898,-20.617,96.801,42.005
2666807485000,-17.081,106.473,-34.328,-20.617,96.801,42.005
2666816335000,-17.081,106.473,-34.328,-20.617,96.801,42.005
2666824239000,-16.772,106.473,-34.328,-20.617,96.801,42.005
2666835042000,-16.772,106.473,-34.632,-20.617,96.801,42.005
2666845113000,-16.772,106.473,-34.632,-20.617,96.801,42.005
2666855031000,-16.772,106.473,-34.632,-20.617,96.801,42.005
2666864674000,-16.772,106.075,-34.977,-20.617,96.801,42.005
2666875356000,-16.434,106.075,-34.977,-20.617,96.801,42.005
2666884358000,-16.434,105.735,-34.977,-20.617,96.801,42.005
2666895772000,-16.434,105.735,-35.296,-20.617,96.801,42.005
2666904286000,-16.434,105.423,-35.296,-20.617,96.801,42.005
2666914205000,-16.434,105.423,-35.296,-20.617,96.801,42.005
2666924489000,-16.434,105.103,-35.689,-20.617,96.801,42.005
2666934346000,-16.434,105.103,-35.689,-20.617,96.801,42.005
2666944234000,-16.127,105.103,-35.689,-20.617,96.801,42.005
2666954335000,-16.127,104.711,-36.078,-20.617,96.801,42.005
2666964345000,-16.127,104.711,-36.078,-20.617,96.801,42.005
2666975331000,-16.127,104.711,-36.078,-20.617,96.801,42.005
2666984273000,-16.127,104.711,-36.507,-20.617,96.801,42.005
2666995015000,-16.127,104.354,-36.507,-20.617,96.801,42.005
2667006459000,-16.127,104.354,-36.507,-20.617,96.801,42.005
2667017598000,-16.127,104.354,-36.924,-20.617,96.801,42.005
2667024342000,-16.127,104.354,-36.924,-20.617,96.801,42.005
2667035054000,-16.127,104.354,-36.924,-20.617,96.801,42.005
2667044362000,-16.127,104.354,-37.232,-20.617,96.801,42.005
2667054311000,-16.127,104.354,-37.232,-20.617,96.801,42.005
2667064320000,-16.127,104.354,-37.232,-20.617,96.801,42.005
2667075368000,-16.127,104.354,-37.561,-20.617,96.801,42.005
2667085164000,-16.127,104.354,-37.561,-20.617,96.801,42.005
2667096547000,-16.127,104.669,-37.561,-20.617,96.801,42.005
2667107808000,-16.127,104.669,-37.561,-20.617,96.801,42.005
2667117879000,-16.127,104.669,-37.96,-20.617,96.801,42.005
2667125569000,-16.127,104.669,-37.96,-20.617,96.801,42.005
2667135274000,-16.127,104.984,-37.96,-20.617,96.801,42.005
2667145345000,-16.127,104.984,-37.96,-20.617,96.801,42.005
2667154958000,-16.127,104.984,-38.349,-20.617,96.801,42.005
2667165334000,-16.127,104.984,-38.349,-20.617,96.801,42.005
2667174611000,-16.127,104.984,-38.349,-20.617,96.801,42.005
2667185292000,-16.127,104.984,-38.349,-20.617,96.801,42.005
2667196065000,-16.127,104.984,-38.688,-20.617,96.801,42.005
2667206014000,-16.127,104.984,-38.688,-20.617,96.801,42.005
2667216023000,-16.43,104.984,-38.688,-20.617,96.801,42.005
2667225575000,-16.43,104.984,-39.016,-20.617,96.801,42.005
2667235249000,-16.43,104.984,-39.016,-20.617,96.801,42.005
2667244954000,-16.43,104.984,-39.016,-20.617,96.801,42.005
2667254994000,-16.43,104.984,-39.339,-20.617,96.801,42.005
2667264974000,-16.43,104.984,-39.339,-20.617,96.801,42.005
2667274983000,-16.43,104.628,-39.339,-20.617,96.801,42.005
2667285115000,-16.43,104.628,-39.339,-20.617,96.801,42.005
2667294942000,-16.43,104.628,-39.339,-20.617,96.801,42.005
2667306416000,-16.43,104.291,-39.716,-20.617,96.801,42.005
2667317952000,-16.43,104.291,-39.716,-20.617,96.801,42.005
2667327870000,-16.43,104.291,-39.716,-20.617,96.801,42.005
2667337941000,-16.43,103.952,-39.716,-20.617,96.801,42.005
2667347920000,-16.43,103.952,-39.716,-20.617,96.801,42.005
2667358022000,-16.43,103.952,-40.085,-20.617,96.801,42.005
2667365743000,-16.43,103.952,-40.085,-20.617,96.801,42.005
2667374379000,-16.43,103.626,-40.085,-20.617,96.801,42.005
2667384450000,-16.112,103.626,-40.085,-20.617,96.801,42.005
2667395009000,-16.112,103.626,-40.085,-20.617,96.801,42.005
2667405019000,-16.112,103.626,-40.448,-20.617,96.801,42.005
2667414967000,-16.112,103.324,-40.448,-20.617,96.801,42.005
2667425435000,-16.112,103.324,-40.448,-20.617,96.801,42.005
2667434987000,-16.112,103.324,-40.448,-20.617,96.801,42.005
2667444997000,-16.112,103.324,-40.448,-20.617,96.801,42.005
2667455830000,-16.112,102.941,-40.781,-20.617,96.801,42.005
2667467244000,-16.112,102.941,-40.781,-20.617,96.801,42.005
2667476582000,-16.112,102.941,-40.781,-20.617,96.801,42.005
2667485707000,-15.758,102.941,-41.118,-20.617,96.801,42.005
2667496877000,-15.758,102.536,-41.118,-20.617,96.801,42.005
2667507588000,-15.758,102.536,-41.118,-20.617,96.801,42.005
2667516622000,-15.758,102.536,-41.118,-20.617,96.801,42.005
2667525136000,-15.396,102.144,-41.437,-20.617,96.801,42.005
2667536061000,-15.396,102.144,-41.437,-20.617,96.801,42.005
2667544270000,-15.396,102.144,-41.437,-20.617,96.801,42.005
2667554646000,-15.396,101.778,-41.437,-20.617,96.801,42.005
2667566121000,-14.995,101.778,-41.75,-20.617,96.801,42.005
2667576619000,-14.995,101.778,-41.75,-20.617,96.801,42.005
2667586537000,-14.995,101.393,-41.75,-20.617,96.801,42.005
2667595937000,-14.621,101.393,-41.75,-20.617,96.801,42.005
2667606252000,-14.621,101.393,-41.75,-20.617,96.801,42.005
2667616292000,-14.621,101.074,-42.081,-20.617,96.801,42.005
2667626149000,-14.203,101.074,-42.081,-20.617,96.801,42.005
2667637776000,-14.203,101.074,-42.081,-20.617,96.801,42.005
2667647847000,-14.203,101.074,-42.081,-20.617,96.801,42.005
2667658315000,-13.814,100.716,-42.081,-20.617,96.801,42.005
2667668172000,-13.814,100.716,-42.081,-20.617,96.801,42.005
2667678212000,-13.814,100.716,-42.081,-20.617,96.801,42.005
2667688252000,-13.814,100.281,-42.081,-20.617,96.801,42.005
2667698232000,-13.476,100.281,-42.081,-20.617,96.801,42.005
2667705647000,-13.476,99.942,-42.081,-20.617,96.801,42.005
2667716176000,-13.476,99.942,-42.081,-20.617,96.801,42.005
2667726460000,-13.476,98.63,-42.409,-20.617,96.801,42.005
2667736501000,-13.476,97.556,-42.409,-20.617,96.801,42.005
2667746510000,-13.476,96.997,-42.409,-20.617,96.801,42.005
2667756917000,-13.476,96.525,-42.409,-20.617,96.801,42.005
2667766164000,-13.476,95.993,-42.409,-20.617,96.801,42.005
2667776204000,-13.476,95.556,-42.409,-20.617,96.801,42.005
2667784413000,-13.476,95.144,-42.409,-20.617,96.801,42.005
2667796285000,-13.476,95.144,-42.409,-20.617,96.801,42.005
2667806600000,-13.476,95.144,-42.409,-20.617,96.801,42.005
2667815663000,-13.476,95.144,-42.409,-20.617,96.801,42.005
2667826619000,-13.476,94.786,-42.409,-20.617,96.801,42.005
2667836720000,-13.476,94.183,-42.409,-20.617,96.801,42.005
2667844411000,-13.791,94.183,-42.409,-20.617,96.801,42.005
2667854421000,-13.791,94.183,-42.409,-20.617,96.801,42.005
2667866689000,-13.791,93.684,-42.409,-20.617,96.801,42.005
2667876576000,-13.791,93.684,-42.409,-20.617,96.801,42.005
2667886952000,-14.198,93.684,-42.409,-20.617,96.801,42.005
2667895375000,-14.198,93.684,-42.409,-20.617,96.801,42.005
2667907094000,-14.198,92.959,-42.409,-20.617,96.801,42.005
2667915975000,-14.519,92.534,-42.409,-20.617,96.801,42.005
2667926198000,-14.519,92.161,-42.409,-20.617,96.801,42.005
2667934743000,-14.519,91.848,-42.098,-20.617,96.801,42.005
2667944539000,-14.519,91.339,-42.098,-20.617,96.801,42.005
2667954549000,-14.902,91.339,-42.098,-20.617,96.801,42.005
2667964772000,-14.902,90.922,-42.098,-20.617,96.801,42.005
2667974355000,-14.902,90.519,-42.098,-20.617,96.801,42.005
2667984395000,-14.902,90.519,-42.098,-20.617,96.801,42.005
2667994374000,-14.902,90.519,-41.797,-20.617,96.801,42.005
2668004353000,-15.26,90.519,-41.797,-20.617,96.801,42.005
2668014638000,-15.26,90.519,-41.797,-20.617,96.801,42.005
2668024281000,-15.26,90.519,-41.797,-20.617,96.801,42.005
2668034291000,-15.26,90.196,-41.797,-20.617,96.801,42.005
2668044301000,-15.26,90.196,-41.797,-20.617,96.801,42.005
2668054311000,-15.26,90.196,-41.797,-20.617,96.801,42.005
2668064320000,-15.582,90.196,-41.797,-20.617,96.801,42.005
2668074300000,-15.582,89.753,-41.481,-20.617,96.801,42.005
2668084310000,-15.582,89.753,-41.481,-20.617,96.801,42.005
2668096791000,-15.582,89.418,-41.481,-20.617,96.801,42.005
2668108785000,-15.582,89.418,-41.481,-20.617,96.801,42.005
2668119252000,-15.582,89.418,-41.481,-20.617,96.801,42.005
2668130086000,-15.582,89.059,-41.481,-20.617,96.801,42.005
2668139577000,-15.582,89.059,-41.481,-20.617,96.801,42.005
2668150441000,-15.582,89.059,-41.481,-20.617,96.801,42.005
2668158864000,-15.582,89.059,-41.481,-20.617,96.801,42.005
2668165456000,-15.887,89.059,-41.481,-20.617,96.801,42.005
2668176900000,-15.887,89.059,-41.481,-20.617,96.801,42.005
2668188649000,-15.887,89.059,-41.481,-20.617,96.801,42.005
2668197774000,-15.887,89.059,-41.481,-20.617,96.801,42.005
2668208852000,-15.887,89.059,-41.481,-20.617,96.801,42.005
2668218739000,-15.887,89.059,-41.143,-20.617,96.801,42.005
2668227284000,-15.887,89.059,-41.143,-20.617,96.801,42.005
2668234761000,-15.887,89.059,-41.143,-20.617,96.801,42.005
2668245625000,-15.887,89.059,-41.143,-20.617,96.801,42.005
2668257192000,-15.887,89.059,-41.143,-20.617,96.801,42.005
2668267171000,-16.202,89.059,-41.143,-20.617,96.801,42.005
2668277150000,-16.202,89.421,-40.822,-20.617,96.801,42.005
2668286946000,-16.202,89.421,-40.822,-20.617,96.801,42.005
2668296803000,-16.202,89.421,-40.822,-20.617,96.801,42.005
2668307210000,-16.202,89.421,-40.822,-20.617,96.801,42.005
2668317525000,-16.202,89.421,-40.822,-20.617,96.801,42.005
2668327351000,-16.553,89.421,-40.461,-20.617,96.801,42.005
2668337026000,-16.553,89.421,-40.461,-20.617,96.801,42.005
2668347402000,-16.553,89.421,-40.461,-20.617,96.801,42.005
2668357228000,-16.553,89.421,-40.055,-20.617,96.801,42.005
2668367604000,-16.553,89.421,-40.055,-20.617,96.801,42.005
2668377522000,-16.553,89.723,-40.055,-20.617,96.801,42.005
2668387166000,-16.553,89.723,-39.661,-20.617,96.801,42.005
2668397237000,-16.553,89.723,-39.661,-20.617,96.801,42.005
2668407582000,-16.553,89.723,-39.661,-20.617,96.801,42.005
2668417470000,-16.859,89.723,-39.286,-20.617,96.801,42.005
2668427541000,-16.859,89.723,-39.286,-20.617,96.801,42.005
2668437062000,-16.859,89.723,-39.286,-20.617,96.801,42.005
2668446248000,-16.859,89.723,-38.881,-20.617,96.801,42.005
2668457570000,-16.859,89.723,-38.881,-20.617,96.801,42.005
2668467122000,-16.859,89.395,-38.881,-20.617,96.801,42.005
2668477132000,-16.859,89.395,-38.431,-20.617,96.801,42.005
2668485188000,-16.859,89.395,-38.431,-20.617,96.801,42.005
2668495046000,-16.859,89.395,-38.431,-20.617,96.801,42.005
2668507497000,-16.859,89.395,-37.983,-20.617,96.801,42.005
2668517598000,-16.859,89.395,-37.983,-20.617,96.801,42.005
2668527516000,-16.859,89.395,-37.983,-20.617,96.801,42.005
2668538930000,-16.859,89.395,-37.59,-20.617,96.801,42.005
2668546346000,-16.859,89.395,-37.59,-20.617,96.801,42.005
2668557515000,-16.859,89.395,-37.59,-20.617,96.801,42.005
2668567616000,-16.859,89.395,-37.287,-20.617,96.801,42.005
2668577535000,-16.859,89.039,-37.287,-20.617,96.801,42.005
2668585164000,-16.859,89.039,-37.287,-20.617,96.801,42.005
2668595723000,-16.859,89.039,-36.905,-20.617,96.801,42.005
2668606160000,-16.859,89.039,-36.905,-20.617,96.801,42.005
2668617207000,-16.859,89.039,-36.905,-20.617,96.801,42.005
2668627767000,-16.859,88.667,-36.531,-20.617,96.801,42.005
2668637654000,-16.859,88.667,-36.531,-20.617,96.801,42.005
2668649007000,-16.859,88.667,-36.531,-20.617,96.801,42.005
2668658193000,-16.859,88.667,-36.19,-20.617,96.801,42.005
2668667592000,-16.859,88.313,-36.19,-20.617,96.801,42.005
2668679402000,-16.859,88.313,-36.19,-20.617,96.801,42.005
2668688252000,-16.859,88.313,-35.856,-20.617,96.801,42.005
2668698201000,-16.859,88.313,-35.856,-20.617,96.801,42.005
2668709035000,-16.859,88.313,-35.856,-20.617,96.801,42.005
2668717671000,-16.859,88.313,-35.45,-20.617,96.801,42.005
2668729115000,-16.859,87.985,-35.45,-20.617,96.801,42.005
2668737721000,-16.859,87.985,-35.45,-20.617,96.801,42.005
2668748219000,-16.859,87.985,-35.1,-20.617,96.801,42.005
2668758443000,-16.859,87.985,-35.1,-20.617,96.801,42.005
2668768605000,-16.859,87.985,-35.1,-20.617,96.801,42.005
2668778890000,-16.859,87.985,-34.673,-20.617,96.801,42.005
2668786183000,-16.859,87.985,-34.673,-20.617,96.801,42.005
2668799001000,-16.859,87.985,-34.673,-20.617,96.801,42.005
2668807546000,-16.859,87.985,-34.229,-20.617,96.801,42.005
2668816609000,-16.859,87.985,-34.229,-20.617,96.801,42.005
2668828114000,-16.859,87.985,-33.909,-20.617,96.801,42.005
2668837361000,-16.859,87.985,-33.909,-20.617,96.801,42.005
2668847188000,-16.859,88.322,-33.597,-20.617,96.801,42.005
2668857594000,-16.859,88.322,-33.597,-20.617,96.801,42.005
2668865651000,-16.859,88.322,-33.248,-20.617,96.801,42.005
2668878163000,-16.859,88.322,-33.248,-20.617,96.801,42.005
2668887258000,-16.859,88.322,-32.886,-20.617,96.801,42.005
2668897359000,-16.859,88.322,-32.886,-20.617,96.801,42.005
2668907460000,-16.859,88.322,-32.567,-20.617,96.801,42.005
2668917195000,-17.21,88.322,-32.567,-20.617,96.801,42.005
2668928243000,-17.21,88.322,-32.195,-20.617,96.801,42.005
2668936391000,-17.21,88.009,-32.195,-20.617,96.801,42.005
2668948384000,-17.531,88.009,-31.849,-20.617,96.801,42.005
2668958211000,-17.531,88.009,-31.849,-20.617,96.801,42.005
2668968282000,-17.531,88.009,-31.502,-20.617,96.801,42.005
2668978322000,-17.901,88.009,-31.502,-20.617,96.801,42.005
2668988515000,-17.901,87.703,-31.502,-20.617,96.801,42.005
2668997609000,-17.901,87.703,-31.086,-20.617,96.801,42.005
2669007893000,-18.313,87.703,-31.086,-20.617,96.801,42.005
2669018605000,-18.313,87.703,-31.086,-20.617,96.801,42.005
2669029500000,-18.313,87.394,-30.69,-20.617,96.801,42.005
2669038381000,-18.748,87.394,-30.69,-20.617,96.801,42.005
2669048360000,-18.748,87.394,-30.69,-20.617,96.801,42.005
2669056661000,-18.748,87.394,-30.315,-20.617,96.801,42.005
2669068379000,-19.197,87.394,-30.315,-20.617,96.801,42.005
2669078389000,-19.197,87.394,-30.315,-20.617,96.801,42.005
2669087758000,-19.197,87.394,-29.998,-20.617,96.801,42.005
2669098378000,-19.626,87.394,-29.998,-20.617,96.801,42.005
2669108418000,-19.626,87.394,-29.998,-20.617,96.801,42.005
2669118459000,-19.626,87.086,-29.651,-20.617,96.801,42.005
2669128468000,-19.934,87.086,-29.651,-20.617,96.801,42.005
2669138448000,-19.934,87.086,-29.651,-20.617,96.801,42.005
2669148427000,-19.934,87.086,-29.296,-20.617,96.801,42.005
2669159718000,-19.934,87.086,-29.296,-20.617,96.801,42.005
2669167958000,-20.28,87.086,-29.296,-20.617,96.801,42.005
2669178517000,-20.28,87.086,-28.945,-20.617,96.801,42.005
2669188588000,-20.28,87.086,-28.945,-20.617,96.801,42.005
2669198689000,-20.28,87.086,-28.945,-20.617,96.801,42.005
2669208547000,-20.59,87.086,-28.64,-20.617,96.801,42.005
2669217153000,-20.59,86.763,-28.64,-20.617,96.801,42.005
2669227742000,-20.59,86.763,-28.64,-20.617,96.801,42.005
2669238606000,-20.59,86.763,-28.64,-20.617,96.801,42.005
2669248586000,-20.59,86.763,-28.261,-20.617,96.801,42.005
2669258595000,-20.59,86.763,-28.261,-20.617,96.801,42.005
2669268269000,-20.922,86.763,-28.261,-20.617,96.801,42.005
2669278554000,-20.922,86.763,-28.261,-20.617,96.801,42.005
2669288564000,-20.922,86.763,-28.261,-20.617,96.801,42.005
2669298634000,-20.922,87.126,-27.945,-20.617,96.801,42.005
2669308614000,-20.922,87.126,-27.945,-20.617,96.801,42.005
2669318593000,-20.922,87.126,-27.945,-20.617,96.801,42.005
2669328847000,-21.262,87.457,-27.945,-20.617,96.801,42.005
2669336629000,-21.262,87.457,-27.945,-20.617,96.801,42.005
2669348622000,-21.262,87.457,-27.945,-20.617,96.801,42.005
2669358632000,-21.262,87.901,-27.945,-20.617,96.801,42.005
2669368703000,-21.262,87.901,-27.945,-20.617,96.801,42.005
2669378896000,-21.262,88.278,-27.945,-20.617,96.801,42.005
2669388661000,-21.262,88.786,-27.945,-20.617,96.801,42.005
2669398854000,-21.602,89.105,-27.945,-20.617,96.801,42.005
2669409108000,-21.602,89.433,-27.945,-20.617,96.801,42.005
2669419301000,-21.602,89.433,-27.945,-20.617,96.801,42.005
2669430715000,-21.602,89.433,-27.945,-20.617,96.801,42.005
2669440785000,-21.602,89.433,-27.945,-20.617,96.801,42.005
2669450765000,-21.99,89.433,-27.945,-20.617,96.801,42.005
2669460347000,-21.99,89.433,-27.945,-20.617,96.801,42.005
2669469869000,-21.99,89.75,-27.945,-20.617,96.801,42.005
2669477925000,-21.99,89.75,-27.945,-20.617,96.801,42.005
2669487447000,-22.335,89.75,-27.945,-20.617,96.801,42.005
2669498830000,-22.335,89.75,-27.945,-20.617,96.801,42.005
2669508382000,-22.335,89.75,-27.945,-20.617,96.801,42.005
2669518819000,-22.335,89.75,-27.64,-20.617,96.801,42.005
2669528340000,-22.335,90.062,-27.64,-20.617,96.801,42.005
2669538899000,-22.335,90.062,-27.64,-20.617,96.801,42.005
2669548787000,-22.643,90.062,-27.64,-20.617,96.801,42.005
2669558644000,-22.643,90.062,-27.64,-20.617,96.801,42.005
2669568837000,-22.643,90.062,-27.64,-20.617,96.801,42.005
2669578847000,-22.643,90.062,-27.64,-20.617,96.801,42.005
2669586720000,-22.643,90.062,-27.64,-20.617,96.801,42.005
2669598897000,-22.643,90.062,-27.64,-20.617,96.801,42.005
2669608968000,-22.643,90.062,-27.64,-20.617,96.801,42.005
2669618947000,-22.643,90.062,-27.64,-20.617,96.801,42.005
2669626882000,-22.643,89.709,-27.64,-20.617,96.801,42.005
2669637532000,-22.643,89.709,-27.64,-20.617,96.801,42.005
2669646291000,-22.281,89.709,-27.64,-20.617,96.801,42.005
2669659108000,-22.281,89.709,-27.64,-20.617,96.801,42.005
2669668538000,-22.281,89.709,-27.64,-20.617,96.801,42.005
2669678548000,-21.875,89.709,-27.64,-20.617,96.801,42.005
2669688619000,-21.875,89.709,-27.64,-20.617,96.801,42.005
2669697438000,-21.569,89.709,-27.64,-20.617,96.801,42.005
2669708608000,-21.569,89.709,-27.64,-20.617,96.801,42.005
2669719014000,-21.569,89.709,-27.64,-20.617,96.801,42.005
2669728658000,-21.119,89.709,-27.64,-20.617,96.801,42.005
2669739278000,-21.119,89.709,-27.64,-20.617,96.801,42.005
2669748280000,-21.119,89.709,-27.64,-20.617,96.801,42.005
2669757039000,-20.699,89.709,-27.64,-20.617,96.801,42.005
2669766957000,-20.699,89.709,-27.64,-20.617,96.801,42.005
2669776265000,-20.699,89.709,-27.64,-20.617,96.801,42.005
2669788197000,-20.347,89.709,-27.64,-20.617,96.801,42.005
2669799123000,-20.347,89.709,-27.64,-20.617,96.801,42.005
2669808675000,-20.347,89.709,-27.64,-20.617,96.801,42.005
2669819142000,-19.92,89.709,-27.64,-20.617,96.801,42.005
2669829122000,-19.92,90.069,-27.64,-20.617,96.801,42.005
2669837575000,-19.601,90.069,-27.64,-20.617,96.801,42.005
2669846333000,-19.601,90.069,-27.64,-20.617,96.801,42.005
2669856313000,-19.259,90.399,-27.944,-20.617,96.801,42.005
2669866994000,-19.259,90.399,-27.944,-20.617,96.801,42.005
2669878285000,-18.939,90.399,-27.944,-20.617,96.801,42.005
2669889211000,-18.939,90.754,-27.944,-20.617,96.801,42.005
2669898793000,-18.577,90.754,-28.283,-20.617,96.801,42.005
2669907277000,-18.577,91.058,-28.283,-20.617,96.801,42.005
2669919576000,-18.187,91.058,-28.283,-20.617,96.801,42.005
2669929189000,-17.741,91.408,-28.283,-20.617,96.801,42.005
2669936452000,-17.325,91.408,-28.611,-20.617,96.801,42.005
2669949269000,-16.705,91.858,-28.611,-20.617,96.801,42.005
2669957082000,-16.179,92.991,-28.611,-20.617,96.801,42.005
2669969228000,-16.179,93.409,-28.611,-20.617,96.801,42.005
2669978871000,-15.787,94.143,-28.954,-20.617,96.801,42.005
2669989308000,-15.787,94.459,-28.954,-20.617,96.801,42.005
2669997945000,-15.376,94.459,-28.954,-20.617,96.801,42.005
2670007283000,-15.376,95.157,-28.954,-20.617,96.801,42.005
2670017079000,-15.066,95.157,-29.316,-20.617,96.801,42.005
2670026448000,-15.066,95.157,-29.316,-20.617,96.801,42.005
2670036458000,-14.737,95.157,-29.316,-20.617,96.801,42.005
2670046651000,-14.737,95.157,-29.316,-20.617,96.801,42.005
2670056813000,-14.737,95.485,-29.631,-20.617,96.801,42.005
2670067098000,-14.737,95.485,-29.631,-20.617,96.801,42.005
2670077260000,-14.737,95.485,-29.631,-20.617,96.801,42.005
2670087178000,-14.319,95.485,-29.631,-20.617,96.801,42.005
2670097615000,-14.319,95.485,-29.938,-20.617,96.801,42.005
2670107015000,-13.983,95.485,-29.938,-20.617,96.801,42.005
2670116567000,-13.983,95.939,-29.938,-20.617,96.801,42.005
2670127583000,-13.682,95.939,-30.283,-20.617,96.801,42.005
2670139119000,-13.682,96.406,-30.283,-20.617,96.801,42.005
2670146596000,-13.682,96.406,-30.283,-20.617,96.801,42.005
2670159078000,-13.328,96.871,-30.283,-20.617,96.801,42.005
2670169026000,-13.328,97.348,-30.668,-20.617,96.801,42.005
2670178975000,-13.328,97.875,-30.668,-20.617,96.801,42.005
2670189107000,-12.962,98.416,-30.668,-20.617,96.801,42.005
2670199696000,-12.962,98.781,-30.668,-20.617,96.801,42.005
2670209523000,-12.962,98.781,-31.026,-20.617,96.801,42.005
2670218862000,-12.558,99.166,-31.026,-20.617,96.801,42.005
2670228688000,-12.558,99.602,-31.026,-20.617,96.801,42.005
2670239613000,-12.558,99.602,-31.026,-20.617,96.801,42.005
2670247151000,-12.112,100.083,-31.371,-20.617,96.801,42.005
2670257771000,-12.112,100.083,-31.371,-20.617,96.801,42.005
2670266774000,-12.112,100.455,-31.371,-20.617,96.801,42.005
2670279775000,-11.688,100.455,-31.371,-20.617,96.801,42.005
2670288381000,-11.688,100.817,-31.742,-20.617,96.801,42.005
2670296864000,-11.688,100.817,-31.742,-20.617,96.801,42.005
2670307240000,-11.308,101.259,-31.742,-20.617,96.801,42.005
2670319203000,-11.308,101.888,-31.742,-20.617,96.801,42.005
2670328023000,-11.308,102.285,-32.064,-20.617,96.801,42.005
2670337209000,-10.96,103.165,-32.064,-20.617,96.801,42.005
2670347341000,-10.96,103.791,-32.064,-20.617,96.801,42.005
2670358601000,-10.96,104.468,-32.064,-20.617,96.801,42.005
2670367360000,-10.632,105.182,-32.064,-20.617,96.801,42.005
2670377370000,-10.632,105.89,-32.064,-20.617,96.801,42.005
2670388204000,-10.632,106.604,-32.401,-20.617,96.801,42.005
2670396901000,-10.632,107.042,-32.401,-20.617,96.801,42.005
2670406850000,-10.255,107.346,-32.401,-20.617,96.801,42.005
2670416799000,-10.255,107.683,-32.401,-20.617,96.801,42.005
2670429677000,-10.255,108.539,-32.401,-20.617,96.801,42.005
2670437734000,-10.255,108.539,-32.401,-20.617,96.801,42.005
2670448140000,-10.255,109.549,-32.401,-20.617,96.801,42.005
2670457723000,-10.255,110.436,-32.72,-20.617,96.801,42.005
2670468465000,-10.255,111.13,-32.72,-20.617,96.801,42.005
2670478444000,-10.255,111.853,-32.72,-20.617,96.801,42.005
2670486958000,-10.255,112.192,-32.72,-20.617,96.801,42.005
2670496907000,-9.93,112.538,-32.72,-20.617,96.801,42.005
2670506917000,-9.93,112.932,-32.72,-20.617,96.801,42.005
2670516988000,-9.93,112.932,-32.72,-20.617,96.801,42.005
2670526753000,-9.93,113.536,-32.72,-20.617,96.801,42.005
2670536885000,-9.93,114.006,-32.72,-20.617,96.801,42.005
2670547810000,-9.93,114.469,-32.72,-20.617,96.801,42.005
2670558705000,-9.93,115.203,-32.72,-20.617,96.801,42.005
2670570180000,-9.93,116.287,-32.72,-20.617,96.801,42.005
2670580434000,-9.93,116.648,-32.72,-20.617,96.801,42.005
2670588002000,-9.93,117.348,-32.72,-20.617,96.801,42.005
2670598531000,-9.93,118.114,-32.72,-20.617,96.801,42.005
2670609395000,-9.93,118.479,-32.72,-20.617,96.801,42.005
2670619862000,-9.93,118.791,-32.72,-20.617,96.801,42.005
2670628377000,-9.93,119.109,-32.72,-20.617,96.801,42.005
2670639943000,-9.93,119.109,-32.72,-20.617,96.801,42.005
2670649373000,-9.93,119.548,-32.415,-20.617,96.801,42.005
2670659810000,-9.93,119.87,-32.415,-20.617,96.801,42.005
2670667287000,-9.93,119.87,-32.415,-20.617,96.801,42.005
2670677174000,-9.607,119.87,-32.076,-20.617,96.801,42.005
2670687276000,-9.607,120.456,-32.076,-20.617,96.801,42.005
2670697255000,-9.607,120.456,-32.076,-20.617,96.801,42.005
2670707631000,-9.607,120.456,-31.743,-20.617,96.801,42.005
2670717641000,-9.607,120.456,-31.743,-20.617,96.801,42.005
2670727528000,-9.607,120.456,-31.743,-20.617,96.801,42.005
2670737721000,-9.607,120.456,-31.398,-20.617,96.801,42.005
2670747334000,-9.607,120.456,-31.398,-20.617,96.801,42.005
2670756886000,-9.607,120.456,-31.398,-20.617,96.801,42.005
2670766835000,-9.256,120.456,-31.078,-20.617,96.801,42.005
2670778981000,-9.256,120.456,-31.078,-20.617,96.801,42.005
2670788167000,-9.256,120.456,-31.078,-20.617,96.801,42.005
2670798940000,-9.256,120.778,-31.078,-20.617,96.801,42.005
2670808492000,-9.256,120.778,-31.078,-20.617,96.801,42.005
2670817647000,-9.256,120.778,-31.078,-20.617,96.801,42.005
2670827107000,-9.256,120.778,-31.078,-20.617,96.801,42.005
2670837148000,-9.256,120.778,-31.078,-20.617,96.801,42.005
2670847218000,-9.256,120.778,-31.078,-20.617,96.801,42.005
2670859273000,-9.256,120.778,-31.078,-20.617,96.801,42.005
2670870412000,-9.256,120.778,-31.078,-20.617,96.801,42.005
2670880361000,-9.256,120.778,-31.4,-20.617,96.801,42.005
2670888448000,-9.622,120.778,-31.4,-20.617,96.801,42.005
2670899617000,-9.622,120.778,-31.4,-20.617,96.801,42.005
2670908620000,-9.622,120.778,-31.794,-20.617,96.801,42.005
2670920705000,-9.622,120.357,-31.794,-20.617,96.801,42.005
2670928822000,-9.622,120.357,-32.122,-20.617,96.801,42.005
2670937612000,-9.622,120.041,-32.122,-20.617,96.801,42.005
2670947804000,-9.622,120.041,-32.122,-20.617,96.801,42.005
2670960256000,-9.622,119.695,-32.531,-20.617,96.801,42.005
2670967732000,-9.622,119.695,-32.531,-20.617,96.801,42.005
2670980275000,-9.933,118.946,-32.531,-20.617,96.801,42.005
2670987752000,-9.933,118.264,-32.937,-20.617,96.801,42.005
2671000173000,-9.933,117.215,-32.937,-20.617,96.801,42.005
2671009358000,-9.933,116.176,-33.248,-20.617,96.801,42.005
2671017476000,-9.933,114.997,-33.248,-20.617,96.801,42.005
2671029073000,-9.933,114.302,-33.666,-20.617,96.801,42.005
2671039906000,-9.933,113.536,-34.073,-20.617,96.801,42.005
2671049519000,-9.933,113.169,-34.073,-20.617,96.801,42.005
2671057607000,-9.933,112.796,-34.662,-20.617,96.801,42.005
2671070455000,-9.933,112.796,-34.662,-20.617,96.801,42.005
2671080312000,-9.933,112.796,-34.662,-20.617,96.801,42.005
2671089803000,-9.933,112.796,-34.662,-20.617,96.801,42.005
2671099904000,-9.933,112.07,-34.662,-20.617,96.801,42.005
2671108571000,-9.57,112.444,-34.662,-20.617,96.801,42.005
2671119710000,-8.735,111.861,-34.662,-20.617,96.801,42.005
2671128835000,-7.744,112.398,-34.984,-20.617,96.801,42.005
2671138692000,-7.202,112.398,-34.984,-20.617,96.801,42.005
2671149190000,-7.202,112.02,-34.984,-20.617,96.801,42.005
2671158803000,-7.202,111.414,-34.984,-20.617,96.801,42.005
2671167745000,-7.202,111.414,-34.984,-20.617,96.801,42.005
2671179494000,-7.202,111.414,-35.308,-20.617,96.801,42.005
2671189229000,-7.202,111.414,-35.308,-20.617,96.801,42.005
2671199269000,-7.202,111.414,-35.308,-20.617,96.801,42.005
2671208119000,-7.202,111.414,-35.308,-20.617,96.801,42.005
2671219075000,-7.202,111.414,-35.308,-20.617,96.801,42.005
2671230245000,-7.202,111.112,-35.308,-20.617,96.801,42.005
2671237752000,-7.202,111.112,-35.308,-20.617,96.801,42.005
2671248891000,-6.872,111.112,-35.308,-20.617,96.801,42.005
2671260152000,-6.872,111.112,-35.308,-20.617,96.801,42.005
2671268849000,-6.518,111.112,-35.308,-20.617,96.801,42.005
2671278645000,-6.518,111.112,-35.308,-20.617,96.801,42.005
2671290578000,-6.518,111.112,-35.308,-20.617,96.801,42.005
2671297810000,-6.12,111.112,-34.995,-20.617,96.801,42.005
2671308858000,-6.12,111.112,-34.995,-20.617,96.801,42.005
2671318379000,-6.12,111.112,-34.995,-20.617,96.801,42.005
2671330220000,-6.12,111.112,-34.995,-20.617,96.801,42.005
2671340749000,-6.12,111.112,-34.995,-20.617,96.801,42.005
2671348927000,-6.12,111.112,-34.995,-20.617,96.801,42.005
2671360768000,-5.803,111.112,-34.995,-20.617,96.801,42.005
2671368855000,-5.803,111.112,-34.995,-20.617,96.801,42.005
2671380513000,-5.803,111.475,-34.995,-20.617,96.801,42.005
2671388783000,-5.803,111.475,-34.995,-20.617,96.801,42.005
2671400563000,-5.803,111.826,-34.995,-20.617,96.801,42.005
2671411214000,-5.803,111.826,-34.995,-20.617,96.801,42.005
2671419667000,-5.803,112.158,-34.995,-20.617,96.801,42.005
2671430226000,-5.491,112.158,-34.665,-20.617,96.801,42.005
2671440724000,-5.491,112.158,-34.665,-20.617,96.801,42.005
2671449757000,-5.491,112.535,-34.665,-20.617,96.801,42.005
2671460164000,-5.491,112.535,-34.665,-20.617,96.801,42.005
2671470265000,-5.491,112.535,-34.665,-20.617,96.801,42.005
2671479054000,-5.491,112.535,-34.665,-20.617,96.801,42.005
2671487843000,-5.179,112.856,-34.665,-20.617,96.801,42.005
2671497975000,-5.179,112.856,-34.665,-20.617,96.801,42.005
2671507893000,-5.179,112.856,-34.351,-20.617,96.801,42.005
2671517903000,-5.179,112.856,-34.351,-20.617,96.801,42.005
2671527669000,-5.179,112.856,-34.351,-20.617,96.801,42.005
2671537923000,-5.179,113.196,-34.351,-20.617,96.801,42.005
2671547749000,-5.179,113.196,-34.351,-20.617,96.801,42.005
2671559132000,-5.179,113.196,-34.351,-20.617,96.801,42.005
2671567647000,-5.179,113.196,-34.351,-20.617,96.801,42.005
2671577626000,-5.179,113.196,-34.351,-20.617,96.801,42.005
2671587666000,-4.86,113.196,-34.351,-20.617,96.801,42.005
2671597646000,-4.86,113.196,-34.351,-20.617,96.801,42.005
2671607686000,-4.86,113.196,-34.351,-20.617,96.801,42.005
2671617665000,-4.86,113.196,-34.351,-20.617,96.801,42.005
2671627736000,-4.86,113.196,-34.351,-20.617,96.801,42.005
