54403974704000,0.49200845,9.252991,2.6886885
54403984714000,1.4867992,10.09994,2.7581203
54403994693000,-0.23223756,10.226832,1.75076
54404004703000,-1.5508442,10.051457,1.073201
54404014743000,-2.2092497,9.622895,1.228824
54404024753000,-2.2882583,9.3661175,1.2234371
54404034976000,-1.7244238,9.558251,0.88944596
54404044742000,-1.1270704,9.752781,0.9056068
54404054752000,-0.9463082,9.79827,1.4371196
54404064731000,-0.9947908,9.758766,2.1841104
54404077548000,-1.0684125,9.642049,2.4145525
54404088718000,-0.60812724,7.908048,1.4293385
54404098728000,0.688333,8.797494,2.3008277
54404105228000,-0.39923313,10.605715,2.4001873
54404117282000,-1.7729063,9.96766,2.4929626
54404128665000,-2.2439656,9.19553,1.9393034
54404138553000,-1.79206,9.460688,1.8273745
54404148593000,-1.1192893,9.8276,1.7369933
54404158573000,-0.61530983,9.711481,1.3186066
54404168827000,-0.4441244,9.730036,0.91817635
54404176547000,-0.45908818,9.822212,1.009156
54404189182000,-0.40462008,9.547478,0.91219085
54404198703000,-0.39803603,9.565434,1.2030864
54404208744000,-0.46447513,9.901221,1.1791444
54404219120000,-0.5847838,9.6923275,0.6943185
54404228763000,-0.6901286,9.603742,0.7206547
54404238956000,-0.44771573,9.755175,0.599149
54404247196000,-0.25258827,9.852738,0.6805518
54404258792000,-0.3298013,9.9473095,0.8523358
54404268741000,-0.30107087,9.80665,0.86729956
54404278720000,-0.06703765,9.778519,1.0570401
54404286533000,-0.22505496,9.8437605,1.0145429
54404298252000,-0.30645782,9.780912,0.6895301
54404309177000,-0.17178397,9.765948,0.52612585
54404319187000,-0.22984336,9.8198185,0.6913257
54404329227000,-0.48482585,9.880272,0.98940384
54404338047000,-0.42796355,9.827001,1.0618285
54404347995000,-0.31004912,9.774927,0.985214
54404356479000,-0.12030864,9.788693,0.8206126
54404368106000,-0.08259996,9.655815,1.1641805
54404378147000,-0.5243302,9.523536,1.5807717
54404387638000,-0.7529764,9.64564,1.3126211
54404398349000,-0.6440403,9.710882,1.0726024
54404408176000,-0.47764325,9.667787,1.0534488
54404415805000,-0.23403321,9.957485,1.1917139
54404429294000,-0.25139117,9.998186,1.0007763
54404438388000,-0.34356794,9.990405,0.81761986
54404448215000,-0.3369839,10.073604,0.62368953
54404459323000,-0.44951138,9.9473095,0.58298814
54404469364000,-0.4333505,9.953295,0.43275195
54404478183000,-0.5177461,10.002377,0.15502456
54404488376000,-0.8972271,10.052654,-0.01616086
54404498203000,-1.1647792,9.846753,0.011971008
54404509372000,-1.091756,9.813234,0.2124854
54404519382000,-0.8655039,9.986216,0.5674258
54404529483000,-0.75477207,10.43034,0.3298013
54404536411000,-0.80445176,10.75655,0.079008654
54404548435000,-0.96426475,10.716447,0.04129998
54404558658000,-1.1438298,10.481815,0.089782566
54404568851000,-1.3676877,10.369886,0.016759412
54404579288000,-1.7824832,10.229825,-0.7673417
54404589206000,-2.2176294,11.024101,-0.89543146
54404599216000,-2.1877017,11.980585,0.4345476
54404618320000,-1.6795325,11.864467,1.3162124
54404629520000,-1.134253,11.506534,1.1264719
54404638401000,-0.82719666,11.304223,0.6135142
54404648349000,-0.6242881,11.120468,0.581791
54404658420000,-0.4938041,10.5919485,0.47105917
54404666172000,-0.16160862,10.029311,0.39145198
54404678409000,0.58418524,9.849746,0.15023616
54404687808000,1.1971009,10.0341,-1.4383167
54404695621000,1.6484078,9.768942,-2.2870612
54404708377000,1.210269,8.674192,-1.9973627
54404718418000,0.093972415,8.15525,-1.6597804
54404728427000,-0.29927522,8.1079645,-1.525705
54404738071000,0.1412579,7.98586,-1.3281834
54404748447000,0.95708215,8.215105,-0.7691373
54404758731000,1.827973,8.760384,-0.30645782
54404768314000,2.6007016,9.24521,-0.16160862
54404778232000,2.9963434,9.862914,-0.2160767
54404788516000,2.9257145,10.466851,-0.2088941
54404798526000,2.2409728,10.5704,-0.4369418
54404808505000,1.2084733,10.396222,-0.53809685
54404818546000,0.30406362,10.268132,-0.25378537
54404828525000,-0.4369418,10.118495,-0.38965634
54404838535000,-1.1174936,9.870096,-0.78888947
54404848545000,-1.5502456,9.770139,-0.91578215
54404857120000,-1.3880384,9.734824,-0.62608373
54404868595000,-0.6380547,9.570223,-0.05865794
54404879703000,-0.19871874,9.3343935,0.2753332
54404886875000,-0.0023942017,8.975264,0.22744916
54404898654000,0.08200141,8.528745,0.5626374
54404908603000,0.044891283,8.020576,0.96665895
54404918704000,0.15263036,7.702147,1.1468226
54404928684000,0.15023616,7.563283,1.3844471
54404938877000,-0.06344634,7.4567413,1.2389994
54404948642000,-0.31124622,7.431602,0.93972415
54404958744000,-0.700304,7.471705,0.7086837
54404968662000,-1.1653777,7.7027454,0.789488
54404978702000,-1.6927006,8.325238,1.0348936
54404988712000,-2.461838,8.938752,1.3245921
54404998844000,-3.3225534,9.449914,2.0524294
54405008731000,-4.1958385,9.645041,2.7766755
54405018741000,-4.8380833,9.999982,3.0053217
54405028751000,-4.8644195,10.71106,3.3213563
54405038791000,-4.4244847,11.757326,4.173692
54405048770000,-3.4805708,14.5088625,3.2603042
54405059909000,-5.1158104,13.376405,4.407127
54405069889000,-7.809886,12.747329,5.1523223
54405079929000,-11.349114,12.033856,2.722806
54405088840000,-15.572487,10.702082,-1.9644425
54405098819000,-18.950705,7.425018,-4.5561657
54405110172000,-13.239936,8.902839,-7.9272017
54405116275000,-3.9546227,15.840637,-5.758055
54405126102000,2.260725,18.073828,-0.3429694
54405138553000,5.3995233,14.817715,-0.17896658
54405148838000,6.9503675,9.866506,-1.1528081
54405158420000,6.7588315,5.9160724,6.63553
54405168827000,3.1441853,6.4607534,3.6697125
54405178165000,0.24181437,10.506954,-2.143409
54405189151000,-3.9336734,11.622652,-3.654749
54405198276000,-8.212111,9.320627,-1.2384008
54405208011000,-9.997588,7.361572,1.2138603
54405216098000,-6.785766,8.46889,0.66259533
54405226383000,-3.7086184,9.036914,0.109534726
54405236515000,-1.258153,9.442732,-0.5770026
54405246555000,0.9564836,9.892841,-2.095525
54405256687000,2.0763714,9.85214,-3.2531216
54405266849000,1.3180081,9.56723,-3.3859997
54405277561000,-0.6404489,9.499594,-3.1747115
54405296146000,-2.309806,9.609129,-2.392406
54405305912000,-3.66672,9.41041,-0.81402856
54405315891000,-4.016872,9.0716305,-0.39444473
54405325901000,-2.932897,9.342773,-0.8810662
54405336093000,-2.0751743,9.38168,-1.228824
54405346073000,-1.3563153,9.596559,-1.4694413
54405356082000,-1.049259,9.932944,-1.043872
54405366092000,-1.5969325,9.711481,-0.83976626
54405376132000,-2.0410569,9.583989,-0.8146271
54405386264000,-2.168548,9.673772,-0.9427169
54405398654000,-2.2397757,9.603742,-0.8726865
54405408969000,-2.088941,9.512762,-0.9756372
54405417728000,-1.8381484,9.545084,-1.0881647
54405429111000,-1.8249803,9.42238,-1.115698
54405439182000,-2.1230583,9.248801,-1.062427
54405449161000,-2.5893292,9.019556,-0.9756372
54405458713000,-2.8191724,9.114726,-0.7763199
54405466312000,-2.9735985,9.147048,-0.736217
54405476566000,-3.0561984,9.02614,-0.49320555
54405488986000,-2.9281087,9.073426,-0.32441434
54405497531000,-2.5635915,9.454104,-0.48362875
54405509189000,-2.4037786,9.580399,-0.6997054
54405519229000,-2.510919,9.269152,-1.0055647
54405529209000,-2.5540147,9.035717,-0.86490536
54405539188000,-2.280477,9.305065,-0.3890578
54405549259000,-1.946486,9.42238,-0.51834464
54405559513000,-1.8207904,9.31524,-1.1216835
54405569217000,-1.6519991,9.403826,-1.7345991
54405579410000,-1.460463,9.457097,-2.022502
54405589267000,-1.3024458,9.625888,-1.8255788
54405599338000,-1.3389573,9.718663,-1.8411411
54405609348000,-1.6280571,9.592968,-2.191293
54405619297000,-1.9907787,9.470264,-2.4779987
54405627323000,-2.1841104,9.320028,-2.498948
54405638919000,-2.0278888,9.11293,-2.4025815
54405649387000,-1.5466543,9.123704,-2.3469162
54405659610000,-0.9828198,9.604341,-2.6431987
54405668979000,-0.8451532,9.955689,-3.1860838
54405679416000,-1.1127052,10.077793,-3.5326445
54405688938000,-1.5119383,10.499771,-3.2154129
54405699405000,-2.2349873,10.507553,-2.585738
54405707279000,-2.5677812,9.754577,-1.6460136
54405719455000,-2.6755204,9.489418,-1.3257892
54405729404000,-2.3349452,10.052056,-1.620276
54405739231000,-2.2583308,10.35193,-2.367267
54405749485000,-2.5354595,10.562619,-3.0998926
54405759525000,-2.9191303,10.688315,-3.311181
54405769535000,-2.907758,11.38383,-2.9855695
54405779544000,-2.700061,12.939463,-2.1709423
54405789432000,-3.0172927,13.926473,-1.2880806
54405799533000,-3.0172927,14.900314,-1.1486182
54405810886000,-2.3307555,15.987881,-1.4449008
54405817630000,-1.4239515,16.673819,-1.3210008
54405829502000,-0.90021986,16.534357,-0.7218518
54405839694000,-0.80564886,16.078262,0.2861071
54405849582000,-1.353921,16.042349,1.5059528
54405858310000,-1.9087774,16.423626,1.0749966
54405869510000,-2.1392193,15.650298,-0.94092125
54405879520000,-2.1057005,14.092271,-3.335123
54405888431000,-1.666963,12.955624,-5.305551
54405899631000,-1.5292963,11.824963,-4.620809
54405909641000,-2.355296,10.280702,-3.071761
54405919651000,-4.39755,8.650849,-2.0608091
54405929721000,-7.2340803,6.0746884,0.25917232
54405938449000,-9.764751,1.4987702,2.7928362
54405950229000,-7.445967,1.8836381,0.52373165
54405960208000,-4.0372224,4.8919525,0.4770447
54405969974000,-1.2066777,5.6000376,0.2896984
54405980625000,1.1923125,5.0523643,-0.56323594
54405998416000,3.496133,5.0182467,-0.8822633
54406009616000,5.2462945,4.9057193,0.5105635
54406019840000,5.7185507,4.131195,4.26946
54406029636000,3.6655228,2.9801826,5.1038394
54406039615000,1.388637,3.3638535,1.8004397
54406049686000,-0.8158242,4.135385,-0.6733692
54406060886000,-2.9843724,4.634576,-0.80564886
54406070865000,-4.642956,4.6255975,-0.4758476
54406080875000,-5.6646814,4.4328647,-0.26755205
54406090885000,-5.9388175,4.6046486,-0.23582886
54406099521000,-5.504868,5.4049106,-0.13587095
54406108158000,-4.8859673,6.126762,0.0700304
54406119724000,-4.2634745,6.452972,0.480636
54406129734000,-3.4901476,6.88752,0.8535329
54406139743000,-2.8802247,7.5626845,0.64942724
54406149753000,-2.5139117,8.209718,0.56682724
54406159763000,-2.540248,8.561666,0.75118077
54406169803000,-2.9921536,8.787917,0.94451255
54406179538000,-3.5122938,9.288305,0.7302315
54406189792000,-4.052785,9.870096,0.30466217
54406200138000,-4.722563,10.237606,-0.021547815
54406209568000,-5.4300494,10.596737,-0.24540567
54406219821000,-6.0124393,11.083957,-0.480636
54406229831000,-6.585252,11.423933,-0.6745663
54406238864000,-7.0593038,11.348516,-0.7757214
54406249851000,-7.2634096,10.99597,-0.7529764
54406257205000,-6.9844847,10.688315,-0.58298814
54406269870000,-6.239888,10.502765,-0.33399114
54406279880000,-5.4486046,10.521319,-0.034117375
54406289493000,-4.8267107,10.778696,0.2801216
54406299900000,-4.674679,11.062409,0.682946
54406308567000,-4.7907977,11.112088,1.0073603
54406319919000,-4.743512,11.2132435,1.2096704
54406329929000,-4.746505,11.448474,1.4395138
54406339939000,-5.2277393,11.416751,1.3826514
54406349613000,-5.7365074,11.199477,1.5939398
54406359928000,-6.0621185,11.035474,1.7393875
54406369968000,-6.666056,10.84334,1.8477252
54406381534000,-7.771579,10.048465,1.9165585
54406389011000,-8.781932,9.339781,1.869273
54406398532000,-9.273342,9.257181,2.0015526
54406410099000,-8.161235,11.054029,1.7950528
54406418613000,-7.963713,10.842142,1.4251486
54406429630000,-8.552687,10.598533,4.5459905
54406440128000,-8.1163435,12.085332,5.5701103
54406450168000,-5.400122,11.639412,2.4756045
54406458347000,-1.5819688,11.000758,-2.1092918
54406470188000,2.28347,15.50904,-10.053253
54406480167000,9.758766,19.608511,-6.6654577
54406490177000,8.182783,15.22413,-5.379173
54406500217000,3.558981,6.3751607,-5.9705405
54406510166000,-0.7757214,5.901707,7.617751
54406520175000,-4.662708,4.7896004,6.2434793
54406530216000,-6.6564794,4.8548427,-2.5629928
54406541477000,-8.039729,7.953538,-4.010288
54406551334000,-8.37013,11.179725,-2.666542
54406561557000,-7.633912,10.296265,0.4914099
54406569644000,-5.815516,8.914211,1.6980876
54406579807000,-3.840898,8.6712,0.80205756
54406590305000,-2.379238,8.811261,-0.4902128
54406600284000,-1.6352397,9.34038,-0.9876082
54406610294000,-1.1282675,10.073604,-0.2208651
54406619937000,-1.292869,10.019734,-0.39683893
54406630680000,-2.6264393,9.448118,-0.6194997
54406640750000,-3.57993,9.138069,-0.7308301
54406650699000,-4.201824,9.054871,-0.40222588
54406660739000,-4.1557355,8.981848,-0.5363012
54406670688000,-3.3794158,9.099762,-1.0552444
54406690372000,-2.6719291,9.308656,-1.4281414
54406700382000,-2.3002293,9.448717,-1.5173253
54406710391000,-2.0847511,9.329605,-1.6095021
54406721561000,-1.9572599,9.208099,-1.602918
54406729648000,-1.9249382,9.227852,-1.4951789
54406740634000,-2.0428526,9.252393,-1.6705543
54406750431000,-2.2703018,9.363723,-1.8237832
54406760440000,-2.4779987,9.440337,-1.5717934
54406770481000,-2.4474726,9.322423,-1.3652935
54406779972000,-2.1948843,9.318831,-1.1366472
54406790470000,-2.0566192,9.229648,-1.0767922
54406800510000,-1.9853917,9.098565,-1.3515269
54406810489000,-2.03567,9.101558,-1.4191631
54406820499000,-2.1888988,8.951322,-1.5580268
54406830539000,-2.2732944,8.876503,-1.774702
54406840488000,-2.2008698,8.962095,-1.9907787
54406850528000,-2.1583729,9.0429,-2.211644
54406861453000,-2.15957,9.227253,-1.9482816
54406868961000,-2.15538,9.416994,-1.3611037
54406880619000,-2.2014685,9.358934,-1.1994951
54406889438000,-2.3403323,9.321824,-1.377863
54406900638000,-2.4768016,9.216479,-1.489792
54406910221000,-2.5821466,9.155427,-1.4508862
54406920719000,-2.7102363,9.307459,-1.3269863
54406930637000,-2.9299042,9.346964,-1.1312603
54406940616000,-3.1507695,9.2907,-1.021127
54406950626000,-3.1172507,9.347562,-0.9032126
54406960636000,-2.9083564,9.366715,-0.92416185
54406970645000,-2.7575219,9.36492,-1.0737995
54406981876000,-2.6599581,9.431957,-0.9720459
54406991825000,-2.64679,9.498397,-0.866701
54406999546000,-2.7928362,9.519944,-0.9792285
54407009983000,-3.0502129,9.334992,-1.1659763
54407020694000,-3.0358477,9.242816,-1.4161704
54407030673000,-2.7491422,9.456498,-1.5400703
54407040714000,-2.473809,9.679757,-1.8082209
54407050724000,-2.368464,9.809045,-2.2499511
54407058902000,-2.292448,10.163984,-2.367267
54407070713000,-2.4157495,10.198102,-2.070386
54407080692000,-2.7395654,9.8515415,-1.4047978
54407090671000,-2.831742,9.691729,-0.9983821
54407100711000,-2.9137435,9.911396,-1.1204864
54407110752000,-3.3195608,10.213664,-1.1857284
54407120700000,-3.7217865,10.365696,-0.87567925
54407130680000,-3.3734303,10.780492,-1.3784616
54407140720000,-3.0101101,11.8094,-1.6591818
54407150791000,-2.7874494,13.262082,-1.7615339
54407160678000,-2.7329812,14.261063,-1.757344
54407170688000,-2.7569232,14.7159605,-1.3503298
54407182102000,-2.8383262,15.266627,-0.7326257
54407191959000,-2.8688521,15.91785,0.014963761
54407201938000,-2.415151,16.610373,0.16639702
54407211948000,-1.95307,17.560272,-0.39145198
54407221958000,-1.5699978,18.30427,-1.7986441
54407231967000,-1.4891934,18.06964,-2.7036524
54407241123000,-1.7405846,16.477495,-3.657143
54407250339000,-1.9853917,14.117411,-4.5082817
54407259922000,-3.2010477,12.587516,-4.4921207
54407270725000,-5.5617304,10.829573,-4.795586
54407280704000,-8.392276,9.017162,-4.39755
54407290683000,-11.091738,5.981913,-1.9578584
54407300724000,-11.00435,2.9388826,0.5686229
54407310642000,-6.075287,6.1608796,1.3892355
54407320163000,-1.4873978,8.750209,2.493561
54407330203000,0.4758476,6.7708025,3.1118636
54407341464000,2.2068555,5.4007206,0.6997054
54407351200000,4.359243,5.911284,-1.5490485
54407362888000,5.1636944,6.308123,0.6991069
54407371494000,2.5073278,5.4192758,3.0310593
54407389804000,-1.2773066,4.498705,0.36391866
54407398807000,-5.0906715,4.5435963,-0.79248077
54407408206000,-8.291719,4.8739963,1.4862007
54407418643000,-10.016742,4.5280337,3.4715924
54407430454000,-8.969278,3.839701,3.0579941
54407440677000,-6.0441623,3.5087025,2.6312277
54407449405000,-4.1252093,3.3010056,2.7724855
54407461521000,-2.475006,3.5697548,2.6162639
54407468723000,-1.7818847,3.5745432,2.1440077
54407480716000,-2.7072437,3.2932243,2.1942859
54407490695000,-3.7433343,3.426701,2.393603
54407498844000,-4.648941,3.6116533,2.3026235
54407510715000,-5.0146556,4.006098,1.7310078
54407520694000,-4.923676,4.4418426,1.3485341
54407530704000,-4.9506106,4.71957,1.1360487
54407540683000,-5.1104236,5.0840874,0.98222125
54407550724000,-5.360019,5.421071,0.9379285
54407560672000,-5.470751,5.6138043,0.90500826
54407570682000,-5.33488,5.708974,0.90021986
54407580692000,-5.243302,5.8083334,0.9175778
54407590213000,-5.245696,6.0716953,0.81642276
54407600711000,-5.131373,6.740875,0.66379243
54407610691000,-4.9781437,7.5016327,0.5410896
54407620731000,-5.096657,7.9649105,0.35673606
54407630710000,-5.383961,8.289924,0.0724246
54407640933000,-5.6485205,8.528745,-0.20051439
54407652500000,-5.8322754,8.599374,-0.6338649
54407662387000,-5.864597,8.641273,-0.79846627
54407672397000,-5.7335143,8.540117,-0.7248446
54407682407000,-5.4222684,8.418014,-0.7374141
54407690708000,-4.8937483,8.671799,-0.8834604
54407699405000,-4.2969937,9.269152,-0.748188
54407710727000,-3.9600096,9.85633,-0.5482722
54407721469000,-3.819949,10.359112,-0.557849
54407731479000,-3.697246,11.046248,-0.5626374
54407740818000,-3.7152026,11.876437,-0.4321534
54407749057000,-4.0599675,12.388198,-0.049081136
54407761508000,-4.5675383,12.501923,0.46746787
54407771488000,-5.167286,12.290634,0.7146692
54407779727000,-5.434838,11.849503,0.7930793
54407790378000,-5.116409,11.923124,1.158195
54407801486000,-5.1780596,12.473192,1.9488802
54407811466000,-6.2422824,12.486361,2.4636335
54407822452000,-7.73806,12.092514,2.5360582
54407830692000,-9.3104515,11.464036,2.6850972
54407840579000,-10.373477,10.885837,3.1346085
54407851474000,-10.563218,10.778696,3.3201592
54407861515000,-8.747216,12.324752,1.3030443
54407869937000,-7.109582,10.151415,3.342904
54407881534000,-3.168726,9.072228,0.035913024
54407890750000,1.3108255,10.83496,-2.617461
54407901554000,5.307347,14.620791,-9.406818
54407911502000,11.277887,19.608511,-8.752603
54407921482000,14.221559,18.529924,-9.074623
54407931491000,9.8198185,9.39365,-8.717288
54407941013000,4.295198,8.566454,1.276708
54407949649000,-3.0753522,7.689577,10.358514
54407962436000,-7.6650367,5.507262,-0.97384155
54407970676000,-10.465055,4.575918,-4.2730513
54407982425000,-11.27669,6.775591,-4.3634324
54407990726000,-9.956886,9.087193,-3.1370027
54408002994000,-7.252037,9.241618,-0.2669535
54408010715000,-5.058948,8.889072,1.7579426
54408023136000,-2.9412768,9.56723,1.6226702
54408031833000,-1.2413936,9.579201,-0.8535329
54408042118000,-0.29209262,9.312247,-2.6150668
54408051853000,-0.24779987,9.426571,-2.574964
54408070682000,-1.8956091,9.390657,-0.9564836
54408082431000,-3.958214,9.459491,-0.14544775
54408090702000,-5.0906715,9.366715,-0.6326678
54408102878000,-4.7602715,9.100361,-1.1252748
54408110141000,-3.5871127,8.971672,-1.3808558
54408121311000,-2.4534583,9.267955,-1.0672154
54408130680000,-1.762731,9.45171,-1.0941502
54408140903000,-1.6514006,9.354745,-1.2779051
54408152896000,-2.03567,9.175778,-1.5849615
54408160709000,-2.5318682,9.000402,-1.6663644
54408172885000,-2.7575219,8.929773,-1.7088615
54408181491000,-2.9245174,9.015367,-1.7741034
54408191898000,-2.9616275,9.078813,-1.8746599
54408202854000,-2.8060043,9.17099,-1.6645688
54408210697000,-2.5887306,9.03452,-1.3856442
54408222995000,-2.4522612,8.87351,-1.258153
54408232273000,-2.4319103,8.949526,-1.3754689
54408239688000,-2.533664,9.037513,-1.7537527
54408252933000,-2.6390088,9.064447,-2.2002714
54408260715000,-2.678513,9.176376,-2.5001452
54408271518000,-2.7964275,9.245809,-2.3157916
54408283023000,-2.734777,9.251195,-1.7501614
54408290744000,-2.4827871,9.316438,-1.2090719
54408299564000,-2.3409307,9.25359,-1.2084733
54408312900000,-2.3810337,9.073426,-1.6376339
54408321475000,-2.5851393,8.922591,-1.9536686
54408332920000,-2.8886044,9.0016,-2.0841527
54408340793000,-3.0891187,9.155427,-1.8746599
54408352695000,-3.0992942,9.362526,-1.4909891
54408362369000,-2.9981391,9.512762,-1.0456676
54408373081000,-2.8909986,9.551667,-0.81043726
54408381473000,-2.9454668,9.435549,-0.99060094
54408393131000,-3.0442274,9.350554,-1.2641385
54408403079000,-3.098097,9.308058,-1.4359225
54408411045000,-3.1519666,9.239823,-1.4556746
54408419132000,-3.3746274,9.175778,-1.513734
54408429172000,-3.691859,8.977059,-1.3563153
54408440525000,-3.8432922,8.787917,-0.8499416
54408452945000,-3.7295678,8.84478,-0.2885013
54408460910000,-3.6822822,9.078813,0.044891283
54408472354000,-3.9031472,9.109938,0.12090719
54408482395000,-4.185065,9.115324,-0.4225766
54408491489000,-4.390966,9.215881,-0.9947908
54408502933000,-4.44723,9.358934,-1.2749124
54408511630000,-4.457405,9.367314,-1.4706384
54408522953000,-4.4556093,9.330803,-1.1797429
54408531314000,-4.2305546,9.448118,-0.8230068
54408543552000,-4.0880995,9.617508,-0.17417817
54408551792000,-3.8145618,9.894637,0.25498247
54408563053000,-3.4608185,10.253169,-0.3226187
54408570651000,-3.435081,10.395624,-1.1563994
54408580509000,-3.6900635,10.547057,-1.2940661
54408593143000,-3.8181531,11.027693,-1.0229226
54408602420000,-3.8672342,12.070967,-0.6099229
54408611606000,-3.9917328,12.707824,-1.228824
54408623203000,-4.2155905,12.645575,-2.3702598
54408631320000,-4.220379,12.955624,-2.854487
54408643436000,-3.888782,14.170681,-2.4271219
54408653324000,-3.470994,15.546749,-2.1493945
54408663333000,-3.5613751,16.164454,-2.6683378
54408673343000,-3.9360676,16.273987,-3.4356794
54408683322000,-3.9390604,16.027983,-3.977966
54408693637000,-4.0144777,15.297153,-3.9270895
54408703739000,-4.2102036,14.419679,-3.5404258
54408713901000,-4.525041,12.698247,-3.0879216
54408724216000,-5.497087,10.123882,-0.7206547
54408733005000,-6.2704144,7.72968,1.6927006
54408744388000,-6.2793927,5.66109,1.8321629
54408763431000,-5.855619,3.807978,1.9189527
54408773441000,-7.316082,2.0937295,2.9640217
54408783451000,-7.2987237,1.9847932,0.9415198
54408793460000,-4.601057,4.8141413,0.9576807
54408803470000,-1.894412,7.128137,2.0883424
54408813480000,1.6304513,7.671621,2.006341
54408822025000,4.9296613,7.3849154,2.4720132
54408831394000,6.281188,6.3470287,3.1172507
54408842929000,4.395156,4.9164934,2.9604304
54408852939000,1.2844892,4.83928,1.2497733
54408863864000,-1.4610616,6.3302693,-1.3742718
54408872623000,-4.5364137,7.630321,-2.7102363
54408881687000,-7.7224975,7.965509,-0.13946225
54408891910000,-10.102334,7.2340803,4.9027267
54408904239000,-10.358514,6.3967085,4.8105497
54408914157000,-8.826823,6.301539,2.4432828
54408924015000,-7.355586,6.4900823,0.96426475
54408933933000,-5.6904187,6.5361705,0.943914
54408943912000,-4.3783965,6.399701,1.8860323
54408952457000,-4.5902834,5.831078,1.5155296
54408961673000,-5.9160724,5.2875943,0.6733692
54408971073000,-6.4044895,5.2444987,0.38187516
54408979648000,-6.0998273,5.189432,0.533907
54408989688000,-5.8238955,5.015254,0.57760113
54408999668000,-5.4366336,5.039196,0.54527944
54409009677000,-5.024831,5.1601033,0.5105635
54409019504000,-4.903325,5.2564697,0.39983168
54409029636000,-5.0182467,5.3899465,0.3184288
54409039524000,-4.982932,5.619191,0.036511578
54409053195000,-4.9524064,5.8639984,-0.26755205
54409062839000,-5.1523223,5.9956794,-0.3812766
54409072818000,-5.4845176,6.153697,-0.46746787
54409083591000,-5.689222,6.501455,-0.59855044
54409093265000,-5.7143607,6.8480153,-0.66738373
54409103275000,-5.6563015,6.907272,-0.5626374
54409113285000,-5.602432,6.999449,-0.48362875
54409123325000,-5.5988407,7.2209125,-0.47764325
54409133304000,-5.5778913,7.6015906,-0.53809685
54409143314000,-5.5312047,8.08462,-0.3633201
54409153324000,-5.5725045,8.429385,-0.008978256
54409164524000,-5.7335143,8.750807,0.33279404
54409170597000,-5.796961,9.508572,0.59974754
54409183261000,-5.6826377,10.4488945,0.5315128
54409193210000,-5.381567,11.19409,0.41958386
54409203037000,-5.085883,11.811794,0.59735334
54409213260000,-5.103241,12.129624,1.0606314
54409223148000,-5.3642087,12.028469,1.3533225
54409230686000,-5.7023897,11.963227,1.2090719
54409243289000,-6.0531406,12.196063,1.0564415
54409253269000,-6.59004,12.480375,1.2605472
54409262912000,-7.478289,12.375628,2.022502
54409269962000,-8.435371,11.930905,2.5540147
54409283420000,-9.09617,11.849503,2.36188
54409293338000,-9.476251,12.21402,2.4313118
54409303989000,-9.909601,11.936892,2.9694088
54409314029000,-9.742605,11.192893,3.4380736
54409321262000,-8.540716,11.669339,3.0430303
54409334079000,-6.6923923,12.570756,2.355296
54409343143000,-3.1483753,9.859323,1.2006922
54409353397000,-0.3728969,7.0784574,-4.742315
54409363346000,2.058415,6.2087636,-15.28159
54409373264000,8.226477,15.846024,-17.699137
54409382877000,15.215751,19.608511,-15.362994
54409390689000,12.36246,14.689625,-14.025832
54409403781000,5.8478374,6.1782374,1.4089876
54409411807000,-2.2319946,4.004901,19.512146
54409422306000,-3.196858,9.136872,1.520318
54409431766000,-4.900931,8.815451,-1.6921021
54409452884000,-6.8067155,7.093421,-0.8571242
54409462894000,-6.2752028,8.057686,-5.876568
54409471652000,-6.647501,8.53054,-3.6326025
54409484165000,-8.191761,7.6225395,1.520318
54409492862000,-7.885902,8.573038,-0.17238252
54409502902000,-6.8013287,9.452907,-0.8858546
54409512882000,-5.099051,9.284116,-0.4866215
54409522403000,-3.0053217,9.167996,-0.7667431
54409532901000,-1.5269021,8.967483,-0.80445176
54409542911000,-0.9804256,8.933964,-1.1360487
54409552921000,-1.0995371,9.599552,-2.1242554
54409562900000,-1.87047,10.037092,-2.9855695
54409571659000,-3.2638955,9.497798,-3.1004913
54409582920000,-4.305373,8.859743,-2.3660698
54409590732000,-4.2940006,8.800487,-1.0929531
54409604343000,-3.3686419,9.110536,-0.14544775
54409613132000,-2.5222914,9.249998,-0.095169514
54409623233000,-2.4127567,9.129091,-0.96665895
54409633182000,-2.7700913,8.974665,-1.9512744
54409643192000,-3.1759086,8.880095,-2.5761611
54409653202000,-3.300407,8.876503,-2.6497827
54409663272000,-3.196858,8.78672,-2.1601684
54409671756000,-2.9646204,8.717887,-1.5436616
54409684268000,-2.8832173,8.711902,-1.2725182
54409693332000,-2.9388826,8.859743,-1.5221137
54409703220000,-2.9783869,9.024943,-1.858499
54409713260000,-2.9125464,9.073426,-2.0326772
54409721805000,-2.7886465,9.06744,-2.071583
54409730411000,-2.6719291,9.019556,-2.0697873
54409740512000,-2.6719291,8.948329,-2.0027497
54409751255000,-2.755726,8.920197,-1.9093759
54409763309000,-3.0556,8.911219,-1.7549498
54409771884000,-3.2543187,8.861539,-1.6430209
54409785831000,-3.2824504,8.954913,-1.4041992
54409791416000,-3.1172507,9.17099,-1.2904748
54409801303000,-3.0268695,9.223662,-1.3257892
54409810459000,-2.8742392,9.246407,-1.4000094
54409823245000,-2.7114334,9.31105,-1.4939818
54409830722000,-2.746748,9.350554,-1.6065093
54409844394000,-3.0125043,9.141661,-1.8148049
54409853397000,-3.2980127,8.808268,-2.0913353
54409863285000,-3.484162,8.588001,-1.9440918
54409871891000,-3.5865142,8.519168,-1.6466122
54409881046000,-3.6469676,8.48146,-1.3090298
54409893833000,-3.8947675,8.639477,-0.95588505
54409903995000,-4.232949,8.727464,-0.52612585
54409913455000,-4.5082817,8.695142,-0.59376204
54409923923000,-4.5220485,8.857349,-0.53809685
54409931858000,-4.417302,9.187749,-0.30107087
54409943943000,-4.3041763,9.436746,-0.108337626
54409954624000,-4.343082,9.487623,0.16879122
54409964572000,-4.3023806,9.484032,0.1352724
54409973056000,-4.2239704,9.536105,-0.22984336
54409983921000,-4.405331,9.361329,-0.80205756
54409992588000,-4.5801077,9.213487,-1.0911574
54410003055000,-4.484938,9.339182,-0.9672575
54410014713000,-4.472967,9.511565,-0.6584055
54410021671000,-4.4801497,9.561244,-0.20829555
54410034702000,-4.072537,9.853337,-0.15263036
54410044162000,-3.5170822,10.4728365,-0.45010993
54410054233000,-3.2920272,11.127052,-0.6805518
54410062870000,-3.1190462,12.19307,-0.89902276
54410073123000,-2.9741971,13.417107,-1.4909891
54410082706000,-2.9454668,14.216769,-1.8321629
54410093235000,-2.9694088,14.693814,-2.0937295
54410103458000,-2.8389246,15.175049,-2.1547816
54410112094000,-2.4732103,16.183607,-1.4700398
54410134098000,-2.079364,17.659033,-1.003769
54410142887000,-2.0626047,18.911798,-1.2431892
54410152713000,-2.5139117,19.300858,-2.2984335
54410163181000,-2.9107506,18.23843,-3.3530796
54410174137000,-2.8909986,16.225506,-4.7536874
54410184146000,-2.1416135,14.374188,-5.8885393
54410194126000,-1.5903485,12.90774,-6.095039
54410201114000,-2.7850552,11.398794,-4.574721
54410214206000,-6.139332,8.762778,-0.7368156
54410224338000,-9.904813,5.527613,2.8933928
54410234043000,-13.693038,0.050876785,3.5966895
54410244235000,-13.680469,-1.9237411,-2.4947581
54410254367000,-9.965266,2.2936451,-1.1785458
54410264530000,-4.573524,5.935226,-0.6775591
54410271884000,0.28191724,6.4416,0.87328506
54410284183000,4.0665517,5.881955,2.2906525
54410292942000,6.2129536,4.7255554,2.8568811
54410302371000,6.329671,3.269881,3.300407
54410310916000,3.857059,2.5013423,3.1717186
54410321018000,1.0265139,3.590704,1.6699557
54410330997000,-1.5807717,4.872799,-0.04070143
54410341159000,-4.8614264,5.146935,0.01436521
54410351078000,-8.368334,4.8560395,2.3535004
54410360965000,-10.712855,4.5034933,3.550601
54410370975000,-11.666347,4.179079,2.9418752
54410381107000,-11.581352,3.8774097,2.3145945
54410390750000,-10.266336,3.840898,2.0284874
54410400760000,-8.826224,3.6595373,1.6406267
54410410770000,-7.868544,3.6337996,1.3263878
54410420780000,-7.1191587,3.9695864,1.411382
54410430789000,-6.4846954,4.2371383,1.3245921
54410440830000,-6.0986304,4.3143516,1.0785879
54410450809000,-6.125565,4.14975,1.2419921
54410460910000,-6.2362967,4.099472,1.4945804
54410470859000,-6.117784,4.3981485,1.6903064
54410480838000,-5.8185086,4.88896,1.7471687
54410490848000,-5.398925,5.3438582,1.7501614
54410500827000,-5.113416,5.6910176,1.7513585
54410510868000,-5.0822916,5.957372,1.7226281
54410521121000,-5.2145715,6.1848216,1.5592239
54410530948000,-5.3043537,6.431424,1.1767502
54410540958000,-5.341464,6.8085113,0.7787141
54410550907000,-5.265448,7.2550297,0.53809685
54410562961000,-5.084686,7.714118,0.46327803
54410573154000,-4.848857,8.129512,0.338181
54410582706000,-4.669292,8.42759,0.18734628
54410593448000,-4.5914803,8.581417,0.1352724
54410603183000,-4.6938324,8.575432,0.10594343
54410613193000,-4.759673,8.649054,0.12270284
54410623172000,-4.784812,8.792108,-0.076015905
54410633518000,-4.807557,9.145252,-0.3333926
54410644016000,-4.76506,9.420585,-0.53091425
54410654758000,-4.5687356,9.585187,-0.7835025
54410665439000,-4.2024226,9.909601,-0.75237787
54410672367000,-3.8097734,10.365696,-0.6362591
54410684360000,-3.7032316,10.568604,-0.5446809
54410693241000,-4.010886,10.733206,-0.50517654
54410703525000,-4.553173,11.11149,-0.29987377
54410711429000,-5.103241,11.442489,-0.14963761
54410721805000,-5.49589,11.543045,0.26036942
54410734775000,-5.8663926,11.760319,1.039682
54410742710000,-6.4008985,11.638813,2.2385786
54410753482000,-6.6600704,11.209054,2.9759927
54410763675000,-6.0148335,11.525687,2.765303
54410773868000,-5.5617304,13.008296,1.5951369
54410783512000,-5.4384294,12.667123,0.80086046
54410793674000,-6.0543375,12.0488205,3.9546227
54410813388000,-7.740454,11.73518,2.2703018
54410821537000,-7.4112515,9.692925,-1.2533646
54410833194000,-4.2179847,9.911995,-5.5497594
54410843387000,2.5737667,19.495985,-12.348694
54410853488000,8.646061,19.554642,-16.373945
54410863468000,10.189722,13.546393,-14.968549
54410873447000,8.59279,8.455123,0.919972
54410883121000,3.9223008,5.659294,19.387049
54410893466000,2.3517046,7.455544,0.04070143
54410904972000,-1.6717514,6.6391215,-2.8670566
54410912876000,-5.2241483,5.689222,-3.9067385
54410922702000,-6.4960675,7.928399,-8.549694
54410934604000,-8.288726,9.025542,-6.5499372
54410942111000,-11.657967,6.9904704,2.2780828
54410953617000,-11.473015,8.132504,3.8301241
54410963535000,-7.1221514,9.472659,0.5255273
54410973575000,-3.675698,9.816826,0.17776948
54410983768000,-0.6991069,9.826403,-0.3172317
54410993595000,1.3760674,9.92636,-1.5831659
54411003696000,1.7651252,9.725846,-1.7597382
54411013584000,0.30526072,9.219472,-1.8381484
54411022464000,-2.0530279,8.744224,-2.5300727
54411034671000,-4.147356,8.641273,-3.016694
54411043643000,-5.449203,9.069835,-2.9484594
54411053684000,-5.357026,9.261371,-2.4019828
54411063907000,-3.8827965,8.990826,-1.4903905
54411074405000,-2.042254,9.194333,-0.6655881
54411083347000,-0.7625532,9.831191,-0.5351041
54411092227000,-0.4950012,9.948506,-0.9696517
54411103702000,-1.1563994,9.384073,-1.400608
54411113651000,-2.3295584,8.969278,-2.0494366
54411123294000,-3.405752,8.960898,-2.4079683
54411133670000,-4.0132804,8.968081,-2.1362264
54411144748000,-4.034828,8.673594,-1.567005
54411152591000,-3.4596214,8.608353,-1.146224
54411163791000,-2.825158,8.905233,-1.0019734
54411173801000,-2.5187001,9.147048,-1.2479776
54411183780000,-2.396596,9.163807,-1.7298107
54411194766000,-2.44029,9.115923,-1.929128
54411204502000,-2.5941176,8.945934,-1.7256209
54411212314000,-2.755726,8.81964,-1.377863
54411223819000,-2.9885623,8.848969,-0.93972415
54411233829000,-3.1477766,8.96449,-0.44651863
54411245090000,-3.4039562,9.062054,-0.28550854
54411253818000,-3.459023,9.282919,-0.5614403
54411263828000,-3.3560722,9.485827,-1.0899603
54411274539000,-2.9885623,9.457695,-1.359308
54411282993000,-2.497751,9.387066,-1.3096284
54411294895000,-2.641403,9.2308445,-1.027711
54411302341000,-3.1531637,9.189545,-1.0600328
54411314029000,-3.3476925,9.309854,-1.3796587
54411323856000,-3.2782607,9.341577,-1.578976
54411333408000,-3.1202433,9.3182335,-1.5837644
54411344943000,-2.9747956,9.354146,-1.3742718
54411351993000,-3.0484173,9.255385,-1.0516531
54411363956000,-3.2357635,9.145252,-0.9744401
54411373599000,-3.5434184,9.066243,-0.7846996
54411383975000,-3.6182373,9.009381,-0.48961425
54411392612000,-3.518878,8.89446,-0.37110126
54411403629000,-3.591901,8.863934,-0.80325466
54411413669000,-3.5404258,9.197326,-0.99778354
54411424167000,-3.5416229,9.607931,-0.83617496
54411432285000,-3.6828809,9.664195,-0.8690952
54411444828000,-3.8672342,9.618107,-0.6572084
54411454196000,-3.6768951,9.845556,-0.2873042
54411464176000,-3.5051112,9.901221,-0.21068975
54411473300000,-3.2303767,9.831789,-0.25019407
54411484104000,-2.9047651,10.095152,-0.10594343
54411503574000,-2.873042,10.436325,-0.12210429
54411514133000,-3.1830912,10.660782,-0.27593175
54411524112000,-3.3919852,11.009138,-0.3513491
54411534152000,-3.2357635,11.789648,-0.12988544
54411545078000,-2.8670566,13.354857,-0.22984336
54411554141000,-2.44029,15.429433,-0.5793968
54411564823000,-2.1039047,17.168821,-1.0570401
54411576175000,-2.0386627,18.113932,-2.5181017
54411586063000,-2.534861,17.938557,-3.5930982
54411594333000,-3.0639796,17.700932,-3.9833531
54411604160000,-3.3022027,17.200544,-4.3406878
54411614200000,-3.5984852,15.669452,-4.51307
54411624240000,-4.047398,14.783597,-4.6285906
54411634128000,-3.9606082,13.25071,-4.4819455
54411643070000,-3.942053,11.017518,-3.5302503
54411654209000,-4.2916064,9.318831,-2.4121583
54411664463000,-5.525219,8.048109,-0.82121116
54411674625000,-7.934983,5.2983685,3.3399115
54411684146000,-10.034698,1.3509283,3.1352072
54411694370000,-7.666234,3.3327289,0.7344214
54411704196000,-4.7177744,6.9120603,0.7009025
54411712955000,-1.4921862,7.439383,0.24480712
54411724124000,1.2844892,6.606201,0.015562311
54411734012000,3.1346085,5.773019,0.46567222
54411745243000,3.7822402,4.97156,2.2631192
54411753360000,2.3523033,4.4179006,2.8886044
54411764194000,0.26036942,4.8985367,1.6328455
54411774173000,-1.3856442,5.6066217,0.6135142
54411784214000,-3.1896753,5.5030727,1.1569979
54411795139000,-4.895544,4.9428296,2.6850972
54411804172000,-5.7658362,4.565144,3.2393548
54411814121000,-5.604826,4.596867,2.5198972
54411824130000,-4.734534,4.8865657,1.8782512
54411833805000,-4.2012253,4.9919105,1.9794062
54411844364000,-4.1701007,4.943428,2.4211364
54411854190000,-4.3047748,4.835689,2.3894134
54411862644000,-4.2922053,4.9063177,2.0278888
54411874210000,-4.3837833,5.075109,1.6723499
54411884616000,-4.367024,5.205593,1.6603789
54411894351000,-4.1491513,5.3995233,1.8608932
54411904239000,-4.0503907,5.659893,1.9626468
54411914096000,-4.0054994,6.103419,1.7872716
54411923374000,-4.007295,6.543353,1.6986861
54411934146000,-3.99293,6.8665705,1.8650831
54411945224000,-4.0336313,7.0275807,1.8369513
54411954166000,-4.0336313,7.1514807,1.5191209
54411964237000,-4.1174283,7.4483614,1.0450691
54411974887000,-4.4125137,7.802105,0.7338228
54411986545000,-4.929063,7.958925,0.61052144
54411994998000,-5.5629277,8.071452,0.427365
54412003604000,-6.067506,8.305486,0.24720132
54412014438000,-6.3751607,8.636484,-0.065242
54412023349000,-6.4344172,8.953716,-0.30705637
54412034183000,-6.3548098,9.297882,-0.2753332
54412044254000,-6.171055,9.46847,-0.11133038
54412053348000,-5.892729,9.61272,-0.12928689
54412065189000,-5.461174,9.832388,-0.34237084
54412074161000,-4.860828,10.102933,-0.38307226
54412084232000,-4.283227,10.415975,-0.14664486
54412094181000,-4.0306387,10.769119,0.11492168
54412103794000,-4.051588,11.068993,0.1316811
54412115238000,-4.207211,11.799823,0.26994625
54412123416000,-4.4621935,12.37084,0.46507367
54412134189000,-4.8177323,12.2798605,0.85413146
54412144229000,-5.084686,12.027272,1.7076644
54412154209000,-5.242703,11.758523,2.2403743
54412165195000,-5.4845176,11.373056,2.2625206
54412185642000,-5.8801594,10.9426985,1.9243397
54412196811000,-6.1387334,10.970232,1.9626468
54412205203000,-6.493075,11.177331,2.493561
54412215213000,-7.053318,11.012131,3.0867245
54412222812000,-7.524976,10.602123,3.4219127
54412233402000,-7.7183075,10.084377,3.2638955
54412244205000,-6.9892735,11.02889,3.157952
54412253360000,-6.3045316,12.249933,1.3557167
54412264804000,-5.7664347,9.577405,1.0881647
54412274204000,-3.0825348,7.6680293,-1.1767502
54412282779000,-0.58298814,7.9822683,-7.1909847
54412294162000,3.8851907,15.705364,-13.360244
54412303409000,10.958859,19.608511,-12.5504055
54412314792000,12.229582,16.205154,-14.039598
54412324069000,8.681973,9.1668,-7.454347
54412334201000,3.1950622,7.3537903,14.217368
54412344425000,-0.7368156,8.197148,10.3639
54412354221000,-3.140594,8.564658,-4.9344497
54412365207000,-6.540959,6.897695,-3.7684734
54412374851000,-8.110957,7.013814,-4.5232453
54412385593000,-8.759187,7.669825,-2.731784
54412396945000,-9.428367,7.9008656,-0.80205756
54412404117000,-9.08001,8.272566,-0.8206126
54412415164000,-6.613384,8.76996,0.20709845
54412424198000,-3.6774938,9.443929,0.25857377
54412433261000,-0.9403227,10.153211,-0.4770447
54412444217000,-0.1400608,9.167996,-0.91937345
54412454868000,-0.3172317,8.746018,-1.4119805
54412463413000,-0.830788,9.330803,-2.3211784
54412474185000,-2.2655134,9.3499565,-2.3762453
54412484256000,-3.8618474,9.15842,-1.9183542
54412494235000,-5.00448,8.91481,-1.3467385
54412504245000,-5.1601033,8.874707,-1.4143747
54412514438000,-4.2664676,9.003994,-1.6490064
54412524295000,-2.9137435,9.26556,-1.6274586
54412534244000,-1.6160861,9.606734,-1.6280571
54412544193000,-0.7649474,9.887454,-1.7232267
54412554203000,-0.56563014,9.664794,-2.232593
54412563632000,-1.2737153,9.084799,-3.003526
54412574130000,-2.3145945,8.69993,-3.2303767
54412584110000,-2.996942,8.659229,-2.7246015
54412595554000,-3.2423477,8.535928,-1.7567455
54412605625000,-3.1370027,8.4904375,-0.931943
54412613864000,-2.8383262,8.589797,-0.58657944
54412624027000,-2.5839422,8.635885,-0.9504981
54412634220000,-2.4642322,8.688558,-1.7357962
54412644168000,-2.3995886,8.802881,-2.4797945
54412654178000,-2.272696,8.939949,-2.8042088
54412665134000,-2.1188686,9.06744,-2.6018987
54412674198000,-2.1134815,9.155427,-2.0721815
54412683750000,-2.31639,9.3499565,-1.5777789
54412694187000,-2.6324248,9.594165,-1.2922704
54412704166000,-2.9430726,9.671378,-1.1845313
54412715213000,-2.9496565,9.613318,-1.2485762
54412724155000,-2.6426,9.514558,-1.4389153
54412734867000,-2.2493525,9.508572,-1.9542671
54412745700000,-2.0512323,9.586384,-2.5917234
54412757328000,-2.010531,9.639654,-3.1854854
54412767215000,-2.1146786,9.496601,-3.3488896
54412777225000,-2.496554,9.19553,-2.8574798
54412787204000,-2.9137435,9.111135,-2.0099323
54412794651000,-3.342904,9.171588,-1.0031705
54412803592000,-3.6182373,9.3182335,-0.29149407
54412813816000,-3.903746,9.439739,-0.0053869537
54412824283000,-4.0402155,9.239224,-0.091578215
54412833988000,-3.8540661,9.184157,-0.80086046
54412844181000,-3.5972881,9.292496,-1.496376
54412855777000,-3.3889925,9.396045,-1.602918
54412873203000,-3.1441853,9.36492,-1.163582
54412883213000,-3.156755,9.16261,-0.789488
54412893192000,-3.3482912,9.2787285,-0.27832595
54412903141000,-3.78643,9.197326,0.31304187
54412913150000,-4.0264487,9.106346,0.6488287
54412923160000,-3.9935284,9.3822775,0.40521863
54412933139000,-3.8708255,9.880272,0.04070143
54412943302000,-3.6224272,10.535685,-0.48003745
54412953250000,-3.3476925,10.939706,-1.3461399
54412963230000,-3.3476925,10.985196,-2.055422
54412973209000,-3.5751417,10.878654,-1.9021933
54412983249000,-3.5607765,11.021708,-1.4089876
54412994297000,-3.5284548,11.341932,-0.54527944
54413003787000,-4.095282,11.311406,0.031124622
54413015476000,-4.8626237,11.183915,0.4261679
54413024143000,-5.337274,11.84651,1.0809821
54413034091000,-5.3564277,13.273455,1.2659341
54413044925000,-4.8219223,15.157092,0.01316811
54413054325000,-4.051588,17.18977,-0.4782418
54413064823000,-3.496133,18.805258,-1.4449008
54413075016000,-3.5954924,18.728643,-2.842516
54413084873000,-3.8414967,16.980276,-4.5406036
54413094821000,-3.2279825,14.969148,-5.66109
54413105136000,-2.0871453,13.146562,-4.7441106
54413114780000,-1.5981296,11.842918,-3.276465
54413124851000,-2.9741971,10.255563,-1.3305776
54413136508000,-5.999271,8.342596,0.35314476
54413145389000,-9.435549,6.135142,2.349909
54413155216000,-12.256517,2.496554,1.2563573
54413164920000,-12.706627,-1.7208325,-1.5825673
54413174930000,-9.329007,0.3172317,-1.8166006
54413185001000,-5.0062757,5.1888337,-1.0875661
54413194980000,-0.3633201,7.6081743,-0.46806642
54413204990000,3.4985273,7.431602,0.37229836
54413214908000,5.9998693,6.1088057,0.9648633
54413226352000,6.892308,4.4184995,1.6597804
54413237766000,5.3803697,2.823961,2.4660277
54413247714000,2.2002714,2.4941597,1.6011224
54413257755000,-0.5859809,3.3267434,-0.5255273
54413267673000,-3.1489737,3.8827965,-1.9782091
54413276218000,-5.450999,3.911527,-1.412579
54413285160000,-6.9342065,3.5470097,1.1067197
54413295932000,-6.827665,3.4554317,2.5019407
54413305973000,-5.6269727,3.8815994,1.5753847
54413317386000,-5.0721164,4.3544545,0.46866497
54413324954000,-4.312556,5.097854,0.23223756
54413334323000,-3.433884,5.997475,1.18094
54413344974000,-3.0238767,6.761824,1.620276
54413354892000,-3.4446578,7.281366,1.0899603
54413364963000,-4.196437,7.8308353,0.7140707
54413374881000,-4.8081555,8.4647,0.7823054
54413385166000,-5.33907,9.039907,0.8583213
54413395145000,-5.81791,9.427768,0.49919105
54413404819000,-6.303933,9.72824,-0.17477672
54413415164000,-6.8947024,10.029311,-0.8038532
54413425998000,-7.562086,10.289082,-1.2372037
54413433902000,-8.164826,10.279505,-1.46585
54413446414000,-8.586804,10.080188,-1.5239093
54413453922000,-8.556877,9.885659,-1.3006501
54413463962000,-7.968502,9.799467,-1.0588357
54413474704000,-6.973711,9.78989,-0.98940384
54413485416000,-6.1106014,9.85214,-1.021127
54413494998000,-5.515642,10.196306,-1.0875661
54413506259000,-5.179257,10.606314,-0.9959879
54413517002000,-5.0822916,11.01632,-0.64703304
54413527133000,-5.069722,11.428721,-0.46567222
54413538608000,-5.12838,11.594521,-0.45190558
54413548740000,-4.993108,11.704654,-0.35553896
54413567630000,-4.8985367,11.920132,-0.22325931
54413578037000,-5.221754,11.778873,-0.11372458
54413588291000,-5.8292828,11.076176,-0.044891283
54413597995000,-6.4781113,10.559028,0.0688333
54413605197000,-7.0144124,10.346542,0.17178397
54413614902000,-6.939594,10.347141,0.2753332
54413624912000,-6.213552,10.4644575,0.52852005
54413634922000,-5.2379146,10.496181,1.4335283
54413646152000,-4.3418846,10.634445,2.4498668
54413657535000,-3.5565867,10.824186,3.0556
54413666233000,-2.8335378,10.815806,3.198055
54413676181000,-2.380435,10.79366,3.4153287
54413686161000,-2.3139958,10.712855,3.7654808
54413697727000,-2.7575219,10.375273,4.022857
54413706027000,-3.3794158,11.003751,3.1483753
54413716281000,-4.1545386,10.278907,1.0366893
54413724124000,-4.731541,8.663419,1.5652094
54413735233000,-4.3179426,7.2873516,-3.8833952
54413744846000,-2.9604304,7.740454,-6.4499793
54413755496000,1.8896236,17.183186,-11.282077
54413766880000,7.5908165,19.608511,-11.653777
54413776432000,8.3551655,16.784552,-11.467628
54413786441000,5.1624975,10.024523,-3.5954924
54413796390000,0.81283146,8.353969,17.00781
54413806064000,-1.4808137,9.264962,3.3345244
54413816806000,-3.9791632,8.108562,-1.9596541
54413826480000,-5.7808,5.657499,-2.8508956
54413836765000,-4.84347,5.8388596,-6.145916
54413846591000,-3.5823243,7.650073,-3.3865983
54413855014000,-4.8261123,8.098986,-0.38307226
54413866153000,-6.395511,8.360553,-0.9008184
54413876590000,-7.6009917,8.7538,-0.47644615
54413886356000,-6.407482,9.16261,-0.034715924
54413894779000,-3.6302083,9.483433,-0.10175357
54413905643000,-2.5067291,8.566454,0.1376666
54413916507000,-1.4496891,8.987235,-0.6997054
54413926792000,-0.51475334,9.867104,-1.3192052
54413935764000,-0.57161564,10.027515,-1.2006922
54413946567000,-2.2499511,9.003994,-1.0366893
54413956516000,-4.277241,8.219893,-1.532289
54413966831000,-5.1966147,8.613739,-1.578976
54413976840000,-5.1648917,9.085397,-1.5388732
54413986850000,-4.482544,9.200917,-1.5352819
54413996555000,-3.578733,9.09258,-1.3186066
54414006534000,-2.5079262,9.240421,-0.7679402
54414016971000,-1.6280571,9.423578,-0.842759
54414026218000,-1.4425066,9.531317,-0.9744401
54414036991000,-2.0506337,9.362526,-1.0342951
54414046543000,-2.8491,9.01417,-1.4359225
54414056552000,-3.3991678,8.895058,-1.5729905
54414067356000,-3.6176388,8.944737,-1.4077905
54414077030000,-3.4332852,9.049484,-1.3976152
54414086521000,-2.9586349,9.04709,-1.2389994
54414097110000,-2.5007436,8.909423,-1.3108255
54414106143000,-2.1841104,9.000402,-1.5753847
54414118564000,-2.156577,9.324817,-1.8363527
54414127109000,-2.2218192,9.528923,-2.0093338
54414136447000,-2.259528,9.46847,-2.1170728
54414147037000,-2.345719,9.308656,-2.1511903
54414156528000,-2.4474726,9.308656,-1.9877859
54414168582000,-2.379238,9.387665,-1.7591397
54414177066000,-2.2529438,9.375694,-1.7016789
54414187137000,-2.2601264,9.237429,-1.8459295
54414197360000,-2.5169046,9.141062,-2.1200657
54414207553000,-2.8760347,9.190742,-2.067393
54414217655000,-3.0119057,9.300277,-1.9219455
54414225772000,-3.0759506,9.273342,-1.5897499
54414238376000,-3.0142999,9.257779,-1.3347675
54414256839000,-3.1064768,9.153033,-1.1791444
54414267124000,-3.3028011,8.925584,-1.0875661
54414277042000,-3.4781766,8.674791,-1.2922704
54414286533000,-3.6577415,8.643068,-1.3862427
54414295261000,-3.803788,8.781932,-1.4221559
54414306980000,-3.8444893,9.0237465,-1.0887632
54414317050000,-3.596091,9.144653,-0.91817635
54414327091000,-3.436278,9.0315275,-1.4155718
54414337070000,-3.4835634,9.185355,-1.2844892
54414347415000,-3.555988,9.221867,-1.6166847
54414356906000,-3.5446155,9.4295635,-1.6214731
54414367282000,-3.4368765,9.668983,-1.3730747
54414377414000,-3.1364043,9.85214,-1.174356
54414387393000,-3.1334114,9.8994255,-0.8379706
54414399051000,-3.448249,9.772532,-0.207697
54414408756000,-3.9612067,9.667188,0.15203181
54414418796000,-4.5513773,9.465476,0.25617957
54414427310000,-4.6297874,9.625888,0.0047884034
54414434848000,-4.2880154,10.203489,-0.22804771
54414448825000,-4.086902,10.8229885,-0.4333505
54414458744000,-4.156933,11.1899,-0.7290344
54414468845000,-4.14975,11.605294,-1.316811
54414478916000,-4.103063,11.948862,-0.9068039
54414489170000,-3.9324763,12.391191,-0.29987377
54414497898000,-3.537433,12.841899,-0.033518825
54414505649000,-3.1292217,13.284228,-0.023343466
54414518497000,-2.8550856,13.771448,-0.5979519
54414527439000,-2.7629087,14.463372,-1.3928268
54414537418000,-2.9741971,15.312716,-2.1942859
54414547458000,-3.4733882,15.730504,-3.0322564
54414557437000,-4.325724,15.730504,-3.9001546
54414567874000,-4.8853683,15.358206,-5.2127757
54414575870000,-4.832696,15.015835,-6.417658
54414587467000,-4.3089647,14.480132,-6.498462
54414598850000,-3.525462,13.34947,-6.371569
54414607425000,-2.9813797,11.432912,-6.5002575
54414615695000,-3.3871968,9.77792,-3.9360676
54414627292000,-5.3486466,8.079832,1.3467385
54414637454000,-8.284536,5.1104236,5.4498014
54414647129000,-11.095928,1.335366,2.0721815
54414658939000,-10.764331,0.30526072,-2.2242134
54414668094000,-7.492056,3.3249476,0.24181437
54414677524000,-3.1848867,6.508039,2.006341
54414687992000,2.0296845,8.205527,2.2571337
54414697574000,6.6026096,7.7943234,3.4368765
54414706546000,10.226234,6.43741,6.0285997
54414717563000,10.727819,3.9677908,6.126762
54414727573000,6.8013287,1.3640964,3.9474401
54414736606000,2.9227216,1.0971429,0.077213004
54414746433000,-0.4866215,2.235586,-2.9777884
54414757572000,-3.8474822,3.3261447,-2.4432828
54414767581000,-6.9264255,3.964798,0.7164649
54414777591000,-9.045294,4.289212,2.878429
54414787601000,-9.612122,4.4161053,2.2972364
54414797611000,-7.829638,4.841076,1.5280992
54414808139000,-5.575497,5.0254292,1.5741876
54414819156000,-3.726575,5.753267,2.1865046
54414827610000,-2.0093338,7.019201,1.9327193
54414837589000,-1.3227965,8.038532,1.2264298
54414847660000,-1.9141643,8.567651,1.1013328
54414857273000,-2.7994204,8.950723,1.2880806
54414867069000,-3.34051,9.329605,1.2653356
54414878269000,-3.833117,9.482835,1.0193313
54414888462000,-4.3023806,9.490616,0.46686932
54414898075000,-4.771045,9.731233,-0.33877954
54414908573000,-5.3318872,10.044274,-1.050456
54414918796000,-5.9807158,10.210671,-1.4586674
54414930301000,-6.6642604,10.179547,-1.7232267
54414948062000,-7.304111,10.029909,-1.8100165
54414958133000,-7.807492,9.874885,-1.5424645
54414968143000,-8.098388,9.600749,-1.1127052
54414978183000,-7.766192,9.416395,-0.88166475
54414987674000,-6.506243,9.653421,-0.76195467
54414998416000,-5.3366756,10.152014,-0.57999533
54415008213000,-4.5543704,10.765528,-0.28909984
54415018222000,-4.233547,11.205462,0.11372458
54415025577000,-4.3400893,11.405977,0.45609543
54415035373000,-4.373009,11.675324,0.7074866
54415048496000,-4.235343,11.938686,1.2503718
54415057529000,-4.136582,11.9374895,1.8088194
54415068546000,-4.0623617,11.781268,1.9327193
54415078372000,-3.9264908,11.47062,1.7345991
54415087467000,-3.8271315,11.271303,1.5095441
54415098392000,-4.059369,10.999561,1.3970166
54415108310000,-4.7016134,10.668563,1.5472529
54415118320000,-5.4917,10.438121,1.5490485
54415128330000,-6.4284315,10.248381,1.240795
54415138339000,-7.61416,9.67018,1.0055647
54415148288000,-8.395268,9.690532,1.158195
54415156345000,-8.2276745,11.254543,0.98581254
54415169498000,-8.04392,10.300454,1.6819267
54415179508000,-8.1319065,10.515334,3.1322143
54415188358000,-8.199542,12.056602,3.965995
54415198368000,-4.697424,12.448053,0.8870517
54415208621000,0.19273324,16.811485,-0.95229375
54415217380000,4.586692,19.608511,-8.566454
54415228427000,8.4347725,18.012178,-13.369821
54415235538000,9.3978405,12.641984,-10.171766
54415248111000,5.975329,9.145252,-0.17417817
54415258457000,0.10235212,5.2636523,14.839262
54415268466000,-2.6797101,4.7740383,-1.460463
54415278476000,-5.6102133,4.6776714,-5.7359085
54415289615000,-7.736264,6.4404025,-5.367202
54415296970000,-9.874885,8.239645,-2.2762873
54415308475000,-12.1284275,8.66701,2.381632
54415319644000,-10.541072,9.135675,2.5169046
54415327457000,-7.045537,8.920197,0.3489549
54415338077000,-4.187459,8.827422,0.02813187
54415348178000,-1.423353,9.379884,-0.504578
54415358493000,0.077213004,9.836577,-0.3309984
54415368503000,-0.5129577,9.297284,-0.04070143
54415378574000,-2.541445,8.701127,-0.6194997
54415386112000,-4.255095,8.863335,-0.9816227
54415398593000,-5.1170077,9.3104515,-0.9355343
54415408542000,-5.194819,9.336788,-0.97743285
54415418582000,-4.4514194,8.987833,-0.5069722
54415428562000,-3.6649241,8.839992,-0.24480712
54415435794000,-2.8868086,8.89446,-0.33399114
54415448184000,-2.381632,9.186552,-0.33997664
54415458621000,-2.3600843,9.227253,-0.21667525
54415468631000,-2.7491422,9.056067,-0.35553896
54415476322000,-3.1920695,8.9758625,-0.7457938
54415485843000,-3.4380736,8.989629,-1.0534488
54415495853000,-3.4566288,8.933365,-1.1677719
54415508731000,-3.2860417,8.878299,-1.2006922
54415516910000,-3.1184478,8.804078,-1.1552023
54415528690000,-2.9370868,8.810662,-0.8631097
54415538700000,-2.7281928,8.911818,-0.7236475
54415548862000,-2.6731262,9.060258,-0.96067345
54415558719000,-2.8455088,9.078813,-1.1510124
54415569156000,-3.0220811,9.003994,-1.2389994
54415579166000,-3.084929,9.024344,-1.1366472
54415589328000,-3.1256304,9.069236,-0.87208796
54415599491000,-3.1465795,9.087193,-0.7781156
54415609226000,-2.9083564,9.039309,-0.9684546
54415619632000,-2.9400797,9.19972,-1.002572
54415638401000,-2.9107506,9.425972,-0.85413146
54415648410000,-2.9550436,9.420585,-1.0887632
54415658786000,-3.0232782,9.355942,-1.2234371
54415668857000,-2.9622262,9.352949,-1.2294226
54415678867000,-2.9741971,9.379285,-1.228824
54415688419000,-2.9741971,9.446921,-1.2617443
54415697666000,-3.0699651,9.3343935,-1.2605472
54415708835000,-3.0256724,9.279327,-1.4143747
54415718906000,-2.9831753,9.46009,-1.2336124
54415726657000,-2.9706059,9.473856,-1.1300632
54415738895000,-2.8694508,9.427768,-1.1647792
54415749118000,-2.7443538,9.305065,-1.3341689
54415759006000,-2.8233624,9.233837,-1.7004818
54415768985000,-2.9759927,9.303867,-1.8219875
54415778995000,-2.89459,9.415796,-1.6089035
54415789005000,-2.7263973,9.479841,-1.4568717
54415798953000,-2.77069,9.387066,-1.6184803
54415809024000,-2.8658595,9.462483,-1.8285716
54415817295000,-2.9843724,9.628283,-2.0135236
54415829044000,-3.2213984,9.715671,-1.8118122
54415839054000,-3.3051953,9.790489,-1.6178818
54415849002000,-3.1789012,9.846753,-1.6531962
54415859256000,-3.0280666,10.012551,-1.4766239
54415869083000,-3.007716,10.259154,-1.2862848
54415879093000,-3.478775,10.036493,-1.3784616
54415889102000,-3.8402996,10.117298,-1.2539631
54415899051000,-3.8732197,10.559627,-0.6889315
54415906558000,-3.681085,11.203069,-0.3238158
54415919071000,-3.5087025,12.162544,-0.34356794
54415928165000,-3.3542767,12.6767,-0.97144735
54415939090000,-3.4512417,12.57734,-1.6537948
54415949100000,-3.2142158,12.980165,-1.4012065
54415959171000,-2.8054059,13.863625,-0.4961983
54415969181000,-2.529474,14.624383,0.272939
54415979190000,-2.421735,15.044565,-0.24959552
54415989139000,-2.5498247,15.558121,-1.3299791
54415999088000,-2.9251158,16.423626,-2.1769278
54416006504000,-3.4231098,16.94975,-2.5432408
54416019229000,-3.8624458,16.138716,-3.879804
54416027408000,-3.6014779,14.901511,-5.403115
54416039218000,-2.4570496,13.909115,-6.005256
54416048831000,-1.5568297,12.769475,-5.7766104
54416059329000,-1.6071079,11.723208,-4.5962687
54416069278000,-3.0029275,10.4728365,-2.6132712
54416078556000,-6.3542113,8.249222,1.8004397
54416089298000,-10.433332,4.1461587,6.1285577
54416099246000,-12.530653,0.57041854,1.2198458
54416108798000,-9.478046,2.920926,0.8655039
54416119297000,-6.2686186,5.415684,0.35913026
54416129306000,-1.423353,7.117962,-1.1109096
54416136905000,3.1771057,7.0395517,-0.42916065
54416148899000,6.712743,5.85921,0.87328506
54416159244000,8.582615,4.346673,2.9741971
54416169345000,6.196194,2.2200236,3.888782
54416179325000,2.4690206,1.501763,1.3311762
54416188938000,-0.5470751,2.2080526,-1.769315
54416199344000,-3.2782607,3.105878,-2.2852654
54416209354000,-5.695806,3.6948519,0.52373165
54416219364000,-7.3106947,3.6152446,2.842516
54416227237000,-7.5602903,3.2914288,2.5330653
54416239414000,-6.0262055,3.567959,1.733402
54416249576000,-4.311359,3.816956,1.3880384
54416259708000,-3.6391866,3.90614,1.536479
54416269565000,-3.276465,4.243124,1.8142064
54416280185000,-3.2944214,4.699818,1.7717092
54416290561000,-3.4703953,5.125387,1.8896236
54416308719000,-3.3423057,5.746084,2.2661119
54416319492000,-3.093907,6.7666125,2.4779987
54416329471000,-3.144784,8.0684595,2.0446482
54416339481000,-3.5751417,9.367314,1.400608
54416349521000,-4.247314,10.611102,0.7679402
54416359470000,-5.1966147,11.5616,0.3597288
54416369541000,-6.479907,12.074557,-0.049679685
54416379520000,-7.960122,12.187085,-0.21547815
54416389560000,-9.256582,11.819575,-0.23104046
54416399600000,-10.017939,11.1893015,5.985504E-4
54416409549000,-9.991602,10.627263,0.077213004
54416419559000,-8.7370405,10.487801,-0.18016368
54416429569000,-7.0545154,10.46326,-0.3728969
54416438114000,-5.999271,10.484209,-0.48602295
54416449680000,-5.4288526,10.524312,-0.50996494
54416459568000,-5.547964,10.610503,-0.427365
54416469760000,-5.861604,10.7673235,-0.3489549
54416479618000,-6.0303955,10.770915,-0.36990416
54416489627000,-5.832874,10.684125,-0.25677812
54416499210000,-5.397129,10.593744,0.16280572
54416509647000,-4.907515,10.675147,0.36511576
54416519687000,-4.381389,11.052234,0.3776853
54416529666000,-3.6212301,11.116877,0.80205756
54416539615000,-2.9245174,11.057022,1.4903905
54416549655000,-2.6940753,11.040861,1.9698294
54416559665000,-3.1543608,10.922947,2.2798786
54416570896000,-3.791817,10.581175,2.2517467
54416578372000,-4.305373,10.275913,2.4199393
54416587253000,-4.6806645,9.943718,2.801216
54416599674000,-4.984728,9.69532,3.0460231
54416609683000,-5.448006,9.471462,2.7886465
54416619693000,-5.763442,9.935339,2.333748
54416629703000,-5.934029,10.762535,0.760159
54416639713000,-6.165668,10.170568,0.53091425
54416649906000,-6.9126587,9.776124,1.690905
54416659732000,-7.104195,8.851962,0.20649989
54416668674000,-3.4835634,12.028469,-2.0769699
54416679752000,2.203264,19.608511,-6.531382
54416689762000,5.167286,19.337967,-12.409147
54416699771000,7.1808095,14.476541,-11.379641
54416709781000,4.5298295,9.385869,2.5318682
54416719791000,0.7092823,6.157288,16.39669
54416729984000,-0.6997054,7.6931686,-0.18974048
54416738346000,-4.185065,6.9958572,-3.5110967
54416749393000,-6.6971807,6.095039,-5.0906715
54416759830000,-7.575853,8.070255,-2.7138276
54416769840000,-9.123704,8.686762,2.078167
54416779849000,-9.785701,8.492233,0.08678981
54416789859000,-8.371326,8.565855,-0.8762778
54416799869000,-5.54138,9.094974,-1.1881226
54416809879000,-2.8245595,8.798093,-0.16699557
54416821231000,-0.94451255,8.81605,-0.002992752
54416830020000,-0.025737667,9.436746,-0.65301853
54416838535000,-0.11252748,9.86471,-1.6130934
54416849491000,-0.9744401,9.8515415,-2.2870612
54416859928000,-2.4690206,9.103952,-1.8902222
54416869937000,-3.7235823,8.735844,-1.6340426
54416879947000,-4.3658266,8.945336,-1.7525556
54416889957000,-4.2275615,9.196728,-1.9093759
54416899967000,-3.4159272,9.1512375,-1.8908207
54416908084000,-2.5133133,9.105747,-1.2689269
54416919986000,-1.9369092,9.144653,-1.0360907
54416930301000,-1.785476,9.216479,-1.0372878
54416940464000,-2.0787656,9.214684,-1.3221979
54416950595000,-2.545635,9.305065,-1.6639702
54416960697000,-3.0005333,9.268554,-1.963844
54416970676000,-3.3518825,8.981848,-1.9285295
54416980167000,-3.3620577,8.854955,-1.7034745
54417000156000,-2.9364884,8.948928,-1.4820108
54417010379000,-2.521693,9.049484,-1.2150574
54417020175000,-2.2697031,9.157223,-1.1001357
54417030185000,-2.309806,9.26197,-1.3485341
54417038364000,-2.5647886,9.225458,-1.7184383
54417050235000,-2.846706,9.076419,-1.9566613
54417060214000,-2.9999347,8.981848,-1.8842367
54417070224000,-2.9364884,9.024943,-1.6112977
54417080173000,-2.859874,9.051878,-1.3880384
54417090274000,-2.915539,9.033921,-1.1558008
54417100223000,-3.0125043,9.129689,-1.18094
54417110263000,-3.0292637,9.312247,-1.2599486
54417117801000,-3.032855,9.421184,-1.401805
54417130283000,-3.0101101,9.316438,-1.6286557
54417140323000,-2.9658175,9.139266,-1.7393875
54417149875000,-2.8353333,9.099762,-1.5813702
54417159946000,-2.8449101,9.130288,-1.2623428
54417169864000,-2.9682117,9.09617,-1.2557588
54417180301000,-3.141791,9.052477,-1.5592239
54417190586000,-3.277662,9.096769,-1.7196354
54417200290000,-3.3620577,9.048286,-1.7064673
54417210330000,-3.2848446,9.052477,-1.7238252
54417220340000,-3.1501708,9.093777,-1.6490064
54417231510000,-2.9765913,9.163807,-1.4646529
54417241428000,-2.919729,9.272144,-1.2904748
54417251468000,-3.0226796,9.279327,-1.2868834
54417260196000,-3.2441432,9.390657,-1.5915456
54417270389000,-3.5613751,9.367314,-1.4329298
54417280368000,-3.7445314,9.305663,-1.2779051
54417290409000,-3.752911,9.227253,-1.2108675
54417300418000,-3.4853592,9.208099,-1.3018472
54417307559000,-2.9909565,9.332599,-1.6436194
54417320560000,-2.8485014,9.576208,-1.8501194
54417330417000,-3.1884782,9.446322,-1.6555905
54417338321000,-3.3452983,9.513959,-1.6220716
54417350467000,-3.5152867,9.75697,-1.38325
54417360477000,-3.843891,9.583391,-0.973243
54417370792000,-4.011485,9.551667,-0.49440265
54417380222000,-4.1371803,9.692925,-0.0664391
54417390476000,-4.26946,10.069414,0.026934769
54417400516000,-4.3766007,10.709863,-0.053869538
54417410190000,-4.226963,11.382035,-0.5847838
54417420200000,-3.9869444,11.68131,-1.3281834
54417430545000,-3.762488,11.944673,-1.5622166
54417439060000,-3.2770636,12.353482,-1.049259
54417448886000,-2.7090392,12.819155,-0.23642741
54417459110000,-2.2110453,13.321339,0.22924481
54417468235000,-2.1350293,13.829508,-0.13227965
54417480625000,-2.542642,14.24131,-0.91937345
54417490604000,-3.0951042,14.838664,-1.7232267
54417500614000,-3.7062242,15.734095,-2.5486276
54417510623000,-3.982156,16.257229,-3.306991
54417520664000,-3.7972038,15.342643,-3.7936125
54417530612000,-2.967613,14.262858,-3.9085343
54417540622000,-2.296638,13.627796,-3.205836
54417552005000,-2.1984756,13.23814,-2.4546554
54417561771000,-2.8568811,12.4785795,-1.6095021
54417571781000,-4.6698904,11.238981,-1.7860745
54417579654000,-7.2286935,9.324219,-1.763928
54417589176000,-9.328408,6.569091,-0.9588778
54417600223000,-9.785701,3.6379895,0.32621
54417610691000,-8.677784,1.3395559,2.657564
54417620700000,-5.456984,2.545635,2.846706
54417630710000,-3.887585,4.717176,1.6136919
54417638919000,-1.9093759,5.8639984,-0.3238158
54417650791000,1.0127473,5.823297,-2.1906946
54417661472000,3.6984432,4.71119,-1.8411411
54417672428000,5.4767365,3.3716345,1.1959038
54417690189000,4.642357,1.6681601,5.1361613
54417700687000,1.7238252,0.93134445,3.2549171
54417709293000,-0.70509243,1.8315643,0.026934769
54417720676000,-2.8275523,3.151368,-1.3784616
54417730777000,-4.6926355,3.8295257,0.23104046
54417739627000,-5.8322754,3.7062242,2.6940753
54417750522000,-5.4737434,3.6224272,2.859874
54417760684000,-4.2969937,3.9318779,1.9309237
54417770694000,-3.9001546,4.481347,1.18094
54417780704000,-3.803788,5.1918263,1.2246342
54417790683000,-3.7696705,5.825093,1.9255368
54417800693000,-3.7774518,6.408081,2.2948422
54417810672000,-3.927688,6.9006877,2.2212207
54417820590000,-4.1036615,7.6135616,2.2637177
54417830722000,-4.295198,8.554482,2.0626047
54417839115000,-4.7081976,9.327211,1.4586674
54417850711000,-5.4498014,9.731832,0.7086837
54417859317000,-6.471527,9.96347,0.10055647
54417869174000,-7.5004354,10.210671,-0.2693477
54417880710000,-8.381501,10.29806,-0.41958386
54417890689000,-8.801684,10.120291,-0.24121583
54417899265000,-8.51019,9.974244,-0.11731588
54417910709000,-7.5668745,9.983223,-0.23642741
54417919620000,-6.6109896,9.928156,-0.4854244
54417930515000,-5.931635,9.698313,-0.6931214
54417940677000,-5.5659204,9.566631,-0.6380547
54417950687000,-5.54557,9.610924,-0.50637364
54417960697000,-5.6179943,9.669582,-0.5201403
54417970676000,-5.556942,9.958083,-0.4902128
54417980716000,-5.3420625,10.452486,-0.3597288
54417990665000,-5.070919,10.809222,-0.20470424
54418000705000,-4.757279,11.043256,-0.22744916
54418012119000,-4.4304705,11.250953,-0.24361002
54418019229000,-4.049194,11.502343,-0.14963761
54418030704000,-3.70383,11.576564,-0.0053869537
54418040683000,-3.6403837,11.423933,0.12270284
54418050693000,-3.8815994,11.163564,0.32621
54418060672000,-4.3502645,10.932524,0.6266823
54418070682000,-4.933253,10.547057,1.3389573
54418080722000,-5.4402246,10.063428,1.8028339
54418091434000,-5.2085857,10.0269165,1.5089456
54418100528000,-4.541202,10.733206,1.4095862
54418110691000,-3.7822402,10.96305,0.91099375
54418120700000,-3.208829,10.630256,2.1452048
54418130710000,-3.3075895,10.28549,2.8311436
54418140628000,-4.138976,10.288484,3.6990416
54418150699000,-4.955399,11.376648,2.1206641
54418160709000,-3.7660792,18.327614,0.9403227
54418170841000,-2.3229742,17.36335,-2.7700913
54418180728000,-0.038307227,15.770607,-7.762002
54418191471000,2.267309,14.6172,-7.764396
54418200748000,2.232593,12.410344,1.352724
54418210758000,-0.3489549,7.6171527,6.1943984
54418220767000,-2.9221232,7.7105265,0.89603
54418229862000,-5.8029466,7.289147,-0.34476504
54418240390000,-7.1993647,7.0275807,-2.9370868
54418250766000,-7.2149267,8.871116,-1.7130513
54418261478000,-6.6905966,9.223063,-0.20470424
54418272434000,-5.9388175,8.714894,0.090381116
54418280094000,-4.6806645,8.59279,0.24181437
54418291477000,-3.1789012,8.537125,-0.16160862
54418300693000,-2.079364,8.522759,-0.38367084
54418310642000,-2.0482395,8.388085,-0.5093664
54418322910000,-2.682703,9.078215,-1.1300632
54418330753000,-3.0885203,9.609129,-1.7830818
54418342899000,-3.3327289,9.112331,-1.6190789
54418351322000,-3.4751837,8.866926,-1.4514848
54418363590000,-3.3488896,9.144054,-1.821389
54418382541000,-3.2040405,9.185953,-1.9237411
54418392551000,-3.084929,9.136872,-1.9835961
54418401004000,-2.6797101,9.233837,-1.894412
54418410739000,-2.1811178,9.280524,-1.3587095
54418421482000,-1.9422961,9.252991,-1.055843
54418430179000,-2.1763294,9.090784,-1.4622587
54418440464000,-2.420538,9.083003,-2.1021092
54418450687000,-2.6378117,9.101558,-2.4546554
54418460117000,-2.7611132,8.911818,-2.6120741
54418468662000,-2.6850972,8.920795,-2.3828292
54418478672000,-2.5127146,9.062054,-1.8626889
54418490207000,-2.332551,9.196728,-1.4945804
54418501193000,-2.1757307,9.044696,-1.3784616
54418509738000,-2.1493945,8.923788,-1.3676877
54418522464000,-2.3331497,8.978855,-1.4131776
54418530673000,-2.508525,9.057863,-1.3455414
54418539218000,-2.5887306,9.1668,-1.158195
54418552432000,-2.5677812,9.23264,-1.3461399
54418560733000,-2.5234885,9.164406,-1.8674773
54418572422000,-2.3959973,9.081207,-2.472612
54418580692000,-2.3211784,9.173384,-2.7712884
54418590671000,-2.556409,9.188348,-2.5258827
54418599277000,-2.9047651,9.147048,-1.982399
54418610752000,-3.0753522,9.306861,-1.359308
54418622440000,-2.9364884,9.524733,-0.58897364
54418631473000,-2.6713305,9.77792,-0.18555063
54418642429000,-2.486977,9.914988,-0.3657143
54418650699000,-2.5366566,9.844358,-1.1444284
54418661167000,-2.7072437,9.301474,-1.9542671
54418669315000,-2.8000188,8.540716,-2.4223335
54418678867000,-2.8652608,8.16363,-2.5420437
54418688938000,-3.0322564,8.22947,-2.224812
54418698886000,-3.2555158,8.447342,-1.3611037
54418708896000,-3.6966474,8.813655,0.009576807
54418718723000,-4.357447,9.24521,1.411382
54418728733000,-4.6154222,9.576208,0.8367735
54418738773000,-4.561553,9.806051,-0.29508537
54418750583000,-3.9665937,10.079589,-1.435324
54418760288000,-3.2154129,10.227431,-1.9428947
54418773075000,-2.433706,10.148422,-2.7886465
54418780979000,-2.0171149,9.827001,-2.6210523
54418793186000,-2.6767175,9.240421,-1.174356
54418801029000,-4.0336313,9.177573,1.4736311
54418810611000,-4.787206,10.240001,0.17118542
54418821475000,-4.9099092,11.268311,-1.7645266
54418830753000,-4.8937483,11.550227,-1.5119383
54418842929000,-4.5483847,10.486005,1.9548657
54418851474000,-4.844667,8.495825,4.757279
54418861942000,-5.57849,6.986879,4.0306387
54418872867000,-5.966949,5.2702365,3.0597897
54418881443000,-6.666056,3.5889084,3.3375173
54418893100000,-7.2340803,3.0125043,2.7150247
54418903049000,-7.337031,3.78643,1.9009962
54418912113000,-7.1664443,4.9320555,1.4526819
54418919223000,-6.649895,5.7748146,0.80205756
54418932926000,-6.001665,6.4858923,1.2773066
54418941501000,-5.7574563,6.971317,1.5167267
54418952915000,-5.6760535,7.465719,1.9835961
54418961490000,-5.121197,7.9505453,2.5210943
54418971927000,-4.429273,8.037933,2.8281507
54418982852000,-4.040814,7.903858,2.9777884
54418992862000,-4.348469,7.6470804,2.822764
54419002811000,-4.9374423,7.5549035,2.3762453
54419013156000,-5.3259015,7.6135616,2.1942859
54419023593000,-5.571307,7.483676,2.2296004
54419032260000,-5.4504004,7.381324,1.7788919
54419041995000,-5.1319714,7.44896,1.4574703
54419052677000,-4.8973393,7.639898,1.2060791
54419073276000,-4.5902834,7.8212585,0.878672
54419083286000,-4.497508,8.218696,0.60453594
54419093296000,-4.629189,8.563461,0.86490536
54419103305000,-4.5435963,8.579621,1.4951789
54419113315000,-4.3281183,8.686164,1.9129672
54419122257000,-4.0892963,8.788516,2.203264
54419130313000,-3.8175547,8.701127,2.6689363
54419143161000,-3.5583823,8.377911,2.6084828
54419152439000,-3.3674448,8.497621,1.9261353
54419162418000,-3.2555158,9.279925,1.0301052
54419172916000,-3.2411506,9.863512,0.47405192
54419181613000,-3.3734303,10.0341,0.3824737
54419193210000,-3.429694,9.539697,0.30406362
54419201084000,-3.6176388,9.166202,0.6242881
54419213230000,-4.2359414,9.372701,1.2988545
54419222843000,-3.8905778,9.545682,1.7316064
54419231601000,-3.139397,9.879075,1.9644425
54419243259000,-2.4438813,10.080188,1.7699136
54419252841000,-1.9381063,9.788693,1.1899183
54419259983000,-2.0512323,9.582193,0.2861071
54419273288000,-3.032855,9.481637,-0.11372458
54419281589000,-4.248511,9.272743,0.5530606
54419293399000,-4.8374844,9.287108,2.0626047
54419302890000,-4.549582,9.717466,2.2272062
54419311374000,-3.8600516,9.377489,1.4598645
54419322910000,-3.4440591,8.704121,1.3892355
54419331607000,-3.6966474,7.9289975,1.9614497
54419343418000,-4.895544,7.016208,2.7742813
54419352909000,-5.9238534,6.938995,3.3991678
54419362705000,-5.783194,7.3005195,2.4744074
54419372074000,-5.3899465,7.766192,2.1398177
54419381656000,-4.9081135,8.536526,2.4145525
54419392917000,-4.4879313,9.164406,2.2517467
54419402896000,-4.3263226,9.1272955,1.9656396
54419412876000,-4.0892963,8.982447,2.3834279
54419422916000,-3.816956,8.781333,2.2397757
54419431919000,-3.8618474,8.237251,1.6106992
54419440891000,-4.4675803,7.1993647,1.6112977
54419451389000,-5.3486466,7.417835,2.3744495
54419462894000,-5.5168395,8.379706,2.6084828
54419472873000,-5.031415,8.465898,2.3014264
54419481662000,-4.561553,8.394072,2.4744074
54419492923000,-4.1120415,8.762179,2.3331497
54419502872000,-4.063559,8.791509,2.3828292
54419512729000,-4.3688197,8.030751,2.4570496
54419523746000,-4.923077,7.49026,2.8401217
54419533847000,-4.9123034,8.274361,3.3123782
54419543643000,-4.573524,8.422203,3.1711202
54419553653000,-4.6004586,7.9786773,3.1932666
54419563663000,-4.665102,8.051701,3.3602622
54419573673000,-5.005677,7.809886,3.2052376
54419583682000,-4.69084,8.136096,3.1172507
54419593692000,-4.585495,8.438962,2.60968
54419603702000,-4.4155064,8.7053175,2.1452048
54419613712000,-4.582502,8.364143,2.1272483
54419622867000,-4.911106,8.075044,2.6940753
54419633029000,-4.9320555,8.462306,3.1836896
54419642948000,-4.746505,9.114127,3.2291796
54419652957000,-4.593276,9.3733,2.7874494
54419663150000,-4.252701,9.378687,2.4714148
54419673160000,-3.7469256,9.479841,2.3331497
54419681705000,-3.4614172,8.240244,1.5855601
54419693973000,-3.5051112,6.2458735,2.3505075
54419703372000,-4.0318356,5.29358,3.4201171
54419713291000,-5.0984526,5.234922,4.325125
54419722934000,-5.697003,6.476914,4.845266
54419733921000,-5.5246205,7.8206596,4.895544
54419742832000,-4.803367,9.16261,4.554969
54419760318000,-4.4861355,9.679159,3.2788591
54419770328000,-4.7135844,8.112154,2.6821043
54419780490000,-5.451597,6.577471,2.6839
54419790683000,-6.5906386,6.293758,3.151368
54419800144000,-6.952163,7.0970125,2.9346926
54419809818000,-6.6163764,8.106767,2.409764
54419819828000,-6.109404,8.605958,2.087744
54419829898000,-5.465364,8.678383,1.9698294
54419839755000,-4.9105077,8.279149,2.5803509
54419849857000,-5.1559134,7.880515,3.5452142
54419859714000,-5.342661,7.864354,3.7301662
54419869724000,-4.968567,7.1395097,4.1701007
54419879856000,-4.9081135,6.7205243,4.485537
54419889987000,-5.229535,6.92044,4.257489
54419899723000,-5.105635,7.560889,4.0539823
54419909885000,-4.775235,8.300697,3.775656
54419919956000,-4.630985,8.35337,3.268684
54419929935000,-4.6806645,8.141483,2.992752
54419939975000,-4.929063,7.7949224,3.0538042
54419950290000,-5.146935,7.499837,3.165733
54419960361000,-5.357026,7.378331,3.5170822
54419970584000,-5.379173,7.60578,4.361637
54419980503000,-4.7070007,7.666234,4.96318
54419990451000,-3.5332432,7.755418,5.2852
54420000492000,-2.9287071,7.9032598,5.5084596
54420009860000,-2.8760347,7.707534,5.3199162
54420019992000,-2.870648,7.562086,5.1158104
54420029941000,-3.1615434,7.603386,4.905121
54420041049000,-3.4703953,7.8853035,4.510676
54420049900000,-3.7175968,8.330625,3.86903
54420063083000,-4.036624,8.312668,3.240552
54420071994000,-4.2754455,8.377911,2.8365304
54420081363000,-4.540005,8.334815,2.6725276
54420094425000,-4.6764746,8.189367,2.956839
54420101596000,-4.4639893,8.176199,3.247136
54420112949000,-3.940856,8.101978,3.1004913
54420122928000,-3.8624458,8.112753,3.2998085
54420132968000,-4.610634,8.032547,4.31914
54420142948000,-4.8362875,7.6985555,4.9188876
54420152866000,-4.3795934,7.9930425,5.104438
54420161228000,-3.7128084,8.136695,4.9703627
54420170749000,-3.4871547,8.07265,4.617218
54420184604000,-3.8163576,7.988254,4.1503487
54420193210000,-4.0276456,8.008006,4.0719385
54420203067000,-4.080917,8.076839,3.9588125
54420213230000,-3.99293,7.9786773,3.9863458
54420223300000,-3.7732618,8.028357,4.2078094
54420232852000,-3.5637693,8.077438,4.197036
54420241764000,-3.435081,8.263587,4.233547
54420251468000,-3.4518404,8.3551655,4.0054994
54420262027000,-3.769072,8.169016,3.9193082
54420273715000,-4.0599675,7.8823104,3.9187095
54420282169000,-4.2413282,7.5285673,3.927688
54420290622000,-4.0934863,7.5932107,3.9606082
54420303928000,-3.7403417,7.8853035,3.8630445
54420313022000,-3.6493618,8.079832,3.9324763
54420320743000,-3.8145618,8.238448,3.678691
54420333774000,-4.1282024,8.297106,3.4512417
54420341861000,-4.396353,8.3629465,3.2968156
54420350711000,-4.408922,8.098986,2.9975405
54420361026000,-4.0701427,7.8188643,3.280655
54420373722000,-3.9797618,7.839215,3.6212301
54420382541000,-4.015076,8.094796,3.8893807
54420393924000,-4.132991,8.233061,4.095282
54420402988000,-4.1264067,8.03554,4.0162735
54420413059000,-4.1581297,8.0127945,3.839701
54420423282000,-4.252701,8.111555,3.851672
54420433658000,-4.1706996,8.028955,2.926313
54420451236000,-3.5877113,8.552089,3.7002387
54420460575000,-3.5535939,8.125322,4.9416323
54420471714000,-3.566762,8.086416,4.6058455
54420480350000,-3.8313212,8.082825,4.565144
54420490360000,-4.0066967,7.6943655,4.1419687
54420500370000,-4.5723267,7.693767,4.0683475
54420510379000,-4.4597993,8.196549,4.228759
54420520359000,-3.9175124,8.218696,4.4981065
54420530399000,-3.7762547,8.188768,4.683657
54420540378000,-5.3259015,8.049306,3.1830912
