54403974735000,0.2584624,-0.36900243,0.32391796
54403984714000,0.1478958,-0.5855542,0.33735698
54403994724000,0.16805436,-0.52660567,0.187695
54404004734000,0.19493243,-0.32410383,0.061856754
54404014743000,0.18363142,-0.19032437,0.054526366
54404024753000,0.14117628,-0.130765,0.0969815
54404035007000,0.12743181,-0.05135252,0.13882577
54404044773000,0.13690023,-0.061126363,0.19594167
54404054782000,0.112160176,-0.10969015,0.23870224
54404064762000,0.059931204,-0.06418069,0.24542175
54404077579000,0.047103032,0.08120524,0.24175657
54404088748000,0.07337024,0.14748412,0.23778594
54404098758000,0.11185475,0.21406844,0.25611192
54404105258000,0.10544066,0.20643261,0.25580645
54404117313000,0.10513523,0.25621814,0.1568463
54404128696000,0.14545234,0.3823618,0.10125756
54404138584000,0.22853002,0.2931755,0.17120163
54404148624000,0.2575461,0.08242697,0.20632638
54404158603000,0.29175457,0.001181893,0.24389459
54404168857000,0.33207166,-0.12526721,0.26099882
54404176578000,0.3519248,-0.23400122,0.21701652
54404189243000,0.3342097,-0.27828896,0.14157467
54404198734000,0.32077068,-0.27187487,0.10767165
54404208774000,0.31741092,-0.27218032,0.109809674
54404219150000,0.30885878,-0.2703477,0.13149539
54404228794000,0.3042773,-0.22758713,0.1409638
54404239017000,0.2865622,-0.1692495,0.1427964
54404247226000,0.27037427,-0.14695293,0.1513485
54404258823000,0.2471614,-0.12923783,0.13974208
54404268772000,0.22700286,-0.12221289,0.1259976
54404278781000,0.18576945,-0.106635824,0.09606521
54404286594000,0.15950224,-0.041578677,0.0670491
54404298313000,0.13934368,0.012788333,0.029786326
54404309238000,0.118879706,0.06837707,-0.012363374
54404319248000,0.10849499,0.14015374,-0.03588169
54404329288000,0.08680928,0.16519922,-0.06520322
54404338108000,0.07337024,0.18199801,-0.08444548
54404348056000,0.060236637,0.20337829,-0.114988744
54404356540000,0.059014905,0.23728132,-0.13575816
54404368198000,0.0617638,0.22689661,-0.15316781
54404378208000,0.053517118,0.21987167,-0.1763807
54404387699000,0.041605245,0.24613887,-0.21425433
54404398410000,0.046186738,0.28553966,-0.23105314
54404408237000,0.07459197,0.2943972,-0.2506008
54404415866000,0.09261249,0.25163665,-0.27075937
54404429386000,0.10238634,0.17039156,-0.2841984
54404438449000,0.11002216,0.119995184,-0.3141308
54404448276000,0.11551994,0.10441812,-0.37185758
54404459384000,0.119490564,0.08212154,-0.39690304
54404469425000,0.12621008,0.061962985,-0.44027448
54404478244000,0.121017724,0.02347847,-0.47662094
54404488468000,0.11154932,-0.0012615696,-0.5114403
54404498264000,0.09139076,-0.015616901,-0.5615312
54404509433000,0.040994383,-0.017449498,-0.6183417
54404519443000,0.013505444,0.019813284,-0.6562153
54404529544000,-0.027117092,0.041193567,-0.6647675
54404536472000,-0.039639834,0.02775453,-0.67454135
54404548526000,-0.023451898,-0.017754931,-0.70325196
54404558719000,-0.028338823,-0.03760805,-0.77044713
54404568912000,-0.05796579,-0.040662378,-0.84191835
54404579349000,-0.079651505,-0.04096781,-0.8855952
54404589267000,-0.053995166,-0.040356945,-0.927745
54404599277000,-0.025589932,-0.09014246,-0.95706654
54404610050000,-0.01887041,-0.15642133,-1.0218182
54404618381000,-0.07904063,-0.35311994,-1.068244
54404629581000,-0.08698188,-0.51133406,-1.0618298
54404638462000,-0.0656016,-0.61670834,-1.0667168
54404648410000,-0.069266796,-0.697648,-1.0877916
54404658481000,-0.10652958,-0.7184174,-1.1302468
54404666233000,-0.13554567,-0.7147522,-1.13605
54404678470000,-0.13982172,-0.6631341,-1.0544995
54404687870000,-0.11844145,-0.58127815,-0.8907876
54404695682000,-0.08056779,-0.39374247,-0.73532236
54404708438000,-0.08026236,-0.23644468,-0.6421654
54404718479000,-0.095839426,-0.32166037,-0.6134548
54404728488000,-0.04055613,-0.42825636,-0.5187707
54404738132000,0.1039135,-0.68787414,-0.30802214
54404748508000,0.2706797,-1.0177413,-0.046877265
54404758792000,0.4108733,-1.3653237,0.19594167
54404768375000,0.5306029,-1.5577463,0.3947783
54404778293000,0.58161014,-1.5131531,0.46869302
54404788578000,0.65369225,-1.4148037,0.55115986
54404798587000,0.7013397,-1.1185341,0.5878117
54404808597000,0.7294395,-0.77675503,0.6232419
54404818607000,0.7321884,-0.43008897,0.6412624
54404828617000,0.74135137,-0.11274448,0.68463385
54404838596000,0.7621208,0.0827324,0.7228129
54404848606000,0.8274834,0.12976903,0.81047213
54404857181000,0.88398844,0.13557225,0.91218114
54404868656000,0.92002946,0.052800007,1.0358814
54404879764000,0.9597357,-0.06448612,1.137896
54404886936000,1.0067723,-0.17993966,1.1910412
54404898715000,1.02632,-0.23827729,1.2228062
54404908664000,1.0590013,-0.23491752,1.2408267
54404918796000,1.101151,-0.19398955,1.29611
54404928745000,1.1542963,-0.13015413,1.3773551
54404938938000,1.2049981,-0.03608089,1.4555458
54404948703000,1.2544782,0.09128452,1.5151052
54404958805000,1.3082343,0.24583343,1.5697776
54404968723000,1.3335853,0.3597598,1.5945177
54404978763000,1.3781784,0.3924411,1.6388054
54404988773000,1.4172738,0.41809744,1.6855366
54404998935000,1.4447627,0.37991834,1.7163852
54405008823000,1.4255204,0.29073203,1.7264646
54405018802000,1.3583252,0.19329903,1.7163852
54405028812000,1.3118995,0.15267646,1.7014191
54405038852000,1.1814798,0.1688644,1.6488847
54405048831000,1.0006636,0.25346926,1.5395398
54405060001000,0.8784906,0.37350425,1.3138251
54405069950000,0.6961474,0.47826764,0.8828596
54405079990000,0.21478555,0.6022733,0.2374805
54405088901000,-0.00909657,1.0488157,-0.13881248
54405098911000,-0.19724306,1.267811,-0.92896664
54405110233000,-0.1807497,1.1825953,-1.6403192
54405116336000,-0.0787352,0.4767405,-1.7542456
54405126163000,0.09261249,-0.25263262,-0.9527904
54405138614000,0.039161786,-1.2587277,-0.2869473
54405148899000,-0.22473198,-2.130127,-0.3581131
54405158481000,-0.41410023,-1.4618404,-0.5389292
54405168918000,-0.8169659,-0.7370488,-0.92010915
54405178226000,-0.73358274,0.23514327,-1.179116
54405189212000,-0.17403018,0.5121707,-1.2802142
54405198337000,-0.029255118,0.78675455,-1.4561434
54405208072000,-0.27696097,0.79011434,-1.595726
54405216159000,-0.36095494,0.57631147,-1.5050126
54405226474000,-0.28856742,0.48956868,-0.98791516
54405236576000,-0.008180272,0.34173927,-0.45890588
54405246616000,0.20653887,-0.06448612,-0.24907365
54405256748000,0.2893111,-0.47223866,-0.13667445
54405266910000,0.30916423,-0.43344873,-0.12323542
54405277622000,0.22608656,-0.24438593,-0.32634813
54405287509000,0.14606321,-0.14817466,-0.4668471
54405296176000,-0.014288921,-0.09411309,-0.6662946
54405305912000,-0.14806841,0.041804433,-0.69775414
54405315921000,-0.20518431,0.12518755,-0.64247084
54405325931000,-0.103169814,0.17405677,-0.49647406
54405336124000,0.009229388,0.09739316,-0.35780767
54405346134000,0.026028182,-0.084644675,-0.3327622
54405356143000,0.010451119,-0.1353465,-0.3208503
54405366153000,-0.03017142,-0.13687366,-0.3345948
54405376163000,-0.048497375,-0.10235977,-0.381326
54405386325000,-0.02864426,-0.078536026,-0.3907944
54405398715000,-0.021313872,-0.09961087,-0.3730793
54405409061000,-0.025284495,-0.14237145,-0.3648326
54405417789000,-0.026811663,-0.1606974,-0.35078272
54405429172000,-0.013372626,-0.18146682,-0.33612195
54405439243000,0.0046478994,-0.20315254,-0.33123502
54405449253000,0.0040370338,-0.22025675,-0.34345233
54405458774000,-0.02467363,-0.19276783,-0.34436864
54405466373000,-0.03322575,-0.15672678,-0.32665354
54405476627000,-0.017954115,-0.151229,-0.27320284
54405489078000,-0.0051259436,-0.15367246,-0.231664
54405497592000,0.02114126,-0.1521453,-0.19195776
54405509250000,0.097804844,-0.17719075,-0.14247768
54405519321000,0.1582805,-0.23583382,-0.107963786
54405529270000,0.16866522,-0.2645445,-0.09421931
54405539249000,0.16408373,-0.24805114,-0.08688894
54405549320000,0.14728494,-0.24438593,-0.07222817
54405559574000,0.15369903,-0.24346963,-0.07650422
54405569278000,0.21509098,-0.2309469,-0.10032797
54405579471000,0.24380165,-0.23919359,-0.12170826
54405589328000,0.18638031,-0.2404153,-0.16721772
54405599399000,0.14056541,-0.21842417,-0.2008153
54405609409000,0.05687688,-0.20345795,-0.27106482
54405619358000,0.0119782835,-0.15917024,-0.34528494
54405627414000,-0.027422529,-0.12068573,-0.41645074
54405638980000,-0.11294365,-0.14786923,-0.4705123
54405649448000,-0.21129295,-0.22270021,-0.51113486
54405659671000,-0.24550143,-0.31677347,-0.5264065
54405669040000,-0.2910109,-0.3619775,-0.56092036
54405679477000,-0.35759518,-0.41237387,-0.6430818
54405688999000,-0.47701937,-0.39465877,-0.7695309
54405699466000,-0.64653444,-0.35770142,-0.88284636
54405707370000,-0.8359027,-0.33265597,-0.9677566
54405719516000,-0.9788451,-0.32043865,-1.0092955
54405729465000,-1.0090829,-0.37938714,-1.0105171
54405739292000,-0.99381137,-0.42611834,-0.99127495
54405749546000,-0.99533856,-0.497895,-1.0196801
54405759586000,-1.0652826,-0.5372958,-1.1400206
54405769596000,-1.1669916,-0.59532803,-1.278687
54405779605000,-1.3114612,-0.68726325,-1.3877264
54405789493000,-1.3991205,-0.73857594,-1.4472858
54405799594000,-1.573217,-0.7401031,-1.6054999
54405810947000,-1.6300275,-0.742852,-1.7310327
54405817691000,-1.5558074,-0.81462866,-1.7698226
54405829563000,-1.5139631,-0.9276387,-1.8357961
54405839755000,-1.5637486,-1.0229337,-2.0037842
54405849643000,-1.5918484,-1.0488955,-2.120765
54405858371000,-1.5854343,-1.0452303,-2.3690815
54405869571000,-1.453182,-1.0721084,-2.5608933
54405879581000,-1.1920371,-1.1554915,-2.649774
54405888492000,-0.891186,-1.3045425,-2.6100678
54405899692000,-0.7882552,-1.5797374,-2.4503267
54405909702000,-0.9712093,-1.8445475,-2.3098276
54405919712000,-1.086052,-2.041246,-2.298221
54405929782000,-1.201811,-2.102638,-2.4353604
54405938510000,-1.2500693,-2.0171168,-2.6818445
54405950290000,-1.2460986,-1.640213,-2.7108607
54405960269000,-0.89943266,-1.1787044,-2.1302333
54405970127000,-0.28490222,-1.0223228,-1.0749635
54405980686000,0.24135819,-1.7492524,-0.2212793
54405990207000,0.37147248,-2.4273129,0.035589546
54405998477000,0.36261493,-2.3182733,0.285128
54406009677000,0.20043021,-1.4621458,0.31628212
54406019901000,0.053211685,-0.57852924,0.24817064
54406029727000,0.10971672,0.040277265,0.20388292
54406039676000,0.23922016,0.72291917,0.24053484
54406049747000,0.5312137,1.1493031,0.42776504
54406060947000,0.63780975,1.9296834,0.6180495
54406070957000,0.5944383,2.3178885,0.8263546
54406080966000,0.5919948,2.3743935,1.1763804
54406090976000,0.6927876,2.256191,1.6556042
54406099582000,0.767924,1.9852723,2.1418529
54406108219000,0.91941863,1.6160041,2.3416057
54406119785000,1.0400645,1.4345771,2.605194
54406129795000,1.1439116,1.1389184,2.771044
54406139804000,1.2489804,0.9651272,2.9570525
54406149814000,1.3396939,0.96176744,3.1100743
54406159824000,1.4020021,1.1288391,3.1867378
54406169895000,1.423077,1.3768504,3.2010932
54406179599000,1.4606452,1.5136843,3.1937628
54406189853000,1.5128742,1.7879627,3.1760476
54406200199000,1.5611326,2.013983,3.1641357
54406209629000,1.5742662,2.165783,3.154362
54406219882000,1.568463,2.240614,3.1619978
54406229892000,1.570601,2.2048783,3.1751313
54406238925000,1.5858725,2.1352398,3.2023149
54406249912000,1.5968682,1.918077,3.217892
54406257266000,1.6057258,1.6682332,3.222168
54406269931000,1.6365744,1.4092263,3.2023149
54406279941000,1.6949121,1.102572,3.1464207
54406289554000,1.7242336,0.7632363,3.0566235
54406299961000,1.7657725,0.4910958,3.0034783
54406308628000,1.7724919,0.40129864,2.8849704
54406319980000,1.7511116,0.30661452,2.7453878
54406329990000,1.701937,0.32005355,2.6006126
54406340122000,1.6176376,0.4083236,2.4317083
54406349674000,1.4960754,0.5301912,2.2072153
54406359989000,1.4178846,0.669163,2.0859587
54406370120000,1.2389011,0.72261375,1.8358095
54406381595000,1.0382318,0.7858383,1.5279334
54406389072000,0.81954217,0.79194695,1.1620251
54406398593000,0.6072665,0.7107018,0.817497
54406410160000,0.39254734,0.5451574,0.5181731
54406418674000,0.30580446,0.29195374,0.35751554
54406429691000,0.19218354,0.13129619,-0.044433802
54406440189000,-0.12210664,-0.2694314,-0.50013924
54406450229000,-0.5570427,-0.49422982,-0.9225526
54406458408000,-0.7286958,-0.3723622,-1.2893771
54406470249000,-0.28917828,-0.49148092,-1.4842432
54406480258000,0.15705878,-0.8717446,-1.3364137
54406490238000,0.64941615,-1.4465687,-1.1461293
54406500278000,-0.2519155,-1.7657459,-1.1274978
54406510227000,-1.4831144,-1.4154147,-1.9711028
54406520236000,-2.1135273,0.5622616,-2.5349314
54406530277000,-1.7894633,1.2684218,-2.4460506
54406541538000,-0.70242864,1.0152181,-2.0437958
54406551425000,-0.34049097,0.5311075,-1.8052528
54406561649000,-0.34079638,0.048829384,-1.4824106
54406569705000,-0.70212317,-0.4184825,-1.4787453
54406579868000,-0.70303947,-0.07334367,-1.4164371
54406590366000,-0.3820298,-0.0067593567,-1.0135715
54406600345000,-0.18227686,-0.3433461,-0.66782176
54406610355000,-0.17158672,-0.4352813,-0.6113168
54406619998000,-0.23084065,-0.32624188,-0.6226177
54406630741000,-0.2668817,-0.07823059,-0.65316105
54406640811000,-0.2024354,0.05738149,-0.68736947
54406650760000,-0.1395163,0.096476875,-0.6791228
54406660800000,-0.12027404,0.06532275,-0.6094842
54406670749000,-0.0656016,-0.0070647895,-0.50716424
54406680728000,-0.019481275,-0.14970183,-0.44119078
54406690433000,0.06634529,-0.22147849,-0.3000809
54406700443000,0.091696195,-0.3265473,-0.21333805
54406710483000,0.071232215,-0.3555634,-0.19348492
54406721622000,0.05687688,-0.31952235,-0.18310021
54406729740000,0.035191163,-0.2758455,-0.18218392
54406740695000,0.023279289,-0.23430666,-0.1895143
54406750492000,0.021446694,-0.21292639,-0.20142616
54406760501000,0.017170638,-0.19460043,-0.2017316
54406770542000,-0.027727958,-0.20987204,-0.2035642
54406780155000,-0.061936412,-0.21475896,-0.19928814
54406790531000,-0.06529617,-0.21475896,-0.19256863
54406800571000,-0.0646853,-0.2309469,-0.19745554
54406810550000,-0.064990744,-0.23430666,-0.21822497
54406820560000,-0.09003621,-0.22728172,-0.24388131
54406830600000,-0.12913159,-0.20070907,-0.27778432
54406840549000,-0.13401851,-0.15306158,-0.2945831
54406850589000,-0.13554567,-0.1316813,-0.29763743
54406861515000,-0.14806841,-0.11335534,-0.3037461
54406869022000,-0.19815935,-0.095945686,-0.3278753
54406880710000,-0.24458513,-0.06967848,-0.35353163
54406889499000,-0.21770704,-0.06326439,-0.3767445
54406900699000,-0.16547807,-0.06937304,-0.403928
54406910282000,-0.16822696,-0.06784588,-0.4338604
54406920780000,-0.20518431,-0.033331994,-0.45310265
54406930698000,-0.22534287,-0.0073702224,-0.45890588
54406940677000,-0.25527525,-0.004315898,-0.47448292
54406950687000,-0.26138392,-0.015006039,-0.4876165
54406960697000,-0.24855575,-0.0595992,-0.48425677
54406970706000,-0.23175696,-0.12771067,-0.47356662
54406981967000,-0.22625917,-0.19215696,-0.47998074
54406991886000,-0.2369493,-0.23491752,-0.4909763
54406999607000,-0.27787727,-0.24285877,-0.5242685
54407010166000,-0.3026173,-0.23583382,-0.5664182
54407020755000,-0.31697264,-0.23919359,-0.6006266
54407030735000,-0.34201813,-0.27737266,-0.6094842
54407040775000,-0.38080806,-0.3366266,-0.6235341
54407050785000,-0.40524268,-0.39740768,-0.64949584
54407058963000,-0.45258474,-0.41878796,-0.73715496
54407070774000,-0.5173364,-0.45452356,-0.8315337
54407080753000,-0.62912476,-0.497895,-0.91827655
54407090732000,-0.75893366,-0.52568936,-1.0022705
54407100772000,-0.8493417,-0.5171373,-1.0593864
54407110813000,-0.8921023,-0.48445597,-1.1155859
54407120761000,-0.91775864,-0.46857348,-1.1598737
54407130741000,-0.98617554,-0.47468212,-1.2570013
54407140781000,-1.0426805,-0.52691114,-1.3251127
54407150852000,-1.0787216,-0.59716064,-1.4112448
54407160739000,-1.1352266,-0.6875687,-1.5297526
54407170749000,-1.2250239,-0.7712572,-1.6467333
54407182163000,-1.2693115,-0.8076037,-1.7081252
54407192020000,-1.3450588,-0.83142745,-1.8535112
54407202030000,-1.412254,-0.894652,-2.0101984
54407212039000,-1.4540983,-0.9493244,-2.1253464
54407222049000,-1.4470733,-0.9963611,-2.209035
54407232028000,-1.4037019,-1.0776062,-2.3147147
54407241184000,-1.3728533,-1.1496882,-2.3730521
54407250400000,-1.2796962,-1.1866456,-2.4747612
54407260013000,-1.1624101,-1.2978231,-2.5263793
54407270786000,-1.0857465,-1.4126657,-2.5737214
54407280765000,-1.0744456,-1.5287302,-2.7484288
54407290744000,-1.1040726,-1.5751559,-2.9457383
54407300785000,-1.1624101,-1.5852351,-2.8773215
54407310733000,-1.149582,-1.6625097,-2.675736
54407320224000,-0.93608457,-1.672589,-1.8483188
54407330265000,-0.52863747,-1.6661748,-0.7591461
54407341526000,-0.14929014,-1.8793668,-0.089332394
54407351261000,0.022668425,-1.889446,0.10431188
54407362949000,0.012894582,-0.8616653,0.13852033
54407371555000,-0.11355452,0.440394,0.09850866
54407380466000,-0.16700523,0.8319586,0.024899404
54407389865000,-0.10194808,0.83989984,-0.22036299
54407398868000,0.1170471,1.1526629,-0.38743463
54407408267000,0.18790747,1.5197929,-0.24327043
54407418704000,0.15369903,1.290413,0.18708412
54407430515000,0.18149339,0.9700141,0.44761816
54407440738000,0.36108777,0.9037353,0.9271474
54407449466000,0.55748093,0.7311658,1.2325801
54407461582000,0.65674657,0.37136623,1.4393579
54407468784000,0.6988962,0.18474689,1.6345294
54407480777000,0.7105027,0.33227086,1.7066114
54407490756000,0.6961474,0.6230427,1.7337949
54407498905000,0.6940093,0.916258,1.7683089
54407510776000,0.72241455,1.0472887,1.8706287
54407520755000,0.7743381,1.240322,2.0172365
54407530765000,0.8015216,1.3478343,2.191944
54407540744000,0.8097683,1.4190001,2.338857
54407550785000,0.82717794,1.4654258,2.4546158
54407560733000,0.8375627,1.4712291,2.506234
54407570743000,0.8696331,1.4672585,2.6097755
54407580753000,0.92002946,1.4761161,2.7178988
54407590305000,0.97348017,1.4968854,2.8031144
54407600772000,1.0269308,1.52132,2.8629792
54407610752000,1.078549,1.5625534,2.9262037
54407620792000,1.1045108,1.5897369,2.9549146
54407630771000,1.149104,1.5995108,2.9875958
54407640995000,1.1863667,1.637079,2.9946208
54407652561000,1.2297381,1.6673168,2.9988968
54407662479000,1.2865486,1.6297486,3.014474
54407672489000,1.3583252,1.5112407,3.0389085
54407682498000,1.4453735,1.3148476,3.0706735
54407690769000,1.4942428,1.0735558,3.0899158
54407699466000,1.6057258,0.9574914,3.1274838
54407710788000,1.7278987,0.741856,3.1531403
54407721530000,1.8415197,0.52622056,3.1506968
54407731540000,1.9368147,0.36098152,3.1216807
54407740879000,2.0021772,0.29897872,3.0853343
54407749118000,2.017449,0.31241775,3.0639539
54407761569000,2.0079803,0.322497,2.995537
54407771549000,1.95117,0.30997428,2.8828323
54407779788000,1.8742009,0.26018876,2.737752
54407790439000,1.7688267,0.20734891,2.5706801
54407801547000,1.6035876,0.18871751,2.3568773
54407811527000,1.4963808,0.24980405,2.206299
54407822513000,1.2654737,0.30722538,1.7848022
54407830753000,1.0431188,0.43031472,1.2698429
54407840641000,0.7920532,0.49659362,0.75549424
54407851535000,0.47837391,0.46238515,0.26985636
54407861576000,0.1656109,0.30905798,-0.1904306
54407869998000,0.06420726,0.027143665,-0.6543827
54407881595000,-0.096144855,-0.40626523,-0.8745997
54407890811000,-0.35973322,-0.6273985,-1.2047724
54407901615000,-0.0787352,-0.7129196,-1.317477
54407911563000,0.84519845,-0.7355216,-1.1785051
54407921543000,1.3925338,-1.5638549,-0.7927437
54407931552000,0.50433564,-2.7003696,-0.71394205
54407941074000,-0.35026482,-2.236723,-1.1262761
54407949710000,-1.969974,-1.1545752,-2.4820917
54407962497000,-2.5429657,0.62640244,-3.2820196
54407970737000,-1.8789551,0.97795534,-3.2417026
54407982486000,-0.88263386,1.530483,-2.5144675
54407990787000,-0.5545992,1.0857731,-1.5080669
54408003055000,-0.6211835,0.043026164,-1.0966492
54408010776000,-0.87927413,-0.08830987,-0.76158965
54408023227000,-0.93272483,0.13832113,-1.0154041
54408031894000,-0.70426124,0.16306117,-1.2325667
54408042179000,-0.39363623,-0.22086763,-1.0636624
54408051914000,-0.2537481,-0.41512278,-0.8519976
54408062442000,-0.33774206,-0.09900001,-0.8000741
54408070774000,-0.43181533,0.20460004,-0.8303119
54408082492000,-0.5814773,0.26843545,-0.9598154
54408090763000,-0.5298592,0.30753082,-1.0050194
54408102939000,-0.363093,0.24583343,-0.8538302
54408110202000,-0.23145151,0.034474045,-0.6412492
54408121372000,-0.15723139,-0.19307326,-0.47570464
54408130741000,-0.13646197,-0.3357103,-0.41950506
54408140964000,-0.11385995,-0.35953403,-0.37827167
54408152957000,-0.09797746,-0.31402457,-0.40789863
54408160770000,-0.08667645,-0.23247406,-0.44119078
54408172946000,-0.08698188,-0.18329942,-0.44913203
54408181583000,-0.07079396,-0.1606974,-0.42469743
54408191959000,-0.048497375,-0.18146682,-0.40606603
54408202915000,-0.0039042123,-0.21292639,-0.36819237
54408210758000,-0.007874839,-0.28287044,-0.3385654
54408223056000,-0.03322575,-0.31402457,-0.32695898
54408232334000,-0.039639834,-0.3115811,-0.3327622
54408239749000,-0.04758108,-0.29936382,-0.35383704
54408252994000,-0.048191946,-0.27248573,-0.37735537
54408260776000,-0.035669204,-0.2581304,-0.37979883
54408271579000,-0.049413677,-0.2663771,-0.37613362
54408283084000,-0.11355452,-0.2944769,-0.3898781
54408290805000,-0.17525192,-0.31768978,-0.4066769
54408299625000,-0.19235614,-0.34670585,-0.41950506
54408312961000,-0.15509336,-0.36716986,-0.4506592
54408321537000,-0.127299,-0.37175134,-0.46806887
54408332981000,-0.10042092,-0.36900243,-0.5028882
54408340854000,-0.13432394,-0.35250908,-0.5474813
54408352756000,-0.20274085,-0.3283799,-0.5923799
54408362430000,-0.2855131,-0.30791593,-0.61620367
54408373142000,-0.35270828,-0.29753122,-0.6278101
54408381534000,-0.3621767,-0.31188655,-0.6394166
54408393192000,-0.33132797,-0.3311288,-0.677901
54408403141000,-0.3004793,-0.3854958,-0.71943986
54408411106000,-0.3249139,-0.4258129,-0.7487614
54408419193000,-0.3643147,-0.43375415,-0.76556027
54408429264000,-0.38538957,-0.43986282,-0.77441776
54408440586000,-0.4000503,-0.44749862,-0.77625036
54408453006000,-0.45594448,-0.44688776,-0.77289057
54408461002000,-0.52588856,-0.4352813,-0.76556027
54408472415000,-0.567122,-0.40504348,-0.7875514
54408482456000,-0.5698709,-0.36747527,-0.84344554
54408491550000,-0.53780043,-0.35006562,-0.8886496
54408502994000,-0.50908977,-0.37205675,-0.886817
54408511722000,-0.512755,-0.4380302,-0.8733779
54408523014000,-0.55948615,-0.47498757,-0.8516922
54408531375000,-0.6425638,-0.53088176,-0.85413563
54408543613000,-0.73175013,-0.5760858,-0.88315177
54408551853000,-0.8062757,-0.5986878,-0.9442383
54408563114000,-0.82918316,-0.59441173,-1.0013542
54408570743000,-0.8187984,-0.60082585,-1.0209019
54408580570000,-0.8007779,-0.59899324,-1.076796
54408593204000,-0.8325429,-0.59654975,-1.1757562
54408602481000,-0.91989666,-0.61884636,-1.2964021
54408611667000,-1.0158025,-0.6258713,-1.426211
54408623264000,-1.0258818,-0.63931036,-1.5569361
54408631381000,-0.99992,-0.72574776,-1.6222987
54408643497000,-0.97059846,-0.78378,-1.7511913
54408653385000,-1.0353502,-0.88304555,-1.8776404
54408663394000,-1.1217877,-0.94107777,-2.0077548
54408673404000,-1.0942987,-0.97711885,-2.16322
54408683383000,-0.961741,-1.0357618,-2.3137982
54408693698000,-0.85056347,-1.1371655,-2.3660274
54408703800000,-0.8197147,-1.2752211,-2.354421
54408713962000,-0.8004725,-1.3564662,-2.299443
54408724277000,-0.84476024,-1.504601,-2.240189
54408733066000,-0.9379172,-1.5614114,-2.2099512
54408744449000,-0.95624316,-1.6032557,-2.1543624
54408753971000,-0.7647369,-1.640213,-1.9338399
54408763492000,-0.6266813,-1.6478488,-1.7719607
54408773502000,-0.42356864,-1.6951909,-1.4610302
54408783512000,-0.29986843,-1.8341627,-1.2649425
54408793521000,-0.13310221,-1.7434493,-0.95767736
54408803531000,0.10421893,-1.5226215,-0.28144953
54408813541000,0.29725236,-1.674116,0.4696093
54408822086000,0.3024447,-1.6325772,0.74480414
54408831455000,0.15553162,-1.3491358,0.96379924
54408842990000,0.048324764,-0.59807694,0.7472476
54408853031000,0.16774891,-0.007981088,0.40333042
54408863956000,0.37941372,0.4910958,0.30650827
54408872684000,0.41453847,1.1227305,0.39141855
54408881748000,0.17569017,1.6266943,0.48946244
54408891971000,0.005258765,1.6960275,0.575289
54408904300000,-0.18502575,1.6520452,0.8831651
54408914249000,0.040383518,1.6670114,1.293972
54408924106000,0.43103185,1.5711056,1.6061242
54408934024000,0.56328416,1.0451505,1.724632
54408944004000,0.4579099,0.689627,1.8034335
54408952518000,0.40965155,0.7253626,1.85383
54408961734000,0.41026244,0.79011434,1.892009
54408971134000,0.473487,0.9416089,1.8639092
54408979709000,0.5162475,1.0720286,1.9170545
54408989780000,0.5577864,1.1523575,2.0242612
54408999729000,0.6280359,1.2100842,2.1400201
54409009769000,0.67079645,1.2369623,2.211797
54409019535000,0.75417954,1.2421546,2.353212
54409029666000,0.822291,1.2772794,2.4390388
54409039554000,0.892846,1.3579136,2.5016525
54409053226000,0.981116,1.4477108,2.5773997
54409062870000,1.0724404,1.52132,2.6427624
54409072879000,1.1439116,1.5711056,2.6928532
54409083621000,1.1772038,1.6013434,2.7151499
54409093296000,1.2541728,1.6111172,2.764019
54409103305000,1.3403047,1.6120335,2.8309088
54409113315000,1.425826,1.5753816,2.8974931
54409123355000,1.5107361,1.5066593,2.9488058
54409133335000,1.6060312,1.4138077,3.0001185
54409143344000,1.6570385,1.2772794,3.0282183
54409153354000,1.7501954,1.1929799,3.0813637
54409164554000,1.8137254,1.0167453,3.109158
54409170627000,1.8567914,0.8722757,3.1045763
54409183322000,1.9111583,0.77453727,3.099995
54409193271000,1.9862947,0.6529751,3.1033547
54409203098000,2.0183651,0.49323383,3.0990787
54409213321000,2.0333314,0.41351593,3.06487
54409223209000,1.9777427,0.28523424,2.9723241
54409230747000,1.9001628,0.22567487,2.8180807
54409243350000,1.8372437,0.22353685,2.6476493
54409253330000,1.7553877,0.22903463,2.4680548
54409262973000,1.606642,0.19971311,2.2215707
54409270023000,1.5024894,0.16397747,2.0661056
54409283481000,1.2728041,0.15389821,1.711193
54409293399000,1.074273,0.13526681,1.3232936
54409304050000,0.8800178,0.03477948,0.8862194
54409314090000,0.60024154,-0.23675013,0.3404113
54409321323000,0.23127891,-0.52966,-0.2670942
54409334140000,0.044659574,-0.677184,-0.55023026
54409343204000,-0.1984648,-0.7300238,-1.0532777
54409353458000,-0.18410946,-0.9251953,-1.4347631
54409363407000,0.078868024,-1.0366782,-1.596337
54409373325000,1.2401229,-0.57761294,-1.5068451
54409382938000,2.2895894,-0.66863185,-0.8318391
54409390750000,1.3647394,-2.1527288,-0.11101811
54409403842000,0.28808936,-2.8787422,-0.27045393
54409411869000,-2.3606224,-2.1689167,-1.6720842
54409422367000,-4.090287,0.20398915,-2.9692566
54409431827000,-3.0075285,1.5200983,-3.0776854
54409444095000,-1.0723075,2.882328,-2.5810518
54409452945000,-0.64653444,2.3081145,-2.115267
54409462955000,-0.61538035,0.06837707,-1.8425156
54409471714000,-0.56040245,-0.065707855,-1.319615
54409484226000,-0.8172713,0.81180006,-1.1491835
54409492923000,-0.8737763,0.7614037,-1.1409369
54409502964000,-0.5295538,0.35578918,-1.0645788
54409512943000,-0.3099477,-0.03730262,-0.98089015
54409522464000,-0.26749256,-0.5321035,-0.9048375
54409532962000,-0.18136056,-0.6457244,-0.67057073
54409542972000,-0.10103178,-0.61762464,-0.501361
54409552982000,-0.07690261,-0.48903745,-0.50410986
54409562961000,-0.10988933,-0.25843585,-0.60337555
54409571750000,-0.17158672,-0.023252718,-0.7020302
54409582981000,-0.21129295,0.014926359,-0.73165715
54409590793000,-0.31208572,-0.02080926,-0.72066164
54409604404000,-0.37714288,-0.084950104,-0.61253846
54409613193000,-0.3184998,-0.11488251,-0.47478834
54409623294000,-0.15875855,-0.15306158,-0.39323786
54409633243000,-0.02589536,-0.2074286,-0.38712922
54409643253000,0.0028153025,-0.23033604,-0.40484428
54409653263000,0.0031207353,-0.22789258,-0.40637144
54409663333000,-0.039334398,-0.23583382,-0.38376945
54409671817000,-0.114470825,-0.27370748,-0.34986642
54409684329000,-0.18013883,-0.2956986,-0.33520564
54409693393000,-0.17555735,-0.27951068,-0.33031875
54409703281000,-0.11966318,-0.2694314,-0.32879156
54409713321000,-0.09736659,-0.28287044,-0.32695898
54409721866000,-0.08911991,-0.29722577,-0.32421008
54409730472000,-0.1086676,-0.32502013,-0.32970786
54409740604000,-0.12821528,-0.34456784,-0.3477284
54409751316000,-0.15692596,-0.3668644,-0.3794934
54409763370000,-0.1975485,-0.37266764,-0.41217467
54409771976000,-0.21495816,-0.35067648,-0.42805716
54409785892000,-0.2387819,-0.33845916,-0.44882658
54409791446000,-0.26474366,-0.32288212,-0.45401895
54409801334000,-0.2904,-0.31463543,-0.46715257
54409810520000,-0.28062618,-0.31371915,-0.49433604
54409823307000,-0.2659654,-0.33632115,-0.5202979
54409830783000,-0.27268493,-0.36747527,-0.5407618
54409844455000,-0.3013956,-0.36961332,-0.55694973
54409853458000,-0.31575093,-0.36900243,-0.59604514
54409863346000,-0.3380475,-0.3827469,-0.6223123
54409871952000,-0.3829461,-0.39526963,-0.63727856
54409881137000,-0.43609136,-0.41481733,-0.64827406
54409893894000,-0.48648775,-0.42031512,-0.6666001
54409904056000,-0.5118387,-0.3922153,-0.6809554
54409913516000,-0.5552101,-0.37541652,-0.7163856
54409923984000,-0.5527666,-0.35617426,-0.7395984
54409931949000,-0.5243614,-0.35311994,-0.7374604
54409944004000,-0.53718954,-0.36136663,-0.73684955
54409954685000,-0.57659036,-0.37816542,-0.7612841
54409964633000,-0.5909457,-0.37266764,-0.7808318
54409973117000,-0.5857534,-0.37755457,-0.80618274
54409983982000,-0.535357,-0.4184825,-0.79518723
54409992649000,-0.47335416,-0.4707115,-0.77227974
54410003116000,-0.46480203,-0.5134721,-0.76342225
54410014774000,-0.52863747,-0.5357687,-0.782359
54410021732000,-0.57567406,-0.5376013,-0.85260856
54410034763000,-0.659668,-0.53271437,-0.90086687
54410044223000,-0.69631994,-0.54218274,-0.9711163
54410054294000,-0.7164785,-0.56264675,-0.9961618
54410062931000,-0.75557387,-0.5516512,-1.0569429
54410073184000,-0.82735056,-0.5473751,-1.1940821
54410082767000,-0.91623145,-0.5556218,-1.3593212
54410093296000,-0.95410514,-0.5540946,-1.4433151
54410103519000,-1.0130535,-0.5730315,-1.614052
54410112155000,-1.099491,-0.6784057,-1.7872323
54410123020000,-1.2515965,-0.7715627,-1.9610234
54410134159000,-1.4006476,-0.8442556,-2.1445887
54410142948000,-1.4547092,-0.9438267,-2.3889346
54410152774000,-1.426304,-1.0437031,-2.5257685
54410163242000,-1.2656463,-1.1090658,-2.716053
54410174198000,-0.9983928,-1.3222576,-2.6925347
54410184207000,-0.728085,-1.6420456,-2.450632
54410194187000,-0.6792157,-1.921211,-2.1229029
54410201175000,-1.0158025,-2.0110083,-2.0499046
54410214267000,-1.3316199,-1.8500452,-2.4585733
54410224399000,-2.0008228,-1.649376,-2.7465963
54410234104000,-2.1226902,-1.0409542,-3.097233
54410244297000,-1.3135993,-0.47590387,-2.7560647
54410254428000,-0.19724306,-0.4013783,-1.5496057
54410264591000,0.29877952,-1.1842022,-0.03465996
54410271945000,0.23341694,-1.9731346,1.0432118
54410284244000,0.12987527,-1.73337,1.3529205
54410293003000,-0.0029879175,-1.4429035,1.57497
54410302463000,0.007702224,-0.88121295,1.3691084
54410310977000,0.1338459,-0.3378483,0.98334694
54410321079000,0.34948134,0.13526681,0.73258674
54410331089000,0.48845318,0.69787365,0.73808455
54410341220000,0.47806847,1.4425185,0.7774854
54410351139000,0.30885878,1.766277,0.8385719
54410361026000,0.097499415,2.138294,0.9931208
54410371067000,0.04221611,2.3743935,1.3245152
54410381168000,0.20073564,2.6822696,1.7169962
54410390781000,0.4398894,2.6300406,2.0251777
54410400791000,0.5327409,2.0820944,2.1238322
54410410800000,0.63353366,1.7726911,2.1913328
54410420810000,0.66713125,1.3145422,2.149794
54410430820000,0.6836246,1.0408745,2.1708689
54410440830000,0.7013397,0.84295416,2.274716
54410450839000,0.7263852,0.7516298,2.34466
54410460941000,0.74746007,0.746132,2.3522959
54410470890000,0.75906646,0.73849624,2.3504634
54410480869000,0.8042705,0.7299441,2.370011
54410490879000,0.88123953,0.70214975,2.4246833
54410500858000,0.95820856,0.66580325,2.4796612
54410510868000,1.0134919,0.66427606,2.5068448
54410521121000,1.0492275,0.7391071,2.5123427
54410530979000,1.0687752,0.86402905,2.5169241
54410540988000,1.1283345,0.9238938,2.5459402
54410550937000,1.2062198,0.993227,2.5920606
54410562961000,1.2789128,0.97948253,2.6403189
54410573184000,1.3338907,0.902819,2.680025
54410582736000,1.3784839,0.8179087,2.7154553
54410593479000,1.400475,0.7766753,2.7298107
54410603214000,1.4334617,0.76873404,2.739279
54410613224000,1.452704,0.75682217,2.722175
54410623203000,1.4899668,0.7262789,2.7127063
54410633579000,1.5556347,0.6404523,2.7310324
54410644077000,1.6344364,0.5100326,2.756994
54410654819000,1.7092674,0.35945436,2.7670734
54410665500000,1.7456138,0.20765436,2.7634082
54410672428000,1.8137254,0.13679397,2.7542453
54410684421000,1.8696195,-0.011340845,2.7386682
54410693302000,1.9099365,-0.1692495,2.6650589
54410703586000,1.9203213,-0.28378674,2.5163133
54410711490000,1.9062715,-0.336932,2.3364134
54410721866000,1.8900834,-0.36869702,2.2460053
54410734836000,1.8268589,-0.3815252,2.068549
54410742771000,1.7043804,-0.40412718,1.8938416
54410753543000,1.5177611,-0.44138998,1.6937833
54410763736000,1.3039583,-0.4792636,1.461349
54410773929000,1.101151,-0.49514613,1.1995933
54410783603000,0.97531277,-0.49575698,0.8523164
54410793735000,0.9307196,-0.5736423,0.6498146
54410803348000,0.49303466,-0.6448081,0.20968615
54410813449000,-0.21312556,-0.5730315,-0.39537588
54410821598000,-0.36797988,-0.045243867,-1.0960383
54410833255000,0.24960487,0.08303783,-1.4436206
54410843448000,1.3629068,-0.61640286,-1.1497945
54410853549000,1.615805,-1.5904275,-0.8235924
54410863529000,0.49456182,-1.9019688,-0.30313525
54410873508000,-2.160564,-1.3408891,-0.9231634
54410883182000,-3.8379998,0.35334572,-2.2386618
54410893527000,-2.5988598,1.1196761,-2.782332
54410905033000,-0.4974833,2.002682,-2.6161766
54410912937000,-0.20823863,1.7253491,-2.4885058
54410922794000,-0.43120444,0.84448135,-2.133593
54410934665000,-0.64653444,0.34082296,-1.6406246
54410942172000,-1.1187333,1.2247449,-1.3822286
54410953708000,-1.2580105,1.0252974,-1.2099646
54410963596000,-0.8676677,0.5304966,-0.9030049
54410973636000,-0.61018795,0.31974813,-0.77044713
54410983829000,-0.2228994,0.014315493,-0.564891
54410993656000,-0.11874688,-0.83600897,-0.38193685
54411003757000,-0.1367674,-0.93955064,-0.39109984
54411013645000,-0.14348692,-0.48262337,-0.61376023
54411022525000,-0.13432394,-0.25874126,-0.8388641
54411034732000,-0.16028571,-0.21262094,-0.9081973
54411043704000,-0.20060281,-0.15458874,-0.8855952
54411053745000,-0.29253805,-0.13687366,-0.7667819
54411063968000,-0.3551517,-0.1616137,-0.59848857
54411074497000,-0.35942778,-0.2404153,-0.42286482
54411083408000,-0.29925755,-0.32227126,-0.27778432
54411092288000,-0.21190384,-0.35953403,-0.24510303
54411103763000,-0.17555735,-0.3115811,-0.28450385
54411113712000,-0.1395163,-0.2694314,-0.42439198
54411123355000,-0.14195976,-0.19215696,-0.53740203
54411133731000,-0.17250302,-0.13595736,-0.5676398
54411144809000,-0.22412112,-0.13687366,-0.52701735
54411152652000,-0.26107848,-0.19765475,-0.4451614
54411163852000,-0.26565996,-0.257825,-0.3999574
54411173892000,-0.2396982,-0.28073242,-0.32573724
54411183841000,-0.18991268,-0.32868534,-0.29519397
54411194828000,-0.1676161,-0.3650318,-0.3028298
54411204563000,-0.20884949,-0.34578955,-0.32390466
54411212375000,-0.30536622,-0.29233885,-0.3468121
54411223880000,-0.38508412,-0.21659157,-0.35689136
54411233890000,-0.4055481,-0.14634207,-0.35047728
54411245151000,-0.41837627,-0.12496178,-0.32023945
54411253879000,-0.39577428,-0.095029384,-0.29916462
54411263889000,-0.3352986,-0.08403381,-0.30496782
54411274600000,-0.26535454,-0.118242264,-0.32695898
54411283054000,-0.23420042,-0.1887972,-0.33520564
54411294956000,-0.23908734,-0.25935215,-0.33245677
54411302402000,-0.26963058,-0.2776781,-0.35108817
54411314121000,-0.3007847,-0.2843976,-0.4097312
54411323947000,-0.30628252,-0.28256503,-0.44577226
54411333469000,-0.30628252,-0.29997468,-0.4506592
54411345005000,-0.3249139,-0.3433461,-0.46165475
54411352054000,-0.3444616,-0.38793927,-0.4732612
54411364017000,-0.396996,-0.4013783,-0.5062479
54411373661000,-0.4333425,-0.41359562,-0.54320526
54411384037000,-0.45227933,-0.4193988,-0.569167
54411392673000,-0.48618233,-0.41878796,-0.57130504
54411403720000,-0.50542456,-0.4172608,-0.5407618
54411413730000,-0.5020648,-0.4426117,-0.5184653
54411424228000,-0.5038974,-0.47468212,-0.5227413
54411432346000,-0.54818517,-0.4807908,-0.5682508
54411444889000,-0.6016359,-0.46826804,-0.6525501
54411454257000,-0.63095737,-0.44749862,-0.7337953
54411464237000,-0.6569192,-0.47376582,-0.77075255
54411473361000,-0.68501896,-0.54279363,-0.78480244
54411484165000,-0.7125079,-0.5959389,-0.823287
54411493381000,-0.7351099,-0.61823547,-0.850165
54411503665000,-0.8001671,-0.61426485,-0.91858196
54411514224000,-0.8667514,-0.58311075,-1.0160149
54411524173000,-0.943415,-0.54493165,-1.133301
54411534244000,-1.0448186,-0.53179806,-1.2499763
54411545139000,-1.0970476,-0.5721152,-1.3022053
54411554233000,-1.1868447,-0.6041856,-1.4039143
54411564914000,-1.2488476,-0.6597743,-1.5266982
54411576236000,-1.283056,-0.70497835,-1.6867449
54411586124000,-1.3395611,-0.67321336,-1.8849708
54411594394000,-1.4153084,-0.54584795,-2.0780044
54411604221000,-1.4464625,-0.5153047,-2.1781862
54411614261000,-1.4629558,-0.53943384,-2.1827676
54411624393000,-1.387514,-0.56295216,-2.147032
54411634189000,-1.2940516,-0.7391868,-2.0914433
54411643131000,-1.2479312,-1.0537823,-2.0266917
54411654270000,-1.1929535,-1.4071679,-2.0150852
54411664524000,-1.1727948,-1.7376461,-2.094803
54411674686000,-1.2021164,-1.8246944,-2.1739101
54411684207000,-1.2369357,-1.7410058,-2.3342624
54411694431000,-0.93455744,-1.3967832,-2.1839895
54411704257000,-0.37683743,-1.1631273,-1.4756911
54411713016000,0.07459197,-1.6463217,-0.57894087
54411724185000,0.2789264,-2.3311014,0.042309064
54411734073000,0.27495578,-2.2388608,0.18800043
54411745304000,0.17110868,-1.9523652,0.17211793
54411753421000,0.12712638,-1.3375293,-0.06306519
54411764255000,0.25571352,-0.93619084,-0.2673996
54411774234000,0.43286443,-0.5348524,-0.2334966
54411784275000,0.46585116,0.0020981878,-0.057567403
54411795200000,0.43133727,0.50361854,0.063383915
54411804264000,0.37483224,0.6972628,0.12844107
54411814182000,0.45149583,0.96573806,0.36026442
54411824192000,0.63903147,1.1007394,0.6941023
54411833866000,0.79419124,1.075083,0.9894556
54411844425000,0.84611475,0.9516882,1.1818782
54411854251000,0.861081,0.8860202,1.3306239
54411862735000,0.88062865,0.9077059,1.4100363
54411874271000,0.9469075,0.93488944,1.5719156
54411884677000,1.0162407,0.99414337,1.7136364
54411894412000,1.0571687,1.0457615,1.8474159
54411904300000,1.0947369,1.099823,1.9860823
54411914188000,1.1561289,1.1438053,2.1100879
54411923435000,1.1909482,1.1505249,2.1656766
54411934207000,1.2453152,1.1566335,2.2728834
54411945285000,1.2630303,1.2137494,2.3755088
54411954227000,1.2688335,1.3371441,2.4692767
54411964328000,1.3042637,1.4929148,2.5526597
54411974948000,1.3668774,1.6184477,2.617106
54411986606000,1.396199,1.6862537,2.6546743
54411995059000,1.4389595,1.7045796,2.665975
54412003665000,1.4811091,1.7262653,2.683385
54412014499000,1.5446392,1.7329848,2.7191205
54412023410000,1.6326038,1.6844211,2.780818
54412034275000,1.7327857,1.5488089,2.8495402
54412044315000,1.8268589,1.3444746,2.9139864
54412053409000,1.8677869,1.106848,2.9417808
54412065250000,1.9487265,0.98467493,2.9848468
54412074253000,2.0391345,0.7403288,3.0062273
54412084293000,2.124045,0.50728375,3.0108087
54412094242000,2.1796336,0.28248534,2.9863741
54412103855000,2.2065117,0.087924756,2.9127648
54412115299000,2.214453,-0.026307046,2.8574815
54412123477000,2.2281973,-0.04921449,2.7386682
54412134250000,2.2138422,-0.060210064,2.6229093
54412144290000,2.12771,-0.04096781,2.4824102
54412154270000,1.971634,0.044247888,2.3217525
54412165256000,1.7972319,0.15786883,2.1549864
54412174839000,1.6460428,0.2314781,1.9662292
54412185703000,1.56999,0.23300526,1.8553572
54412196872000,1.3858142,0.2165119,1.597572
54412205265000,1.1368866,0.1865795,1.2829764
54412215274000,0.84764194,0.1774165,0.9039345
54412222873000,0.5696983,0.15725797,0.50656664
54412233463000,0.3042773,0.074791156,0.15043221
54412244266000,0.16622175,-0.06845675,-0.0074764527
54412253421000,-0.083011255,-0.14909096,-0.340398
54412264865000,-0.15967485,-0.32471472,-0.73318434
54412274265000,-0.26138392,-0.5876922,-1.0120443
54412282840000,0.18546401,-0.6472516,-1.0557212
54412294223000,1.3180082,-0.56356305,-0.77777755
54412303470000,1.6552058,-1.1921434,-0.49403062
54412314853000,1.1509365,-1.7449764,-0.012668807
54412324130000,-0.6584463,-2.2052634,-0.5389292
54412334262000,-2.6208508,-0.74071395,-1.9145977
54412344486000,-3.2530963,0.7027606,-2.8302848
54412354282000,-1.8774279,1.4345771,-2.9487927
54412365268000,-1.1187333,2.4278443,-2.840975
54412374912000,-0.68960047,2.2149577,-2.4475777
54412385654000,-0.8380407,0.6734391,-1.820219
54412397006000,-0.9089011,0.34235013,-1.2402025
54412404209000,-0.8371244,0.5494334,-0.9372133
54412415225000,-0.6392041,0.29958957,-0.8339771
54412424259000,-0.50817347,-0.13748452,-0.7896894
54412433322000,-0.45227933,-0.57883465,-0.7292137
54412444278000,-0.29925755,-0.70772725,-0.5651964
54412454929000,-0.13371308,-0.77522784,-0.56061494
54412463474000,-0.1263827,-0.7034512,-0.6571317
54412474246000,-0.21556902,-0.4193988,-0.72279966
54412484317000,-0.26107848,-0.059904635,-0.7518158
54412494297000,-0.27879357,0.05402174,-0.7399039
54412504306000,-0.2940652,0.039971836,-0.6565207
54412514499000,-0.23084065,-0.037913486,-0.5031936
54412524356000,-0.11355452,-0.19643301,-0.30985475
54412534305000,-0.023757335,-0.40290546,-0.14339396
54412544254000,0.014421742,-0.5302709,-0.06062173
54412554264000,0.017781503,-0.5168318,-0.058789134
54412563693000,0.0061750636,-0.4792636,-0.12720604
54412574192000,-0.01856498,-0.3827469,-0.25426602
54412584171000,-0.07415372,-0.3002801,-0.3654435
54412595615000,-0.1798334,-0.259963,-0.40148455
54412605686000,-0.28306964,-0.23308492,-0.3831586
54412613925000,-0.31025314,-0.19643301,-0.34284148
54412624088000,-0.28490222,-0.173831,-0.3196286
54412634281000,-0.1761682,-0.17535816,-0.2851147
54412644229000,-0.05918752,-0.19521129,-0.27014852
54412654239000,-0.010318298,-0.20895576,-0.2719811
54412665195000,-0.050024543,-0.18635374,-0.2869473
54412674259000,-0.14959557,-0.15367246,-0.3187123
54412683811000,-0.20793319,-0.12007486,-0.34131432
54412694248000,-0.3090314,-0.09900001,-0.39751393
54412704227000,-0.36278754,-0.053185116,-0.45737872
54412715274000,-0.3737831,-0.023558151,-0.4894491
54412724216000,-0.34782135,-0.05257425,-0.4885328
54412734928000,-0.30444992,-0.14053884,-0.4741775
54412745761000,-0.28520766,-0.2300306,-0.4711232
54412757389000,-0.27024147,-0.26149017,-0.4888383
54412767276000,-0.3026173,-0.28958997,-0.52823913
54412777286000,-0.3960797,-0.2908117,-0.574054
54412787265000,-0.548796,-0.28592476,-0.6308644
54412794712000,-0.6923493,-0.2590467,-0.68675864
54412803653000,-0.77451074,-0.24560767,-0.7295191
54412813877000,-0.79100406,-0.2682097,-0.74753964
54412824344000,-0.7787868,-0.27889982,-0.78327537
54412834049000,-0.7146459,-0.2908117,-0.81870556
54412844272000,-0.59888697,-0.34640044,-0.82573044
54412855808000,-0.49412358,-0.45605072,-0.8012959
54412863834000,-0.5002322,-0.5583707,-0.7875514
54412873233000,-0.5448254,-0.622817,-0.79366004
54412883213000,-0.65050507,-0.6390049,-0.8342825
54412893222000,-0.7256415,-0.643281,-0.89842343
54412903171000,-0.7858117,-0.61243224,-0.95431757
54412913181000,-0.8294886,-0.5837216,-0.98424995
54412923191000,-0.8136061,-0.57975096,-0.98577714
54412933139000,-0.79130954,-0.58585966,-0.98730433
54412943332000,-0.7613771,-0.5938009,-1.022429
54412953250000,-0.75984997,-0.6237333,-1.106423
54412963260000,-0.795891,-0.6631341,-1.2285961
54412973239000,-0.8875208,-0.67138076,-1.3544343
54412983280000,-1.0301578,-0.68695784,-1.453089
54412994327000,-1.206087,-0.7144468,-1.5422753
54413003787000,-1.2854995,-0.6829872,-1.5996966
54413015506000,-1.3740749,-0.65641457,-1.736225
54413024143000,-1.3878194,-0.6191518,-1.8382396
54413034091000,-1.378351,-0.6060182,-1.885887
54413044956000,-1.3215406,-0.61395943,-1.9121543
54413054386000,-1.2436552,-0.67290795,-1.947279
54413064884000,-1.2176934,-0.81065804,-1.9817928
54413075077000,-1.1731002,-0.890376,-2.1073258
54413084934000,-1.0836085,-0.9300822,-2.2560716
54413094882000,-0.9623518,-0.87052286,-2.2695105
54413105197000,-0.9412769,-0.93893975,-2.0676196
54413114841000,-1.0619228,-1.1674033,-1.8153322
54413124912000,-1.1450005,-1.4719197,-1.7530239
54413136569000,-1.3297873,-1.5818754,-1.8580927
54413145450000,-1.4950262,-1.5986742,-2.2249174
54413155277000,-1.4773111,-1.2911036,-2.5517304
54413164981000,-1.1187333,-0.7923321,-2.489422
54413174991000,-0.56926,-0.5149993,-1.7875377
54413185062000,-0.3380475,-0.8418122,-0.58902013
54413195041000,-0.03169858,-1.3882312,0.006573446
54413205051000,0.12651552,-1.5119313,0.9079051
54413214969000,0.14820123,-1.4068625,1.321461
54413226413000,0.11277105,-1.0748572,1.2594581
54413237827000,0.08925274,-0.6298419,0.91920614
54413247776000,0.15430988,-0.13595736,0.5642934
54413257816000,0.23433323,0.42390063,0.46258435
54413267734000,0.4130113,0.77331555,0.47174734
54413276279000,0.4792902,1.5286504,0.65256345
54413285251000,0.43652964,1.9761091,0.9381429
54413295993000,0.39804512,1.9687787,1.3785769
54413306034000,0.5333518,1.845384,1.9222469
54413317447000,0.68851155,1.7565031,2.1766722
54413325016000,1.0388427,1.6401334,2.5306685
54413334384000,1.2153828,1.2394058,2.7001836
54413345035000,1.2150774,0.94924474,2.83885
54413354953000,1.2306545,0.9061787,2.978433
54413365024000,1.2984605,0.9785663,3.0468497
54413374942000,1.3222842,1.1447216,3.067619
54413385227000,1.3131212,1.3725743,3.078004
54413395206000,1.2645575,1.5023832,3.1015222
54413404911000,1.2379848,1.7674987,3.1088524
54413415225000,1.2352359,1.9990166,3.095108
54413426090000,1.228211,2.1526494,3.067619
54413433963000,1.214772,2.1981587,3.0413518
54413446475000,1.2114122,2.1324909,3.035854
54413453983000,1.2187426,2.0652957,3.0517366
54413464023000,1.2569216,1.8902826,3.1097689
54413474765000,1.3442754,1.6670114,3.190403
54413485477000,1.4765277,1.4141132,3.2533221
54413495090000,1.6268005,1.1835115,3.2661502
54413506351000,1.6958283,1.0039172,3.229193
54413517063000,1.8088384,0.8869365,3.1971226
54413527194000,1.901079,0.84112155,3.126873
54413538669000,1.9798807,0.7400234,3.0667028
54413548801000,2.0235574,0.6483936,3.0007293
54413557041000,2.0314987,0.59738636,2.913681
54413567691000,2.026001,0.53568894,2.8009765
54413578098000,2.0150054,0.48743066,2.7313378
54413588352000,2.000039,0.35640004,2.5587683
54413598056000,1.9655254,0.20460004,2.3397732
54413605258000,1.928568,0.06562818,2.0893185
54413614963000,1.9111583,-0.10969015,1.8684907
54413624973000,1.8662597,-0.391299,1.6760682
54413634983000,1.8054787,-0.7342999,1.5584767
54413646213000,1.597479,-0.88945967,1.2609853
54413657596000,1.3238114,-1.1292243,0.9384484
54413666294000,1.0260146,-1.2468158,0.64004076
54413676242000,0.67629427,-1.2010009,0.3309429
54413686222000,0.2783155,-0.9768134,-0.032827362
54413697788000,0.08070062,-0.62434417,-0.23105314
54413706089000,-0.27940443,-0.43955737,-0.6201743
54413716342000,-0.4440326,-0.109384716,-0.93476987
54413724185000,-0.5643731,0.05738149,-1.133912
54413735324000,-0.7094536,0.028976262,-1.3498528
54413744937000,-0.11080563,0.18016541,-1.3642081
54413755588000,0.40079403,-0.24499682,-0.8355043
54413766941000,1.1979731,-0.817683,-0.4741775
54413776493000,0.72149825,-1.9441185,-0.11590503
54413786502000,-1.0002254,-2.1017215,-0.75273204
54413796451000,-2.7356937,-0.82928944,-2.0419633
54413806125000,-3.0344067,0.5170576,-2.9671187
54413816867000,-1.7381506,1.64838,-3.0559995
54413826541000,-1.1902045,2.2369487,-2.8580792
54413836826000,-0.8221582,1.7109936,-2.1925416
54413846652000,-0.7332773,0.39641172,-1.4142991
54413855075000,-0.89760005,0.5268314,-0.98058474
54413866214000,-1.0365719,0.66519237,-1.0798503
54413876651000,-0.8969892,0.57570064,-1.3232802
54413886417000,-0.8013888,0.38938677,-1.3773417
54413894840000,-0.68013203,0.16183946,-1.2600557
54413905704000,-0.57078713,-0.27645636,-0.9454601
54413916568000,-0.3728668,-0.48231795,-0.71027696
54413926853000,-0.3035336,-0.66741014,-0.6308644
54413935825000,-0.33926922,-0.5208025,-0.6556045
54413946628000,-0.34782135,-0.18513201,-0.69592154
54413956577000,-0.34049097,-0.09075333,-0.7878568
54413966892000,-0.31300202,-0.026917908,-0.7985469
54413976901000,-0.28826198,-0.014089741,-0.6403328
54413986911000,-0.26901972,-0.07823059,-0.4262246
54413996616000,-0.23297867,-0.20803946,-0.3083276
54414006626000,-0.18410946,-0.32807446,-0.24968451
54414017032000,-0.16211832,-0.4258129,-0.2081457
54414026309000,-0.12088491,-0.45116383,-0.12598431
54414037052000,-0.08637102,-0.41023585,-0.13789618
54414046604000,-0.07476458,-0.30455616,-0.22280645
54414056613000,-0.06407444,-0.23064145,-0.2942777
54414067417000,-0.043915886,-0.18452114,-0.30435696
54414077091000,-0.033836614,-0.21078834,-0.28877988
54414086582000,-0.0072639734,-0.24652398,-0.23319116
54414097171000,0.03030424,-0.3124974,-0.1632471
54414106204000,0.05687688,-0.36778072,-0.121097386
54414118625000,0.07062134,-0.39160445,-0.117737636
54414127170000,0.07062134,-0.36900243,-0.14033964
54414136508000,0.06481813,-0.3470113,-0.1604982
54414147098000,0.03732919,-0.34090263,-0.20784025
54414156589000,-0.012150895,-0.32257667,-0.24907365
54414168643000,-0.07507001,-0.30455616,-0.2906125
54414177127000,-0.13432394,-0.3021127,-0.3309296
54414187198000,-0.17036499,-0.29692036,-0.36238915
54414197422000,-0.19663219,-0.28653565,-0.40056825
54414207614000,-0.21007124,-0.26393363,-0.42500284
54414217716000,-0.24611229,-0.25171632,-0.47570464
54414225833000,-0.30872595,-0.23766643,-0.52182496
54414238437000,-0.36859077,-0.22789258,-0.55542254
54414247989000,-0.40524268,-0.23583382,-0.5737486
54414256900000,-0.4336479,-0.26210102,-0.5850495
54414267185000,-0.44158915,-0.28745192,-0.5853549
54414277103000,-0.44739237,-0.30363986,-0.56244755
54414286594000,-0.43975657,-0.32471472,-0.5242685
54414295322000,-0.440062,-0.33082336,-0.5028882
54414307041000,-0.4776302,-0.3479276,-0.5148001
54414317111000,-0.52313966,-0.35770142,-0.55725515
54414327152000,-0.5341352,-0.37022418,-0.5832169
54414337131000,-0.5304701,-0.36961332,-0.632697
54414347476000,-0.52680486,-0.37816542,-0.66201854
54414356967000,-0.56162417,-0.4368085,-0.66537833
54414367343000,-0.6205727,-0.452691,-0.64980125
54414377475000,-0.68227005,-0.4697952,-0.66965437
54414387454000,-0.7503815,-0.4902592,-0.750594
54414399112000,-0.78978235,-0.47834733,-0.8070991
54414408817000,-0.86644596,-0.47284952,-0.9176657
54414418857000,-0.8859936,-0.46063223,-0.9909694
54414427371000,-0.8511743,-0.4557453,-1.0123497
54414434909000,-0.82337993,-0.4893429,-0.97142184
54414448886000,-0.8352918,-0.54401535,-0.965924
54414458805000,-0.8569775,-0.5828053,-0.99891067
54414468906000,-0.9119554,-0.5879977,-1.085959
54414478977000,-0.9715147,-0.5773075,-1.1510161
54414489231000,-1.0475675,-0.5718097,-1.208132
54414497959000,-1.1245365,-0.62923104,-1.2756326
54414505710000,-1.1957023,-0.65794176,-1.3584049
54414518558000,-1.2204423,-0.61579204,-1.4036089
54414527500000,-1.2347977,-0.6127377,-1.5083723
54414537479000,-1.237852,-0.65152764,-1.6528419
54414547519000,-1.2476258,-0.6829872,-1.8437374
54414557498000,-1.2259401,-0.68940127,-2.029135
54414567935000,-1.1422516,-0.74193573,-2.1430614
54414575962000,-0.9709039,-0.93344194,-2.1390908
54414587528000,-0.8734709,-1.30271,-2.0868618
54414598911000,-0.75893366,-1.5571353,-1.9228444
54414607486000,-0.75343585,-2.111801,-1.7853997
54414615787000,-0.80963546,-2.5253568,-1.7518021
54414627353000,-1.0347393,-2.7791712,-1.8431265
54414637516000,-1.3603305,-2.940745,-2.0951085
54414647220000,-1.4156138,-2.6426427,-2.22675
54414659000000,-1.0814705,-2.2532163,-2.2710378
54414668155000,-0.39394167,-1.5534701,-1.8437374
54414677585000,0.012589149,-1.8750907,-0.95584476
54414688053000,0.05596058,-2.7690918,0.060940452
54414697635000,0.12712638,-2.7596235,0.86056304
54414706607000,0.14820123,-1.9829085,1.0929973
54414717624000,0.062374666,-1.5553027,1.1305655
54414727634000,0.011367418,-0.5986878,0.7170098
54414736698000,0.21875617,0.52408254,0.19869056
54414746524000,0.5196073,1.5023832,0.0398656
54414757633000,0.6045176,2.376226,0.25947165
54414767642000,0.55961895,3.137975,0.5985019
54414777652000,0.42522863,3.285499,0.80711234
54414787662000,0.41728738,3.1572173,1.3199338
54414797672000,0.65216506,2.8133001,1.8868167
54414808200000,0.99363875,2.3982172,2.3724544
54414819217000,1.2138556,1.7491728,2.6540632
54414827671000,1.2944899,1.0668362,2.8583977
54414837650000,1.3274766,0.6706902,2.9937043
54414847721000,1.4047511,0.5979972,3.2117834
54414857334000,1.4224662,0.6706902,3.183378
54414867130000,1.3674883,0.952299,3.0441008
54414878330000,1.318619,1.3530266,2.9915664
54414888523000,1.316481,1.7922387,2.9875958
54414898136000,1.3473297,2.155093,2.954609
54414908634000,1.3650448,2.4137943,2.9310908
54414918857000,1.3931446,2.5161142,2.8901627
54414930362000,1.4016967,2.6468394,2.8602304
54414938114000,1.4142195,2.6297352,2.8452642
54414948123000,1.4585072,2.4498353,2.850762
54414958194000,1.4911885,2.134018,2.8852758
54414968204000,1.5696846,1.7473402,2.9127648
54414978244000,1.676586,1.5427003,2.97996
54414987735000,1.8180014,1.127312,3.0419629
54414998477000,1.9762155,0.7320821,3.0529583
54415008274000,2.1194634,0.3551783,2.9967587
54415018283000,2.2071226,0.0555489,2.8987148
54415025638000,2.2327788,-0.10419236,2.837323
54415035434000,2.2630167,-0.14145514,2.7065978
54415048587000,2.2401092,-0.16833322,2.5920606
54415057590000,2.1582534,-0.16283542,2.4817994
54415068607000,2.0418835,-0.15000725,2.3455763
54415078433000,1.9074931,-0.10541409,2.1873622
54415087528000,1.8335785,0.008206844,2.103979
54415098453000,1.6594819,0.08884106,1.9097241
54415108371000,1.430102,0.28340164,1.6534662
54415118381000,1.1576561,0.5042294,1.3400923
54415128391000,0.9096448,0.6728282,0.99617517
54415138401000,0.6900387,0.69573563,0.6342375
54415148349000,0.56786567,0.5885288,0.27718675
54415156406000,0.29175457,0.43184188,0.11347487
54415169559000,0.13262416,0.3334926,-0.19684468
54415179569000,-0.02467363,-0.025085315,-0.49006
54415188419000,-0.44678152,-0.48781574,-0.8324499
54415198429000,-0.77084553,-0.547986,-1.3116738
54415208682000,-0.55398834,-0.5498186,-1.6714734
54415217441000,-0.19541046,-1.0403433,-1.7221751
54415228488000,0.58161014,-1.3744867,-1.5529655
54415235599000,0.29755777,-1.7226799,-1.1464347
54415248172000,-1.3865976,-1.3653237,-1.4369011
54415258518000,-2.8209093,-0.28867367,-2.621369
54415268527000,-2.5447981,0.8502846,-3.2395647
54415278537000,-1.8487172,1.8511872,-3.1610684
54415289676000,-0.7650423,2.201824,-2.6259503
54415297031000,-0.7778705,1.5313993,-2.0169177
54415308536000,-1.0701694,0.34540448,-1.589312
54415319705000,-1.2644247,0.5482117,-1.4613357
54415327518000,-1.0628392,0.9700141,-1.3669571
54415338138000,-0.8542286,0.55798554,-1.1409369
54415348239000,-0.4925964,0.05799236,-0.97905755
54415358554000,-0.43303704,-0.79935706,-0.673625
54415368564000,-0.47213244,-0.74040854,-0.600932
54415378635000,-0.40860245,-0.36961332,-0.7426528
54415386173000,-0.35820606,-0.34853846,-0.8800975
54415398654000,-0.3896656,-0.291728,-0.86482584
54415408603000,-0.40249377,-0.11518794,-0.8012959
54415418643000,-0.37958634,-0.07792516,-0.6293373
54415428623000,-0.3212487,-0.12954327,-0.45829502
54415435855000,-0.26627085,-0.25293806,-0.33612195
54415448245000,-0.21648532,-0.34120807,-0.24815735
54415458682000,-0.18808009,-0.32166037,-0.20295334
54415468692000,-0.18380402,-0.2410262,-0.20722939
54415476383000,-0.16700523,-0.19673845,-0.24052155
54415485904000,-0.13065875,-0.1203803,-0.2579312
54415495914000,-0.083011255,-0.08006319,-0.24479759
54415508792000,-0.047275644,-0.09289136,-0.21272717
54415516971000,-0.029255118,-0.13992798,-0.17546439
54415528751000,-0.019175846,-0.19521129,-0.15774931
54415538761000,-0.011234596,-0.21811873,-0.13087124
54415548923000,-0.027117092,-0.23247406,-0.1201811
54415558780000,-0.029255118,-0.20345795,-0.117737636
54415569217000,-0.021313872,-0.15183985,-0.12506801
54415579227000,-0.0375018,-0.10052717,-0.14125594
54415589389000,-0.058576655,-0.07425997,-0.14431027
54415599552000,-0.06743421,-0.066929586,-0.13759075
54415609317000,-0.081484094,-0.066013284,-0.13575816
54415619724000,-0.0787352,-0.065707855,-0.1314821
54415629367000,-0.066517904,-0.06082093,-0.12812234
54415638462000,-0.07568088,-0.045854732,-0.1427831
54415648471000,-0.0701831,-0.051047087,-0.15561128
54415658847000,-0.061630983,-0.07670343,-0.1604982
54415668918000,-0.057354923,-0.09014246,-0.17576984
54415678928000,-0.06407444,-0.12129659,-0.18523824
54415688480000,-0.0656016,-0.15672678,-0.19745554
54415697727000,-0.07476458,-0.19185153,-0.21578151
54415708896000,-0.09400684,-0.22208935,-0.23319116
54415718967000,-0.104391545,-0.24438593,-0.23746723
54415726718000,-0.12485553,-0.25110546,-0.2502954
54415738956000,-0.14226519,-0.27645636,-0.27961692
54415749179000,-0.15784225,-0.29997468,-0.3028298
54415759098000,-0.17647365,-0.29844752,-0.32848614
54415769046000,-0.20976579,-0.28592476,-0.36758152
54415779056000,-0.27054688,-0.27981612,-0.3990411
54415789066000,-0.30689338,-0.30730507,-0.40728775
54415799015000,-0.35881692,-0.32593644,-0.4329441
54415809085000,-0.38050264,-0.37022418,-0.48608938
54415817356000,-0.4177654,-0.42398033,-0.5453433
54415829105000,-0.5008431,-0.4539127,-0.6119276
54415839115000,-0.5854479,-0.46826804,-0.68736947
54415849063000,-0.6150749,-0.518359,-0.7185236
54415859317000,-0.66883105,-0.547986,-0.7658657
54415869144000,-0.7491598,-0.58311075,-0.82053804
54415879154000,-0.83193207,-0.6109051,-0.89689624
54415889163000,-0.8908805,-0.6298419,-0.9815011
54415899112000,-0.9586866,-0.6414484,-1.031592
54415906620000,-0.99900365,-0.6790166,-1.0447257
54415919132000,-1.0765836,-0.7028403,-1.090846
54415928226000,-1.1184279,-0.72819126,-1.1644552
54415939151000,-1.1208713,-0.7489607,-1.2337884
54415949161000,-1.1584395,-0.7898886,-1.3403844
54415959232000,-1.2763366,-0.8158504,-1.4631683
54415969242000,-1.3978987,-0.8326492,-1.573124
54415979312000,-1.4345506,-0.8693011,-1.6354322
54415989200000,-1.4366887,-0.88671076,-1.779902
54415999149000,-1.3731587,-0.915116,-1.9408649
54416006565000,-1.3291763,-0.9850601,-2.1064095
54416019290000,-1.3004657,-1.0931832,-2.244465
54416027469000,-1.1755438,-1.2214649,-2.2905853
54416039310000,-1.0784162,-1.400143,-2.2524064
54416048892000,-0.91806406,-1.5516375,-2.0621219
54416059391000,-0.9079848,-1.9795487,-1.8953555
54416069339000,-1.076889,-2.3515656,-1.9329237
54416078617000,-1.3841542,-2.441668,-2.1855166
54416089359000,-1.7146323,-2.2153425,-2.5480652
54416099307000,-1.7775514,-1.7339809,-2.675736
54416108860000,-1.4800601,-1.4062517,-2.5795248
54416119358000,-0.8325429,-0.8213482,-1.8367124
54416129367000,-0.34995937,-1.1054006,-0.7967143
54416136966000,-0.050329972,-1.7135168,0.080793574
54416148990000,0.07001048,-1.499714,0.7298379
54416159336000,-0.067739636,-1.0241554,0.892328
54416169406000,-0.15875855,-0.36167204,0.7762637
54416179416000,-0.15326077,0.030197993,0.31750387
54416188999000,0.16713805,0.6493099,-0.081696585
54416199405000,0.47073808,1.1697671,-0.106742054
54416209415000,0.4979216,1.8505764,0.10431188
54416219425000,0.38918757,2.2781823,0.43143022
54416227298000,0.36994532,2.261078,0.65806127
54416239475000,0.5138041,2.2048783,1.2197518
54416249637000,0.8381735,2.0970607,1.8074042
54416259799000,1.1234477,1.7904062,2.231039
54416269626000,1.2605869,1.3499724,2.4146042
54416280246000,1.3473297,1.1086806,2.5505216
54416290653000,1.4554529,1.0219377,2.720953
54416299930000,1.5037112,1.0060552,2.7902863
54416308780000,1.5654086,1.0314062,2.9087942
54416319553000,1.5886215,1.1370858,3.0459335
54416329532000,1.6005334,1.3114878,3.1540565
54416339572000,1.6060312,1.5695784,3.18124
54416349582000,1.5797639,1.8655427,3.1369524
54416359531000,1.5538021,2.1236334,3.096635
54416369602000,1.4814147,2.2225935,2.997675
54416379611000,1.3876468,2.3456829,2.898104
54416389621000,1.3021257,2.3609545,2.8406827
54416399662000,1.262114,2.2635214,2.8556488
54416409641000,1.2828834,2.0741532,2.9231496
54416419651000,1.320757,1.8096484,2.961634
54416429660000,1.4490387,1.6480746,3.0150847
54416438175000,1.6090854,1.2687273,2.998286
54416449741000,1.7385889,0.88113326,2.909405
54416459629000,1.831135,0.62976223,2.7841775
54416469821000,1.9160453,0.5106435,2.6491764
54416479679000,1.9591112,0.38938677,2.589617
54416489688000,2.0424943,0.3047819,2.4973764
54416499301000,2.1029701,0.09189538,2.4332356
54416509738000,2.1118276,-0.14909096,2.3727598
54416519748000,2.0693724,-0.35892317,2.293042
54416529758000,1.9960686,-0.4810962,2.1867514
54416539676000,1.9386473,-0.56173044,2.0428927
54416549716000,1.7731028,-0.60204756,1.9469869
54416559726000,1.574877,-0.57852924,1.6946995
54416570957000,1.3787893,-0.44016823,1.3877398
54416578464000,1.1790364,-0.24927285,1.0832235
54416587314000,0.9447695,-0.065707855,0.8043635
54416599735000,0.6729345,0.09006279,0.53100127
54416609745000,0.5333518,0.2305618,0.3920294
54416619785000,0.2685417,0.29470265,0.10003583
54416629764000,0.037940055,0.38816503,-0.20631309
54416639804000,-0.01734325,0.3832781,-0.48792198
54416649997000,-0.16089658,0.18413603,-0.714553
54416659793000,-0.5811719,-0.026917908,-1.0309812
54416668735000,-0.68410265,0.122744076,-1.237759
54416679843000,-0.37408856,0.19238272,-1.5147864
54416689823000,0.38033003,-0.2123155,-1.4301816
54416699832000,0.43011555,-0.9758971,-1.1302468
54416709873000,-0.9290596,-1.0861583,-1.1421586
54416719852000,-2.754325,-0.37694368,-2.1097693
54416730045000,-3.0823596,0.7580439,-2.85869
54416738437000,-1.9519534,2.0243676,-2.8220382
54416749454000,-0.6080499,2.415016,-2.369998
54416759891000,-0.5176419,1.5952348,-1.8437374
54416769901000,-0.7088427,0.4376451,-1.3138118
54416779911000,-0.902487,0.7036769,-1.0700765
54416789920000,-0.70639926,0.98375857,-1.0532777
54416799930000,-0.50634086,0.59005594,-1.0322028
54416809940000,-0.2800153,0.12854728,-0.85932803
54416821292000,-0.21892878,-0.6777949,-0.53740203
54416830081000,-0.18716379,-0.83417636,-0.31504712
54416838596000,-0.15784225,-0.68604153,-0.32573724
54416849552000,-0.11324909,-0.4688789,-0.4631819
54416860019000,-0.10714044,-0.26423904,-0.5416781
54416870029000,-0.13982172,-0.1616137,-0.6607969
54416880100000,-0.18563662,-0.018976662,-0.68065
54416890140000,-0.16914326,0.005152516,-0.6012374
54416900119000,-0.10652958,-0.083117515,-0.47448292
54416908176000,-0.067739636,-0.25324348,-0.340398
54416920169000,-0.06376901,-0.37297305,-0.24388131
54416930362000,-0.069266796,-0.42184228,-0.21700323
54416940525000,-0.07079396,-0.411763,-0.20539679
54416950656000,-0.056133192,-0.32410383,-0.23807809
54416960758000,-0.041166995,-0.23125234,-0.2829767
54416970737000,-0.04635935,-0.17291471,-0.30527326
54416980228000,-0.06712876,-0.15092355,-0.30649498
54416990695000,-0.080873236,-0.16558433,-0.28358755
54417000217000,-0.0964503,-0.18207768,-0.26098552
54417010440000,-0.07476458,-0.2300306,-0.20600766
54417020236000,-0.067739636,-0.28470305,-0.18737628
54417030246000,-0.06682333,-0.28684106,-0.21272717
54417038425000,-0.033531178,-0.24652398,-0.23991069
54417050296000,-0.021924738,-0.22850344,-0.2506008
54417060276000,-0.038112666,-0.22514367,-0.2692322
54417070285000,-0.08728732,-0.21720243,-0.27900606
54417080234000,-0.12546639,-0.2150644,-0.27411914
54417090335000,-0.14287606,-0.21048293,-0.2683159
54417100315000,-0.14806841,-0.19429499,-0.2756463
54417110324000,-0.14104345,-0.18055052,-0.28114408
54417117862000,-0.116303414,-0.18238312,-0.27931148
54417130344000,-0.09797746,-0.20865032,-0.27320284
54417140384000,-0.08911991,-0.24591309,-0.2756463
54417149936000,-0.107445866,-0.27737266,-0.2841984
54417160129000,-0.15112273,-0.2898954,-0.3000809
54417169925000,-0.18319316,-0.2834813,-0.32421008
54417180362000,-0.18716379,-0.2767618,-0.3355111
54417190647000,-0.18258229,-0.2730966,-0.34711754
54417200351000,-0.19143984,-0.27004227,-0.34314692
54417210391000,-0.21617988,-0.28378674,-0.34070346
54417220401000,-0.23817104,-0.30974853,-0.34223062
54417231571000,-0.26535454,-0.33937547,-0.3550588
54417241519000,-0.28429136,-0.35800686,-0.37002498
54417251560000,-0.32369217,-0.3610612,-0.41645074
54417260257000,-0.344767,-0.3610612,-0.46593085
54417270450000,-0.36187124,-0.35770142,-0.5007502
54417280429000,-0.3905819,-0.35892317,-0.51449466
54417290470000,-0.42143062,-0.4126793,-0.51449466
54417300479000,-0.43181533,-0.47651473,-0.5117457
54417307620000,-0.44128373,-0.5003385,-0.5114403
54417320621000,-0.47121614,-0.53851753,-0.53984547
54417330478000,-0.5478797,-0.5311872,-0.61040044
54417338382000,-0.6330954,-0.49636784,-0.69805956
54417350528000,-0.707621,-0.51133406,-0.7496778
54417360538000,-0.78428453,-0.51194495,-0.78480244
54417370853000,-0.8209365,-0.5043091,-0.8089317
54417380283000,-0.89790547,-0.507058,-0.8565792
54417390537000,-0.9495236,-0.4997276,-0.8926202
54417400577000,-0.95043993,-0.5012548,-0.9280504
54417410251000,-0.92844874,-0.52538395,-0.9677566
54417420261000,-0.91775864,-0.5739478,-0.995551
54417430606000,-0.9238673,-0.6060182,-1.0034922
54417439121000,-0.96876585,-0.61670834,-1.0389224
54417448947000,-1.0808597,-0.67076993,-1.1137534
54417459171000,-1.2183043,-0.754153,-1.2044668
54417468296000,-1.3264275,-0.7999679,-1.3199204
54417480686000,-1.3722423,-0.7697301,-1.4726367
54417490665000,-1.3713261,-0.7269695,-1.562434
54417500675000,-1.3484186,-0.72422063,-1.7539401
54417510684000,-1.3389502,-0.73979765,-1.9231498
54417520725000,-1.3807945,-0.7510987,-2.0257752
54417530673000,-1.398815,-0.7569019,-2.0822804
54417540683000,-1.3194025,-0.8900705,-2.1073258
54417552097000,-1.2577051,-1.2590331,-2.0984683
54417561832000,-1.2586215,-1.6756432,-2.1085474
54417571842000,-1.2934407,-1.8140042,-2.192847
54417579715000,-1.3151264,-1.8839483,-2.38924
54417589237000,-1.2821398,-1.7043539,-2.6415274
54417600284000,-1.1847067,-1.4737523,-2.6986434
54417610752000,-1.0213003,-1.459397,-2.361751
54417620761000,-0.9556322,-1.6307446,-2.0743392
54417630771000,-0.8762198,-1.7022159,-1.4365957
54417638980000,-0.6376769,-1.599896,-0.79396546
54417650852000,-0.14287606,-1.3671563,-0.1736318
54417661533000,0.22242136,-1.2425398,0.37920123
54417672489000,0.1891292,-0.75903994,0.7331977
54417680789000,-0.08911991,-0.14756379,0.80894494
54417690250000,-0.20121369,0.1951316,0.754578
54417700748000,-0.08728732,0.33960125,0.5645988
54417709354000,0.40842983,0.746132,0.5071775
54417720737000,0.71936023,1.2226069,0.65103626
54417730838000,0.67110187,1.5766033,0.87858355
54417739688000,0.55748093,1.7757454,1.209978
54417750583000,0.5748906,1.8664589,1.428057
54417760745000,0.79785645,1.8973076,1.91736
54417770755000,1.0886283,1.8279744,2.31992
54417780765000,1.2248513,1.5362862,2.539526
54417790744000,1.244399,1.3551646,2.665975
54417800846000,1.2834944,1.3304247,2.7875373
54417810733000,1.3180082,1.2885804,2.8452642
54417820651000,1.3732915,1.2809446,2.9286473
54417830783000,1.382149,1.353943,2.972935
54417839176000,1.36871,1.5353699,2.9872904
54417850772000,1.3577144,1.766277,2.949722
54417859378000,1.3360287,1.9696952,2.8666444
54417869235000,1.3167864,2.1059182,2.8235784
54417880771000,1.2764693,2.1450136,2.7621865
54417890750000,1.252951,2.1560092,2.7475257
54417899326000,1.2563108,2.057049,2.7896755
54417910770000,1.3082343,1.8438569,2.8687825
54417919712000,1.4053619,1.550947,2.932007
54417930576000,1.5140959,1.2391003,2.9335341
54417940738000,1.5626597,0.98345315,2.9115431
54417950748000,1.6442102,0.8893799,2.8455696
54417960758000,1.7303423,0.74918634,2.7676842
54417970737000,1.8302187,0.65266967,2.6910207
54417980777000,1.9383419,0.55981815,2.6387918
54417990756000,2.0327206,0.39580086,2.6103864
54418000766000,2.0669289,0.17985997,2.59878
54418012180000,2.0989995,0.0827324,2.5642662
54418019290000,2.0907526,-0.058682904,2.5086775
54418030765000,2.0654018,-0.15397787,2.4402604
54418040744000,2.0214195,-0.2514109,2.338857
54418050754000,1.9539189,-0.3470113,2.1668983
54418060733000,1.9114637,-0.4154282,2.0548046
54418070743000,1.7963157,-0.44138998,1.7915217
54418080783000,1.6225245,-0.47590387,1.4940304
54418091495000,1.4264368,-0.47620928,1.2044802
54418100589000,1.2440935,-0.45238554,0.95372
54418110752000,1.0718294,-0.45879963,0.73594654
54418120761000,0.8717711,-0.57883465,0.5523815
54418130771000,0.6992017,-0.7214717,0.45219964
54418140689000,0.22853002,-0.7016186,0.13027367
54418150760000,-0.18808009,-0.39404792,-0.33154047
54418160800000,-0.3905819,-0.040356945,-0.7783884
54418170902000,-0.48648775,0.06135211,-1.2710512
54418180789000,-0.66822016,-0.017144065,-1.9048239
54418191532000,-0.75129783,0.14381891,-2.1149616
54418200809000,-0.86125356,0.28798312,-2.0596783
54418210819000,-1.5002186,0.22720203,-2.084113
54418220828000,-2.2867076,0.35578918,-2.6445818
54418229923000,-1.790685,1.5115461,-2.7713363
54418240451000,-1.0588685,2.1016421,-2.2771463
54418250827000,-0.9263107,1.2415438,-1.9524714
54418261539000,-0.84567654,0.80996746,-1.3296943
54418272495000,-0.84140044,0.48010024,-0.9946346
54418280155000,-0.71831113,0.28004187,-1.0037977
54418291538000,-0.48893124,-0.03730262,-1.0410604
54418300754000,-0.3352986,-0.44566602,-0.92194176
54418310703000,-0.2296189,-0.6307582,-0.74051476
54418322971000,-0.19266157,-0.56020325,-0.6861477
54418330814000,-0.149901,-0.49484068,-0.66751635
54418342960000,-0.14531952,-0.35678515,-0.66415656
54418351383000,-0.08453843,-0.20406884,-0.5939071
54418363651000,-0.048191946,-0.18665917,-0.49219802
54418372928000,-0.06743421,-0.24377507,-0.4020954
54418382633000,-0.06071468,-0.22636542,-0.36055657
54418392642000,-0.024979066,-0.23705554,-0.2841984
54418401065000,-0.020703007,-0.32502013,-0.22372276
54418410800000,-0.033531178,-0.37450022,-0.18310021
54418421543000,-0.04483219,-0.36655897,-0.17057748
54418430240000,-0.026506227,-0.35250908,-0.19165233
54418440525000,0.001899004,-0.3198278,-0.20386963
54418450748000,0.055044282,-0.3039453,-0.21242175
54418460178000,0.03610746,-0.29203343,-0.20692396
54418468723000,-0.028033394,-0.2862302,-0.19776098
54418478763000,-0.10164265,-0.27523464,-0.18981972
54418490268000,-0.17067042,-0.2730966,-0.19317949
54418501255000,-0.1938833,-0.25202176,-0.21272717
54418509830000,-0.20701692,-0.19796017,-0.22341731
54418522525000,-0.19602133,-0.17322013,-0.24571389
54418530735000,-0.21007124,-0.130765,-0.27808976
54418539279000,-0.24763945,-0.130765,-0.3083276
54418552494000,-0.26138392,-0.016838633,-0.30893844
54418560794000,-0.23633844,-0.0052321926,-0.28633645
54418572483000,-0.21770704,-0.019587528,-0.27870062
54418580753000,-0.2024354,-0.035775457,-0.27686802
54418590732000,-0.26474366,-0.07120564,-0.3083276
54418599338000,-0.3737831,-0.07517626,-0.372163
54418610813000,-0.46968895,-0.07212194,-0.42164308
54418622501000,-0.5292483,-0.0736491,-0.446994
54418631534000,-0.54238194,-0.086171836,-0.4564624
54418642490000,-0.5323026,-0.10022174,-0.47998074
54418650760000,-0.47213244,-0.13504106,-0.52213037
54418661228000,-0.40341008,-0.17566359,-0.571916
54418669376000,-0.3725614,-0.20681772,-0.59482336
54418678928000,-0.3914982,-0.26332277,-0.55572796
54418688999000,-0.42173603,-0.33265597,-0.5016664
54418698947000,-0.5243614,-0.33235052,-0.4918926
54418708988000,-0.6724962,-0.30363986,-0.5172435
54418718784000,-0.81299525,-0.24469137,-0.59268534
54418728794000,-0.8337647,-0.2150644,-0.6769848
54418738803000,-0.70029056,-0.20987204,-0.7163856
54418750614000,-0.55765355,-0.2291143,-0.7099714
54418760318000,-0.52741575,-0.31433,-0.6919509
54418773105000,-0.5619296,-0.35403624,-0.6470524
54418781009000,-0.69723624,-0.35220364,-0.6308644
54418793216000,-0.8969892,-0.26912597,-0.68217707
54418801059000,-1.1132355,-0.21964589,-0.83092284
54418810642000,-1.2048653,-0.26271188,-0.9613426
54418821537000,-1.1529417,-0.32257667,-0.9866934
54418830814000,-0.9443312,-0.36533725,-1.00899
54418842990000,-0.8533123,-0.5586761,-1.03373
54418851535000,-0.9574648,-0.7737007,-1.0010488
54418862033000,-0.9947276,-0.75965077,-0.9417949
54418872928000,-0.79253125,-0.64694613,-0.84863794
54418881504000,-0.66883105,-0.6481679,-0.6775956
54418893161000,-0.50725716,-0.68848497,-0.574054
54418903110000,-0.396996,-0.7025349,-0.34436864
54418912174000,-0.25527525,-0.60082585,-0.13514729
54418919284000,-0.14745754,-0.5928846,-0.061843462
54418932987000,-0.091257945,-0.6857361,-0.1015497
54418941562000,-0.07659717,-0.6948991,-0.051764183
54418952976000,-0.08484386,-0.63717234,0.016958157
54418961551000,-0.1086676,-0.58066726,0.13821492
54418972019000,-0.1367674,-0.4303944,0.20968615
54418982913000,-0.17769538,-0.31860605,0.2655803
54418992923000,-0.21190384,-0.21964589,0.30314854
54419002872000,-0.236033,-0.1035815,0.32422337
54419013217000,-0.24030906,0.043637022,0.32697228
54419023654000,-0.22717544,0.1856632,0.32849944
54419032352000,-0.18472032,0.22689661,0.34743625
54419042057000,-0.11996861,0.2314781,0.3871425
54419052738000,-0.05063541,0.17558393,0.4357063
54419063114000,0.007396791,0.10747244,0.46838757
54419073337000,0.02694448,0.0396664,0.4735799
54419083347000,0.05748774,0.013704628,0.4732745
54419093357000,0.07367567,-0.020198394,0.4696093
54419103366000,0.05687688,-0.04188411,0.45983547
54419113376000,0.046186738,-0.050741654,0.45861372
54419122318000,0.05962577,-0.06356982,0.46227893
54419130374000,0.05748774,-0.08189578,0.45922458
54419143222000,0.046186738,-0.06754045,0.4555594
54419152500000,0.032442268,-0.044022135,0.4405932
54419162479000,0.035191163,0.0027090535,0.41371512
54419172977000,0.023890154,0.02775453,0.36790025
54419181674000,-0.013983492,0.0677662,0.3028431
54419193271000,-0.05796579,0.1144974,0.23625877
54419201145000,-0.07201569,0.14565152,0.21212961
54419213291000,-0.101337224,0.15267646,0.17486683
54419222904000,-0.14379235,0.13709942,0.13332799
54419231662000,-0.16700523,0.10594528,0.11530746
54419243320000,-0.18044427,0.037833802,0.0988141
54419252902000,-0.20151913,-0.046160165,0.054526366
54419260105000,-0.20671147,-0.05349055,0.020317916
54419273349000,-0.20182455,-0.037913486,-0.087805234
54419281650000,-0.21220925,-0.007981088,-0.23319116
54419293460000,-0.2855131,0.005457945,-0.340398
54419302951000,-0.36064953,0.022562176,-0.3654435
54419311435000,-0.3484322,-9.5614046E-4,-0.34284148
54419322971000,-0.31208572,-0.11854769,-0.3122982
54419331668000,-0.3203324,-0.2318632,-0.29580486
54419343479000,-0.3896656,-0.22789258,-0.29305595
54419352970000,-0.45197386,-0.07792516,-0.31443623
54419362766000,-0.4431163,0.101363786,-0.25243342
54419372135000,-0.3688962,0.14473522,-0.15194608
54419381717000,-0.32185957,0.06532275,-0.13545272
54419392978000,-0.3230813,-0.030888535,-0.15164065
54419402957000,-0.31452918,-0.054101415,-0.16202536
54419412937000,-0.28734568,-0.06845675,-0.13636902
54419422977000,-0.31544548,-0.06387526,-0.14064507
54419431980000,-0.35851148,-0.005843058,-0.16660684
54419440952000,-0.36462015,0.054327168,-0.16843945
54419451450000,-0.3670636,0.076318316,-0.1717992
54419462955000,-0.3914982,0.10075293,-0.1876817
54419472934000,-0.39485797,0.16153401,-0.17393723
54419481754000,-0.35942778,0.13312879,-0.1418668
54419492984000,-0.3520974,0.021035008,-0.102466
54419502933000,-0.36675817,-0.048298195,-0.07680966
54419512790000,-0.3719505,-0.039135214,-0.09696822
54419523807000,-0.37133965,-0.019587528,-0.118043065
54419533908000,-0.3511811,-0.015616901,-0.14675373
54419543704000,-0.32002696,-0.020503826,-0.14950262
54419553714000,-0.28032073,-0.029055938,-0.14308853
54419563724000,-0.22228855,-0.074565396,-0.12567888
54419573734000,-0.18380402,-0.13320845,-0.1201811
54419583744000,-0.16731067,-0.12496178,-0.12720604
54419593753000,-0.13554567,-0.12129659,-0.1305658
54419603763000,-0.12424466,-0.13992798,-0.12262455
54419613773000,-0.12027404,-0.14542577,-0.12323542
54419622928000,-0.114470825,-0.16130826,-0.1333147
54419633090000,-0.12302293,-0.19460043,-0.14247768
54419643009000,-0.13279678,-0.2074286,-0.14247768
54419653018000,-0.15234447,-0.20529056,-0.14217225
54419663211000,-0.15875855,-0.21720243,-0.14156137
54419673221000,-0.16272917,-0.27737266,-0.145532
54419681766000,-0.18685836,-0.3366266,-0.17241007
54419694095000,-0.19724306,-0.35525796,-0.24357587
54419703433000,-0.16334003,-0.39160445,-0.27228653
54419713352000,-0.14409779,-0.46765718,-0.26159638
54419722995000,-0.11324909,-0.47620928,-0.27137023
54419733982000,-0.07476458,-0.4276455,-0.36300004
54419742893000,-0.025284495,-0.3900773,-0.45035374
54419750644000,0.03030424,-0.3931316,-0.4451614
54419760379000,0.07825716,-0.43558675,-0.39568132
54419770389000,0.103302635,-0.46551916,-0.38468575
54419780551000,0.13873282,-0.48903745,-0.3648326
54419790714000,0.117657974,-0.54768056,-0.3477284
54419800174000,0.052295387,-0.52813286,-0.31993404
54419809879000,-0.026506227,-0.4820125,-0.21364348
54419819858000,-0.116303414,-0.4707115,-0.0734499
54419829929000,-0.15723139,-0.48781574,-0.014501404
54419839786000,-0.21648532,-0.49911675,0.068881705
54419849857000,-0.25222093,-0.5018656,0.10217386
54419859745000,-0.24916661,-0.4734604,0.09148371
54419869754000,-0.19632676,-0.43161613,0.08842939
54419879886000,-0.13157505,-0.4380302,0.11744549
54419889987000,-0.08545472,-0.47498757,0.14523986
54419899753000,-0.069877654,-0.4539127,0.15806803
54419909915000,-0.054300595,-0.43253243,0.19319278
54419920017000,-0.055522326,-0.3977131,0.2270958
54419929996000,-0.05368973,-0.3659481,0.23839681
54419940097000,-0.04299959,-0.33601573,0.22923383
54419950321000,-0.016426954,-0.31494087,0.21151873
54419960453000,0.006785929,-0.33265597,0.20479922
54419970645000,0.06298553,-0.36533725,0.19563624
54419980564000,0.10544066,-0.4630757,0.19044389
54419990512000,0.1582805,-0.56111956,0.20876984
54420000553000,0.22547568,-0.6796274,0.23900767
54420009891000,0.25724068,-0.7712572,0.22098714
54420020084000,0.26487648,-0.7126142,0.19899599
54420029972000,0.25876784,-0.6481679,0.16417667
54420041080000,0.22150506,-0.5125558,0.13760404
54420049930000,0.18699118,-0.3818306,0.12019438
54420063114000,0.15919681,-0.29233885,0.099424966
54420072025000,0.14300887,-0.2477457,0.07468492
54420081394000,0.13934368,-0.22453281,0.054526366
54420094455000,0.13751109,-0.20865032,0.0416982
54420101657000,0.1347622,-0.20590141,0.02092878
54420113010000,0.13170788,-0.21628612,0.016347291
54420122989000,0.14606321,-0.23216864,0.002908256
54420133029000,0.15430988,-0.24682939,-0.029467605
54420143009000,0.12468292,-0.23705554,-0.050237022
54420152927000,0.110633016,-0.20193079,-0.037103415
54420161289000,0.10421893,-0.2037634,0.031618923
54420170810000,0.10360807,-0.26362818,0.09606521
54420184665000,0.101775475,-0.3002801,0.12752476
54420193271000,0.0907799,-0.24835655,0.12905192
54420203128000,0.078562595,-0.1466475,0.11347487
54420213291000,0.078562595,-0.09197506,0.105228186
54420223361000,0.08833644,-0.09350222,0.100952126
54420232913000,0.097499415,-0.12160202,0.11316943
54420241825000,0.10208091,-0.13870625,0.10034126
54420251529000,0.10055374,-0.13656822,0.06857627
54420262119000,0.09322336,-0.13565192,0.04291993
54420273776000,0.087420136,-0.12068573,0.020012483
54420282230000,0.07062134,-0.097778276,0.012071233
54420290683000,0.061152935,-0.09014246,0.0096277725
54420303989000,0.06726159,-0.09961087,0.030702624
54420313083000,0.06451269,-0.12190746,0.046279687
54420320804000,0.052295387,-0.102054335,0.025204837
54420333835000,0.046186738,-0.06662415,0.0074897446
54420341922000,0.04527044,-0.024779882,1.5936047E-4
54420350772000,0.041605245,-3.9838254E-5,-0.018166594
54420361087000,0.034274865,0.023783907,-0.019999191
54420373783000,0.0186978,0.012788333,-0.0013677999
54420382602000,-0.008485705,0.0020981878,0.0056571495
54420393985000,-0.032614883,0.02225674,0.0013810918
54420403049000,-0.043610457,0.050661974,0.0053517167
54420413120000,-0.066212475,0.064711876,0.011154937
54420423343000,-0.067739636,0.06837707,0.029786326
54420433719000,-0.05796579,0.06257384,0.03711671
54420442508000,-0.049413677,0.063795574,0.03620041
54420451267000,-0.09919919,0.052800007,0.0398656
54420460605000,-0.15784225,0.13099074,0.005046284
54420471714000,-0.20854408,0.25805074,-0.018472027
54420480380000,-0.12668812,0.50484025,-0.042295776
54420490390000,-0.064990744,0.4727699,-0.04321207
54420500400000,-0.028338823,0.33410347,-0.038019717
54420510410000,0.012894582,0.25377467,-0.036797985
54420520389000,0.04527044,0.108083315,-0.011141647
54420530429000,0.06634529,-0.037913486,0.0056571495
54420540409000,0.13812196,-0.11335534,0.012987532
