4243947055188,0.034088463,-0.058589544,0.098004326
4243948848605,0.034088463,-0.058589544,0.098004326
4243952074313,0.023435818,-0.040480047,0.09161274
4243957835522,0.0127831735,-0.023435818,0.08735169
4243963142063,0.002130529,-0.00958738,0.084155895
4243969374730,-0.00958738,-0.002130529,0.082025364
4243972303730,-0.02130529,0.0031957934,0.080960095
4243977926188,-0.02876214,0.0053263223,0.080960095
4243982544980,-0.033023197,0.0053263223,0.083090626
4243987544980,-0.034088463,0.0053263223,0.083090626
4243989188772,-0.034088463,0.0053263223,0.083090626
4243992418397,-0.03089267,0.0031957934,0.080960095
4243998150772,-0.025566347,0.0,0.0777643
4244002593105,-0.02130529,-0.004261058,0.070307456
4244009064605,-0.015978966,-0.008522116,0.0628506
4244012605397,-0.0127831735,-0.018109497,0.054328486
4244018266605,-0.00958738,-0.029827405,0.0479369
4244023237813,-0.008522116,-0.037284255,0.039414786
4244029248397,-0.008522116,-0.040480047,0.029827405
4244032457313,-0.011717909,-0.043675844,0.022370555
4244038061730,-0.017044231,-0.043675844,0.017044231
4244042510522,-0.023435818,-0.043675844,0.013848438
4244047510522,-0.033023197,-0.041545313,0.011717909
4244049071188,-0.033023197,-0.041545313,0.011717909
4244052467188,-0.039414786,-0.03834952,0.00958738
4244058458855,-0.04580637,-0.03834952,0.007456851
4244062504063,-0.056459017,-0.037284255,0.004261058
4244067504063,-0.066046394,-0.034088463,0.0
4244069225272,-0.066046394,-0.034088463,0.0
4244072574313,-0.07243799,-0.02876214,-0.0010652645
4244078708980,-0.0777643,-0.017044231,-0.002130529
4244083244897,-0.0777643,-0.017044231,-0.002130529
4244089510147,-0.0777643,-0.0053263223,-0.002130529
4244092478230,-0.0777643,-0.0053263223,-0.002130529
4244098095272,-0.070307456,0.008522116,-0.0031957934
4244102593438,-0.070307456,0.008522116,-0.0031957934
4244107593438,-0.04261058,0.018109497,0.0031957934
4244109631272,-0.04261058,0.018109497,0.0031957934
4244112477272,-0.04261058,0.018109497,0.0031957934
4244118085230,-0.008522116,0.015978966,0.007456851
4244122515022,-0.008522116,0.015978966,0.007456851
4244127515022,0.015978966,0.004261058,0.007456851
4244129614688,0.015978966,0.004261058,0.007456851
4244132429438,0.015978966,0.004261058,0.007456851
4244138079147,0.027696876,-0.0010652645,0.0063915867
4244142986272,0.027696876,-0.0010652645,0.0063915867
4244149276355,0.018109497,0.011717909,0.0053263223
4244152455105,0.018109497,0.011717909,0.0053263223
4244158069980,-0.0127831735,0.033023197,0.0063915867
4244162677563,-0.0127831735,0.033023197,0.0063915867
4244167677563,-0.0479369,0.054328486,0.002130529
4244169850022,-0.0479369,0.054328486,0.002130529
4244172689938,-0.06178534,0.06391586,-0.0031957934
4244178499272,-0.07669904,0.07350325,-0.010652645
4244182403355,-0.09054748,0.082025364,-0.013848438
4244187403355,-0.10333065,0.09054748,-0.0127831735
4244189550147,-0.10333065,0.09054748,-0.0127831735
4244192321897,-0.11504856,0.09267801,-0.00958738
4244198225563,-0.12676647,0.08841695,-0.004261058
4244202983730,-0.13422333,0.083090626,0.0010652645
4244209276563,-0.14061491,0.07563378,0.008522116
4244212572772,-0.14487597,0.06711166,0.017044231
4244218201647,-0.14913702,0.060720075,0.026631612
4244222630188,-0.1555286,0.058589544,0.03834952
4244227630188,-0.16298546,0.058589544,0.04580637
4244229652147,-0.16298546,0.058589544,0.04580637
4244232650480,-0.17044231,0.0628506,0.053263225
4244238075105,-0.17789917,0.066046394,0.05965481
4244242635938,-0.18429075,0.07350325,0.06178534
4244249091938,-0.18535602,0.08628642,0.060720075
4244252631230,-0.18322548,0.10546118,0.0628506
4244258286938,-0.18429075,0.12357068,0.06711166
4244263246022,-0.18002969,0.13528858,0.07243799
4244268246022,-0.17150758,0.13741912,0.080960095
4244269820438,-0.17150758,0.13741912,0.080960095
4244272462605,-0.15446335,0.13422333,0.09374327
4244278711147,-0.13102753,0.128897,0.10439592
4244282778897,-0.10972224,0.12037488,0.10972224
4244289138480,-0.0958738,0.113983296,0.112918034
4244292458897,-0.08735169,0.10546118,0.11717909
4244298209647,-0.07669904,0.09161274,0.12144015
4244302588897,-0.0628506,0.07669904,0.12144015
4244308838105,-0.049002163,0.06391586,0.12037488
4244312698022,-0.03834952,0.054328486,0.11824436
4244317954189,-0.034088463,0.04580637,0.113983296
4244322795022,-0.03834952,0.04261058,0.10759171
4244329219272,-0.040480047,0.04474111,0.10333065
4244332400939,-0.04474111,0.05539375,0.099069595
4244338321064,-0.054328486,0.06924219,0.098004326
4244342190980,-0.070307456,0.0777643,0.098004326
4244347190980,-0.08628642,0.07669904,0.094808534
4244348870939,-0.08628642,0.07669904,0.094808534
4244352427439,-0.096939065,0.068176925,0.09161274
4244357878730,-0.10013486,0.05219796,0.08628642
4244362984939,-0.098004326,0.034088463,0.0777643
4244369157897,-0.099069595,0.017044231,0.06711166
4244373002564,-0.10333065,0.004261058,0.056459017
4244377919564,-0.10972224,-0.002130529,0.04474111
4244383409772,-0.12037488,-0.0063915867,0.033023197
4244388823314,-0.13102753,-0.00958738,0.022370555
4244392407022,-0.13848437,-0.008522116,0.017044231
4244397987022,-0.14487597,-0.0053263223,0.013848438
4244402491605,-0.15126756,-0.0010652645,0.014913702
4244407491605,-0.15765914,0.0031957934,0.014913702
4244409163814,-0.15765914,0.0031957934,0.014913702
4244412485230,-0.165116,0.008522116,0.014913702
4244418143480,-0.17257284,0.013848438,0.010652645
4244422036480,-0.1768339,0.017044231,0.0053263223
4244427036480,-0.18002969,0.01917476,-0.002130529
4244429241897,-0.18002969,0.01917476,-0.002130529
4244432530522,-0.18109496,0.015978966,-0.007456851
4244438157647,-0.18109496,0.008522116,-0.013848438
4244443157647,-0.18109496,0.002130529,-0.02130529
4244444924147,-0.18109496,0.002130529,-0.02130529
4244449924147,-0.18109496,-0.002130529,-0.02876214
4244454924147,-0.18109496,-0.002130529,-0.02876214
4244457914147,-0.18109496,-0.002130529,-0.02876214
4244462006355,-0.19920446,0.0053263223,-0.03834952
4244467006355,-0.21518342,0.0063915867,-0.037284255
4244469882439,-0.21518342,0.0063915867,-0.037284255
4244473295730,-0.22690132,0.010652645,-0.03195793
4244478356105,-0.23116238,0.026631612,-0.024501082
4244482611897,-0.23755397,0.05006743,-0.015978966
4244487611897,-0.25353295,0.07350325,-0.010652645
4244489394147,-0.25353295,0.07350325,-0.010652645
4244492685730,-0.27057716,0.09267801,-0.008522116
4244498664230,-0.27803403,0.10972224,-0.0053263223
4244503657480,-0.27803403,0.1257012,-0.0031957934
4244509622314,-0.2695119,0.13528858,-0.0053263223
4244514622314,-0.25992453,0.13635385,-0.007456851
4244517295772,-0.25992453,0.13635385,-0.007456851
4244523543814,-0.22690132,0.11611383,-0.017044231
4244526064480,-0.22690132,0.11611383,-0.017044231
4244531065855,-0.20879184,0.094808534,-0.02130529
4244535516855,-0.18642128,0.06711166,-0.025566347
4244540931855,-0.16298546,0.036218993,-0.029827405
4244545268189,-0.14168017,0.008522116,-0.036218993
4244551058189,-0.11824436,-0.018109497,-0.037284255
4244554214272,-0.098004326,-0.037284255,-0.039414786
4244559887230,-0.07669904,-0.049002163,-0.03834952
4244564475355,-0.056459017,-0.05219796,-0.037284255
4244570387855,-0.039414786,-0.043675844,-0.036218993
4244573847480,-0.02876214,-0.033023197,-0.033023197
4244578739689,-0.02130529,-0.02130529,-0.029827405
4244583505480,-0.018109497,-0.0063915867,-0.02130529
4244589769772,-0.013848438,0.004261058,-0.010652645
4244593510397,-0.010652645,0.00958738,-0.0010652645
4244599651314,-0.007456851,0.00958738,0.00958738
4244605707022,0.0,0.008522116,0.020240024
4244611457980,0.007456851,0.0063915867,0.029827405
4244618343564,0.018109497,-0.0053263223,0.04474111
4244621075272,0.018109497,-0.0053263223,0.04474111
4244626032189,0.02130529,-0.0127831735,0.0479369
4244631154397,0.022370555,-0.015978966,0.0479369
4244634837022,0.022370555,-0.017044231,0.049002163
4244640320564,0.01917476,-0.01917476,0.0479369
4244644963272,0.015978966,-0.020240024,0.049002163
4244649963272,0.0127831735,-0.022370555,0.05219796
4244651710939,0.0127831735,-0.022370555,0.05219796
4244654339855,0.0127831735,-0.022370555,0.0628506
4244660546022,0.013848438,-0.022370555,0.07350325
4244665465272,0.014913702,-0.023435818,0.084155895
4244670465272,0.017044231,-0.022370555,0.09267801
4244672996147,0.017044231,-0.022370555,0.09267801
4244675596772,0.017044231,-0.023435818,0.101200126
4244680282480,0.018109497,-0.02130529,0.1107875
4244685423189,0.017044231,-0.015978966,0.11930962
4244690423189,0.015978966,-0.014913702,0.12463594
4244693703022,0.015978966,-0.014913702,0.12463594
4244696593022,0.013848438,-0.013848438,0.12783173
4244701839397,0.010652645,-0.0127831735,0.13315806
4244708486189,0.002130529,-0.018109497,0.13209279
4244710446647,0.002130529,-0.018109497,0.13209279
4244714296064,-0.0053263223,-0.01917476,0.13102753
4244719112105,-0.01917476,-0.017044231,0.12676647
4244723902855,-0.03195793,-0.017044231,0.12357068
4244730131064,-0.049002163,-0.013848438,0.11930962
4244734069397,-0.06498113,-0.010652645,0.11504856
4244739601980,-0.07882957,-0.004261058,0.10972224
4244743791564,-0.09374327,0.004261058,0.10865697
4244748791564,-0.10226539,0.0127831735,0.10972224
4244753860897,-0.10226539,0.0127831735,0.10972224
4244758860897,-0.10759171,0.01917476,0.111852765
4244760690647,-0.10759171,0.01917476,0.111852765
4244764993522,-0.11611383,0.0127831735,0.11824436
4244769912814,-0.113983296,0.007456851,0.12037488
4244773571897,-0.1107875,0.004261058,0.11824436
4244779705022,-0.10759171,0.004261058,0.11717909
4244783635105,-0.099069595,0.004261058,0.12037488
4244788635105,-0.07882957,0.0053263223,0.12676647
4244791006272,-0.07882957,0.0053263223,0.12676647
4244798976814,-0.058589544,0.011717909,0.13635385
4244803640689,-0.058589544,0.011717909,0.13635385
4244809894814,-0.039414786,0.02130529,0.1470065
4244813531355,-0.039414786,0.02130529,0.1470065
4244819110605,-0.03195793,0.029827405,0.1470065
4244824397064,-0.03195793,0.029827405,0.1470065
4244830138397,-0.04261058,0.035153728,0.1438107
4244833878939,-0.04261058,0.035153728,0.1438107
4244838912230,-0.0628506,0.049002163,0.1470065
4244843760272,-0.0628506,0.049002163,0.1470065
4244848760272,-0.082025364,0.068176925,0.15446335
4244850633939,-0.082025364,0.068176925,0.15446335
4244854255855,-0.082025364,0.068176925,0.15446335
4244859190605,-0.09374327,0.09374327,0.16085494
4244865266064,-0.09374327,0.09374327,0.16085494
4244870266064,-0.0958738,0.113983296,0.16937704
4244872796230,-0.0958738,0.113983296,0.16937704
4244880613772,-0.068176925,0.11930962,0.17257284
4244885763355,-0.068176925,0.11930962,0.17257284
4244890763355,-0.0127831735,0.10865697,0.17789917
4244892604730,-0.0127831735,0.10865697,0.17789917
4244900461897,0.05539375,0.08628642,0.19281286
4244904241230,0.08628642,0.07456851,0.20133498
4244909241230,0.10652645,0.070307456,0.20559604
4244911821689,0.10652645,0.070307456,0.20559604
4244918930147,0.13528858,0.07669904,0.21624869
4244920970522,0.13528858,0.07669904,0.21624869
4244926011439,0.1470065,0.0777643,0.221575
4244931815230,0.15446335,0.0777643,0.2247708
4244936098939,0.15659387,0.07456851,0.22903186
4244942175480,0.15446335,0.06924219,0.23329292
4244946013897,0.15126756,0.0628506,0.23755397
4244951321855,0.14274544,0.056459017,0.2396845
4244955467189,0.13635385,0.049002163,0.23755397
4244961383022,0.12996227,0.04261058,0.23435818
4244966335897,0.12037488,0.036218993,0.23009712
4244971335897,0.10652645,0.025566347,0.22264028
4244973105314,0.10652645,0.025566347,0.22264028
4244975775064,0.08735169,0.01917476,0.21624869
4244981553314,0.068176925,0.010652645,0.20879184
4244986463689,0.046871636,0.0010652645,0.19920446
4244992753147,0.025566347,-0.00958738,0.18961707
4245000160439,-0.013848438,-0.024501082,0.16937704
4245005303189,-0.034088463,-0.02876214,0.15765914
4245010303189,-0.054328486,-0.03089267,0.14594123
4245012537439,-0.054328486,-0.03089267,0.14594123
4245019594272,-0.09161274,-0.037284255,0.12144015
4245021197314,-0.09161274,-0.037284255,0.12144015
4245026044272,-0.111852765,-0.040480047,0.10759171
4245031356272,-0.128897,-0.04580637,0.09267801
4245035626356,-0.14594123,-0.05006743,0.07456851
4245040005731,-0.15659387,-0.05539375,0.056459017
4245045519814,-0.16618125,-0.060720075,0.037284255
4245050892272,-0.16831179,-0.06711166,0.020240024
4245055487356,-0.16724652,-0.07137272,0.0031957934
4245060377147,-0.165116,-0.07456851,-0.011717909
4245064440064,-0.16192019,-0.07563378,-0.024501082
4245069440064,-0.16192019,-0.07989483,-0.036218993
4245070992939,-0.16192019,-0.07989483,-0.036218993
4245075762522,-0.15978967,-0.08735169,-0.046871636
4245081860647,-0.15978967,-0.09374327,-0.05539375
4245086106772,-0.16405073,-0.0958738,-0.06391586
4245091440564,-0.17470337,-0.099069595,-0.07243799
4245095079939,-0.1949434,-0.10013486,-0.07882957
4245101277856,-0.21731395,-0.098004326,-0.084155895
4245106178731,-0.2428803,-0.08841695,-0.08735169
4245112179022,-0.27057716,-0.0777643,-0.09374327
4245118803856,-0.3334278,-0.056459017,-0.10759171
4245121380522,-0.3334278,-0.056459017,-0.10759171
4245125964064,-0.36325517,-0.049002163,-0.112918034
4245131460689,-0.3898868,-0.041545313,-0.12037488
4245134969522,-0.4111921,-0.043675844,-0.128897
4245140532814,-0.43249738,-0.05219796,-0.13528858
4245145445606,-0.45060685,-0.05965481,-0.14168017
4245151265106,-0.46552056,-0.06391586,-0.14913702
4245154823314,-0.47830373,-0.06924219,-0.15978967
4245159998439,-0.48469532,-0.07882957,-0.16724652
4245166187814,-0.4857606,-0.08948222,-0.17470337
4245171187814,-0.4825648,-0.10333065,-0.18002969
4245173274439,-0.4825648,-0.10333065,-0.18002969
4245180425231,-0.47191215,-0.12996227,-0.1768339
4245182581272,-0.47191215,-0.12996227,-0.1768339
4245189703606,-0.44315,-0.16298546,-0.15659387
4245193338647,-0.44315,-0.16298546,-0.15659387
4245197725647,-0.42397526,-0.1768339,-0.1438107
4245204520606,-0.38562572,-0.1949434,-0.12357068
4245209520606,-0.37390783,-0.20133498,-0.11717909
4245211935439,-0.37390783,-0.20133498,-0.11717909
4245215109231,-0.36645097,-0.20772657,-0.11717909
4245221322897,-0.36218992,-0.21411815,-0.113983296
4245226129939,-0.35579833,-0.22264028,-0.111852765
4245232315189,-0.3472762,-0.23009712,-0.10652645
4245240225272,-0.33449304,-0.23861924,-0.0958738
4245245324314,-0.330232,-0.24074976,-0.09374327
4245251280522,-0.32277513,-0.23755397,-0.08948222
4245255778231,-0.3089267,-0.23329292,-0.084155895
4245261515606,-0.29294774,-0.22690132,-0.080960095
4245266187981,-0.27696875,-0.22583607,-0.084155895
4245271387981,-0.2695119,-0.23329292,-0.098004326
4245275786856,-0.2727077,-0.24501082,-0.11717909
4245281740106,-0.29294774,-0.2609898,-0.13635385
4245286055106,-0.32810146,-0.27483824,-0.15978967
4245291400064,-0.37284255,-0.27803403,-0.18429075
4245295516147,-0.42397526,-0.26312032,-0.20772657
4245301480147,-0.47830373,-0.22690132,-0.23009712
4245305390647,-0.53476274,-0.16298546,-0.25033715
4245311292397,-0.5954828,-0.07456851,-0.2545982
4245314251147,-0.66579026,0.02130529,-0.24607609
4245320337439,-0.7318367,0.10759171,-0.22583607
4245324730189,-0.77870834,0.18002969,-0.19813919
4245331031147,-0.79255676,0.23116238,-0.16405073
4245335833231,-0.77444726,0.25992453,-0.12250541
4245340833231,-0.7254451,0.27164245,-0.07989483
4245342353689,-0.7254451,0.27164245,-0.07989483
4245349003439,-0.55074173,0.24074976,-0.0053263223
4245351288356,-0.55074173,0.24074976,-0.0053263223
4245356099397,-0.43782368,0.21411815,0.015978966
4245362191522,-0.30360037,0.18216023,0.034088463
4245366530647,-0.15446335,0.1438107,0.053263225
4245371530647,0.002130529,0.10013486,0.068176925
4245373394272,0.002130529,0.10013486,0.068176925
4245376357939,0.16192019,0.05539375,0.07882957
4245382380022,0.32277513,0.007456851,0.08841695
4245389088022,0.63915867,-0.07243799,0.11504856
4245393340272,0.63915867,-0.07243799,0.11504856
4245396204647,0.78083885,-0.09161274,0.13422333
4245401172856,0.9012137,-0.098004326,0.15233281
4245405634106,0.98750013,-0.09374327,0.16937704
4245411459647,1.0460896,-0.08522116,0.18535602
4245415911647,1.0801781,-0.068176925,0.19707392
4245421455939,1.1004182,-0.041545313,0.20453078
4245425463772,1.1089402,-0.004261058,0.20559604
4245431143731,1.1025487,0.037284255,0.19920446
4245434975106,1.0812434,0.07137272,0.19068234
4245439975106,1.0460896,0.099069595,0.1768339
4245442114564,1.0460896,0.099069595,0.1768339
4245449103481,0.96619487,0.14168017,0.13848437
4245454103481,0.96619487,0.14168017,0.13848437
4245457760689,0.96619487,0.14168017,0.13848437
4245462862564,0.88203895,0.15978967,0.08735169
4245465474731,0.88203895,0.15978967,0.08735169
4245470474731,0.8383631,0.1587244,0.058589544
4245473927106,0.8383631,0.1587244,0.058589544
4245476942772,0.7520767,0.16298546,0.0
4245483815981,0.65194184,0.16831179,-0.05965481
4245490159606,0.60293967,0.1768339,-0.08841695
4245495159606,0.5539375,0.18961707,-0.11717909
4245496999397,0.5539375,0.18961707,-0.11717909
4245504259897,0.4527374,0.22370553,-0.16405073
4245509259897,0.37284255,0.2609898,-0.19281286
4245510898772,0.37284255,0.2609898,-0.19281286
4245514062856,0.37284255,0.2609898,-0.19281286
4245519866022,0.33449304,0.28442562,-0.20559604
4245524255689,0.33449304,0.28442562,-0.20559604
4245530255689,0.34834146,0.30466563,-0.21411815
4245533580189,0.34834146,0.30466563,-0.21411815
4245539181439,0.3920173,0.314253,-0.21624869
4245545254939,0.3920173,0.314253,-0.21624869
4245550254939,0.46019423,0.31851408,-0.20240025
4245552313522,0.46019423,0.31851408,-0.20240025
4245555195147,0.46019423,0.31851408,-0.20240025
4245560585814,0.53263223,0.30466563,-0.18216023
4245565655856,0.53263223,0.30466563,-0.18216023
4245570655856,0.58483016,0.27164245,-0.16405073
4245573107772,0.58483016,0.27164245,-0.16405073
4245580517356,0.60933125,0.23755397,-0.13848437
4245582540981,0.60933125,0.23755397,-0.13848437
4245589647106,0.58909124,0.20133498,-0.11611383
4245593482731,0.58909124,0.20133498,-0.11611383
4245600422981,0.5251754,0.16085494,-0.10333065
4245602943189,0.5251754,0.16085494,-0.10333065
4245607119064,0.5251754,0.16085494,-0.10333065
4245612186189,0.43249738,0.13102753,-0.098004326
4245615661314,0.38456047,0.11930962,-0.09374327
4245621095772,0.33662358,0.11504856,-0.09161274
4245624167731,0.2908172,0.11504856,-0.08628642
4245629167731,0.24181503,0.11504856,-0.082025364
4245631149481,0.24181503,0.11504856,-0.082025364
4245633908981,0.1917476,0.111852765,-0.0777643
4245638908981,0.15126756,0.10972224,-0.07350325
4245640727856,0.15126756,0.10972224,-0.07350325
4245645895856,0.11717909,0.10865697,-0.07137272
4245651256939,0.08841695,0.10759171,-0.06924219
4245655724022,0.060720075,0.10439592,-0.068176925
4245659962439,0.037284255,0.096939065,-0.06924219
4245665401981,0.020240024,0.08522116,-0.06924219
4245670401981,0.00958738,0.070307456,-0.070307456
4245673060898,0.00958738,0.070307456,-0.070307456
4245681221148,-0.0031957934,0.023435818,-0.07563378
4245685203106,-0.010652645,-0.0031957934,-0.07563378
4245690964981,-0.022370555,-0.027696876,-0.07456851
4245695168231,-0.040480047,-0.049002163,-0.07456851
4245700724398,-0.06391586,-0.066046394,-0.07669904
4245704836898,-0.09267801,-0.07456851,-0.07882957
4245709836898,-0.12250541,-0.07669904,-0.080960095
4245711461606,-0.12250541,-0.07669904,-0.080960095
4245714209231,-0.15659387,-0.07669904,-0.084155895
4245719209231,-0.18961707,-0.07137272,-0.08522116
4245721224773,-0.18961707,-0.07137272,-0.08522116
4245724486773,-0.21837921,-0.06498113,-0.083090626
4245729486773,-0.24607609,-0.056459017,-0.07669904
4245734039148,-0.24607609,-0.056459017,-0.07669904
4245739152564,-0.29614353,-0.039414786,-0.0628506
4245742974773,-0.29614353,-0.039414786,-0.0628506
4245745901689,-0.31851408,-0.03195793,-0.054328486
4245751188064,-0.33768883,-0.026631612,-0.043675844
4245758464356,-0.36112466,-0.02130529,-0.02130529
4245761671023,-0.36112466,-0.02130529,-0.02130529
4245764981439,-0.37284255,-0.017044231,-0.014913702
4245769981439,-0.38456047,-0.0127831735,-0.00958738
4245771776189,-0.38456047,-0.0127831735,-0.00958738
4245774912981,-0.40373522,-0.00958738,-0.0053263223
4245780424523,-0.42397526,-0.013848438,-0.0031957934
4245785329773,-0.44208476,-0.018109497,-0.0031957934
4245790329773,-0.45699844,-0.024501082,-0.002130529
4245792477523,-0.45699844,-0.024501082,-0.002130529
4245799625064,-0.49428272,-0.03834952,-0.0031957934
4245802248648,-0.49428272,-0.03834952,-0.0031957934
4245804802939,-0.5230448,-0.049002163,-0.0053263223
4245809802939,-0.55287224,-0.05965481,-0.007456851
4245812939106,-0.55287224,-0.05965481,-0.007456851
4245817331106,-0.58056915,-0.066046394,-0.0063915867
4245820629439,-0.60720074,-0.06711166,-0.007456851
4245825855898,-0.63383234,-0.07456851,-0.010652645
4245831489939,-0.660464,-0.084155895,-0.017044231
4245835690439,-0.68176925,-0.08948222,-0.024501082
4245841466898,-0.6988135,-0.09267801,-0.03089267
4245845370939,-0.7105314,-0.08628642,-0.036218993
4245850370939,-0.7190535,-0.07137272,-0.035153728
4245852746314,-0.7190535,-0.07137272,-0.035153728
4245855734523,-0.716923,-0.0479369,-0.02876214
4245860573148,-0.7041398,-0.013848438,-0.0127831735
4245866636689,-0.6743124,0.034088463,0.011717909
4245872934314,-0.6295713,0.08948222,0.041545313
4245875910439,-0.56885123,0.14168017,0.07563378
4245880567273,-0.49747851,0.19281286,0.1107875
4245885740398,-0.41438788,0.23861924,0.1470065
4245890740398,-0.32384038,0.2695119,0.18216023
4245892457523,-0.32384038,0.2695119,0.18216023
4245895496273,-0.23435818,0.27803403,0.2130529
4245900114439,-0.15233281,0.26418558,0.23861924
4245905329106,-0.07882957,0.22583607,0.24820662
4245910329106,-0.02876214,0.16618125,0.24714136
4245911883564,-0.02876214,0.16618125,0.24714136
4245916258898,-0.002130529,0.0958738,0.23116238
4245921046106,0.0,0.017044231,0.20026971
4245925097731,-0.020240024,-0.06498113,0.16192019
4245930901523,-0.058589544,-0.13741912,0.11824436
4245935061856,-0.11930962,-0.20026971,0.0777643
4245939771356,-0.21731395,-0.24394555,0.039414786
4245945417439,-0.32490566,-0.257794,0.017044231
4245951205773,-0.41758367,-0.23755397,0.02130529
4245954250356,-0.48149952,-0.19281286,0.04261058
4245959250356,-0.50387007,-0.128897,0.07563378
4245960924981,-0.50387007,-0.128897,0.07563378
4245965798606,-0.47617322,-0.05219796,0.11930962
4245970798606,-0.38775626,0.037284255,0.18216023
4245973329398,-0.38775626,0.037284255,0.18216023
4245979788273,-0.011717909,0.2034655,0.3568636
4245981723231,-0.011717909,0.2034655,0.3568636
4245985970523,0.24820662,0.2247708,0.44847634
4245991533606,0.535828,0.18961707,0.53263223
4245995192648,0.8330368,0.10439592,0.60080916
4246000533481,1.1174624,-0.013848438,0.6498113
4246005990648,1.3688648,-0.1555286,0.6785734
4246011455356,1.5744609,-0.3121225,0.69135666
4246015520273,1.7214674,-0.46871635,0.68816084
4246021475648,1.7992316,-0.6103965,0.66152924
4246025342356,1.8056233,-0.7222493,0.6114618
4246031201523,1.7417074,-0.78723043,0.5486112
4246035633398,1.6330504,-0.79681784,0.4857606
4246041288856,1.4647386,-0.7861652,0.41971418
4246048240731,0.9502159,-0.70840085,0.28016454
4246051476064,0.9502159,-0.70840085,0.28016454
4246056064398,0.6711166,-0.62104917,0.23542345
4246062151898,0.4048005,-0.5028048,0.21092236
4246065956689,0.15978967,-0.36964676,0.19707392
4246071403273,-0.05965481,-0.24714136,0.18535602
4246075081439,-0.24927188,-0.14913702,0.17576863
4246079841731,-0.39947417,-0.082025364,0.17044231
4246085167856,-0.49960902,-0.03089267,0.17150758
4246090167856,-0.551807,0.015978966,0.17789917
4246091863064,-0.551807,0.015978966,0.17789917
4246095121981,-0.5581986,0.06924219,0.1917476
4246101198856,-0.5305017,0.128897,0.20985709
4246105736106,-0.47297743,0.1949434,0.23116238
4246110736106,-0.38775626,0.26312032,0.257794
4246112517106,-0.38775626,0.26312032,0.257794
4246119614856,-0.13954964,0.38775626,0.31318775
4246125412523,0.014913702,0.42717105,0.33449304
4246130412523,0.17789917,0.43569317,0.35153726
4246132934398,0.17789917,0.43569317,0.35153726
4246135731481,0.34621096,0.4101268,0.36112466
4246139713689,0.5123922,0.36005938,0.35899413
4246144984981,0.67218184,0.29294774,0.35153726
4246149984981,0.92464954,0.18002969,0.330232
4246153940106,0.92464954,0.18002969,0.330232
4246159062064,1.0045444,0.1555286,0.31851408
4246162088564,1.0045444,0.1555286,0.31851408
4246165758106,1.0492855,0.14913702,0.30466563
4246171747189,1.063134,0.15233281,0.29188246
4246174700106,1.051416,0.16085494,0.27803403
4246179700106,1.0237192,0.17576863,0.26312032
4246181271189,1.0237192,0.17576863,0.26312032
4246186403523,0.9864349,0.1949434,0.25246766
4246192711731,0.93849796,0.21624869,0.24074976
4246195573231,0.8831042,0.23648871,0.22370553
4246199871898,0.8202536,0.2545982,0.20879184
4246204570606,0.75101143,0.26631612,0.19281286
4246209570606,0.6775082,0.2759035,0.18109496
4246211753898,0.6775082,0.2759035,0.18109496
4246215008773,0.59867865,0.28442562,0.17150758
4246220567356,0.5134575,0.28975195,0.17044231
4246225217606,0.42397526,0.2908172,0.17470337
4246231258148,0.3323625,0.28655612,0.18429075
4246235354564,0.24074976,0.27803403,0.19387813
4246240319439,0.08735169,0.25353295,0.20240025
4246244252773,0.08735169,0.25353295,0.20240025
4246249252773,-0.018109497,0.19707392,0.19387813
4246251191439,-0.018109497,0.19707392,0.19387813
4246254303231,-0.018109497,0.19707392,0.19387813
4246259673939,-0.060720075,0.12037488,0.16831179
4246264126939,-0.060720075,0.12037488,0.16831179
4246269126939,-0.06178534,0.051132694,0.12996227
4246271363273,-0.06178534,0.051132694,0.12996227
4246275784523,-0.06178534,0.051132694,0.12996227
4246281487314,-0.03834952,-0.002130529,0.098004326
4246284956398,-0.03834952,-0.002130529,0.098004326
4246290978523,-0.017044231,-0.04261058,0.07563378
4246295618939,-0.017044231,-0.04261058,0.07563378
4246301414148,-0.004261058,-0.06711166,0.06391586
4246306314773,-0.004261058,-0.06711166,0.06391586
4246311314773,-0.010652645,-0.09161274,0.056459017
4246312984481,-0.010652645,-0.09161274,0.056459017
4246315650939,-0.010652645,-0.09161274,0.056459017
4246319866939,-0.023435818,-0.10865697,0.053263225
4246324956231,-0.023435818,-0.10865697,0.053263225
4246329956231,-0.04474111,-0.11824436,0.037284255
4246332291523,-0.04474111,-0.11824436,0.037284255
4246339259189,-0.070307456,-0.13741912,0.017044231
4246341351606,-0.070307456,-0.13741912,0.017044231
4246345620814,-0.070307456,-0.13741912,0.017044231
4246351586273,-0.10333065,-0.16937704,-0.0053263223
4246358809523,-0.13954964,-0.2034655,-0.023435818
4246360830939,-0.13954964,-0.2034655,-0.023435818
4246366197023,-0.16085494,-0.21837921,-0.03195793
4246371405273,-0.18642128,-0.23222765,-0.04474111
4246375596398,-0.2130529,-0.2396845,-0.06391586
4246380072190,-0.23861924,-0.23861924,-0.080960095
4246385119023,-0.26418558,-0.23329292,-0.101200126
4246390119023,-0.2908172,-0.23222765,-0.12144015
4246392842315,-0.2908172,-0.23222765,-0.12144015
4246397301856,-0.3153183,-0.23116238,-0.14168017
4246402529440,-0.33662358,-0.23435818,-0.16298546
4246405085898,-0.36005938,-0.23861924,-0.18961707
4246410085898,-0.38775626,-0.24501082,-0.21944448
4246413086481,-0.38775626,-0.24501082,-0.21944448
4246421028690,-0.4463458,-0.257794,-0.26738137
4246425693148,-0.4857606,-0.25992453,-0.28655612
4246430955606,-0.5294364,-0.25353295,-0.30146983
4246434047731,-0.5773733,-0.23648871,-0.31318775
4246440272856,-0.62531024,-0.20985709,-0.32170987
4246445077190,-0.6668556,-0.1768339,-0.32490566
4246450077190,-0.69668293,-0.13954964,-0.32490566
4246455077190,-0.69668293,-0.13954964,-0.32490566
4246457583940,-0.69668293,-0.13954964,-0.32490566
4246462676523,-0.70627034,-0.084155895,-0.32490566
4246465718356,-0.70627034,-0.084155895,-0.32490566
4246470718356,-0.69029135,-0.07989483,-0.33129725
4246473003106,-0.69029135,-0.07989483,-0.33129725
4246475939981,-0.64768076,-0.13102753,-0.34301516
4246479348273,-0.63383234,-0.17257284,-0.350472
4246484348273,-0.6295713,-0.2130529,-0.35899413
4246487687273,-0.6295713,-0.2130529,-0.35899413
4246493213273,-0.65513766,-0.27696875,-0.3898868
4246499256023,-0.68816084,-0.28975195,-0.41438788
4246504256023,-0.7350325,-0.28975195,-0.43782368
4246507230773,-0.7350325,-0.28975195,-0.43782368
4246510132065,-0.793622,-0.27377295,-0.45806372
4246513445648,-0.85753787,-0.24607609,-0.46658584
4246519375148,-0.9150622,-0.20879184,-0.45806372
4246524454856,-0.9502159,-0.1555286,-0.4346279
4246530929648,-0.958738,-0.07243799,-0.39095205
4246538655648,-0.8511463,0.15233281,-0.26631612
4246543655648,-0.7137272,0.27696875,-0.19068234
4246545310315,-0.7137272,0.27696875,-0.19068234
4246551324773,-0.51984906,0.3749731,-0.10972224
4246555463731,-0.2876214,0.4133226,-0.027696876
4246561222440,-0.03195793,0.38242993,0.04580637
4246565597856,0.23222765,0.30040458,0.10333065
4246572095190,0.4889564,0.18216023,0.1470065
4246575056898,0.721184,0.046871636,0.17150758
4246580792606,0.9139969,-0.082025364,0.17470337
4246585669398,1.0567423,-0.19387813,0.16298546
4246590669398,1.1430287,-0.2759035,0.13848437
4246592403815,1.1430287,-0.2759035,0.13848437
4246599195023,1.1430287,-0.35260254,0.058589544
4246602966981,1.1430287,-0.35260254,0.058589544
4246606075273,1.067395,-0.350472,0.011717909
4246611075273,0.95234644,-0.3206446,-0.035153728
4246612905940,0.95234644,-0.3206446,-0.035153728
4246619231648,0.66365975,-0.16724652,-0.10759171
4246621582648,0.66365975,-0.16724652,-0.10759171
4246625657065,0.50173956,-0.08841695,-0.1438107
4246630657065,0.33662358,-0.020240024,-0.18535602
4246633364398,0.33662358,-0.020240024,-0.18535602
4246636180940,0.18002969,0.037284255,-0.21731395
4246640883523,0.046871636,0.08628642,-0.23222765
4246644910065,-0.058589544,0.12037488,-0.23755397
4246651042815,-0.13315806,0.13102753,-0.2428803
4246654317481,-0.17896444,0.12996227,-0.25246766
4246659958815,-0.2034655,0.13102753,-0.26312032
4246666101440,-0.21411815,0.1438107,-0.2695119
4246671101440,-0.21518342,0.17257284,-0.27057716
4246673001565,-0.21518342,0.17257284,-0.27057716
4246677214981,-0.20559604,0.21518342,-0.26631612
4246679779731,-0.18109496,0.2695119,-0.257794
4246685223106,-0.13848437,0.32490566,-0.2428803
4246690223106,-0.07456851,0.38029942,-0.22583607
4246693103023,-0.07456851,0.38029942,-0.22583607
4246701192481,0.098004326,0.48043427,-0.18429075
4246705393523,0.18961707,0.5028048,-0.16192019
4246710393523,0.28442562,0.5006743,-0.14487597
4246712521690,0.28442562,0.5006743,-0.14487597
4246715381856,0.37710363,0.47830373,-0.13209279
4246720431523,0.46658584,0.44208476,-0.12676647
4246724823648,0.5475459,0.39840892,-0.12783173
4246729823648,0.62317973,0.35899413,-0.13315806
4246732112898,0.62317973,0.35899413,-0.13315806
4246738640981,0.7392935,0.30360037,-0.16192019
4246741109690,0.7392935,0.30360037,-0.16192019
4246743942731,0.7637946,0.29294774,-0.17470337
4246748942731,0.7669904,0.294013,-0.18429075
4246750822440,0.7669904,0.294013,-0.18429075
4246755402231,0.74781567,0.30040458,-0.18961707
4246760233856,0.7105314,0.30679616,-0.19281286
4246765779356,0.6593987,0.30999196,-0.19387813
4246771994023,0.59867865,0.30999196,-0.19813919
4246775266398,0.53476274,0.30679616,-0.20133498
4246780753815,0.47404268,0.29614353,-0.20133498
4246786134356,0.41225734,0.27696875,-0.19707392
4246792260815,0.34940675,0.25353295,-0.1949434
4246796447731,0.28336033,0.22796659,-0.1949434
4246802576106,0.21411815,0.20240025,-0.19707392
4246805610148,0.14913702,0.18429075,-0.20559604
4246810610148,0.094808534,0.16937704,-0.221575
4246813083273,0.094808534,0.16937704,-0.221575
4246816176523,0.049002163,0.15233281,-0.24394555
4246822012231,0.013848438,0.13528858,-0.2790993
4246825251856,-0.010652645,0.11930962,-0.32384038
4246830251856,-0.025566347,0.10439592,-0.37071204
4246832493731,-0.025566347,0.10439592,-0.37071204
4246835433398,-0.03195793,0.084155895,-0.4133226
4246840756523,-0.029827405,0.051132694,-0.44208476
4246844950356,-0.023435818,0.020240024,-0.46232477
4246850672481,-0.015978966,0.008522116,-0.47830373
4246854865273,-0.007456851,0.0031957934,-0.4825648
4246859830606,-0.0063915867,-0.0127831735,-0.47191215
4246865076356,-0.015978966,-0.036218993,-0.4463458
4246870076356,-0.03834952,-0.056459017,-0.4048005
4246874062523,-0.03834952,-0.056459017,-0.4048005
4246876679356,-0.06711166,-0.06498113,-0.35579833
4246880717440,-0.0958738,-0.058589544,-0.30146983
4246885526565,-0.12676647,-0.04261058,-0.24714136
4246891436773,-0.1587244,-0.01917476,-0.20240025
4246895428315,-0.18642128,0.0031957934,-0.16085494
4246901135606,-0.20133498,0.03195793,-0.11930962
4246906105523,-0.20772657,0.05965481,-0.08522116
4246911981898,-0.2066613,0.07989483,-0.05539375
4246915104815,-0.20453078,0.08841695,-0.027696876
4246919992648,-0.2034655,0.07989483,-0.0031957934
4246925168565,-0.21092236,0.05965481,0.014913702
4246930168565,-0.22264028,0.02876214,0.027696876
4246932679481,-0.22264028,0.02876214,0.027696876
4246935791648,-0.23755397,-0.0053263223,0.03834952
4246941242148,-0.25246766,-0.03834952,0.05006743
4246945121523,-0.2727077,-0.06391586,0.06178534
4246950942398,-0.30040458,-0.06391586,0.07563378
4246955537440,-0.330232,-0.058589544,0.096939065
4246960411981,-0.36645097,-0.082025364,0.101200126
4246965469398,-0.4165184,-0.128897,0.084155895
4246971892315,-0.46871635,-0.18748654,0.07137272
4246976283148,-0.5123922,-0.23861924,0.07669904
4246980592606,-0.5613944,-0.28122982,0.08628642
4246984139940,-0.6178534,-0.32810146,0.08948222
4246989139940,-0.73290193,-0.38562572,0.07137272
4246991600690,-0.73290193,-0.38562572,0.07137272
4246995113065,-0.73290193,-0.38562572,0.07137272
4247001581190,-0.7861652,-0.3121225,0.068176925
4247005575231,-0.7861652,-0.3121225,0.068176925
4247010575231,-0.8543421,-0.2396845,0.05006743
4247013923565,-0.8543421,-0.2396845,0.05006743
4247016692648,-0.8543421,-0.2396845,0.05006743
4247022674273,-0.84688526,-0.12463594,0.083090626
4247025196148,-0.84688526,-0.12463594,0.083090626
4247030196148,-0.737163,-0.051132694,0.14274544
4247032396773,-0.737163,-0.051132694,0.14274544
4247038079606,-0.5656554,-0.09054748,0.10759171
4247041481273,-0.5656554,-0.09054748,0.10759171
4247045559231,-0.5656554,-0.09054748,0.10759171
4247051224606,-0.36645097,-0.20772657,0.08841695
4247055619773,-0.36645097,-0.20772657,0.08841695
4247061378690,-0.22264028,-0.39521313,0.029827405
4247065438856,-0.22264028,-0.39521313,0.029827405
4247070825607,-0.18642128,-0.60507023,-0.049002163
4247074013232,-0.18642128,-0.60507023,-0.049002163
4247080283315,-0.24714136,-0.70200926,-0.098004326
4247085560690,-0.24714136,-0.70200926,-0.098004326
4247091154898,-0.37710363,-0.6114618,-0.10652645
4247095681482,-0.44208476,-0.5070659,-0.08735169
4247099971482,-0.4878911,-0.36218992,-0.054328486
4247105084440,-0.49641323,-0.17789917,-0.00958738
4247110944023,-0.45912898,0.023435818,0.0479369
4247115373440,-0.36432046,0.2130529,0.112918034
4247120462857,-0.21092236,0.36218992,0.18748654
4247124896190,-0.00958738,0.44741106,0.26631612
4247131081482,0.22370553,0.45912898,0.33981937
4247135303857,0.47191215,0.4048005,0.39947417
4247141548315,0.71479243,0.30466563,0.43995422
4247146275940,0.93636745,0.17576863,0.46232477
4247151275940,1.1227888,0.02876214,0.46978164
4247152928440,1.1227888,0.02876214,0.46978164
4247160244732,1.320928,-0.257794,0.43249738
4247165599065,1.3166668,-0.36645097,0.39414784
4247170599065,1.2463595,-0.43782368,0.34940675
4247173282273,1.2463595,-0.43782368,0.34940675
4247176396357,1.1163971,-0.46552056,0.30253512
4247181509190,0.9534117,-0.45060685,0.2609898
4247188829648,0.5049353,-0.31957933,0.1949434
4247192230732,0.5049353,-0.31957933,0.1949434
4247195152773,0.25353295,-0.25885928,0.15659387
4247200460815,0.008522116,-0.20026971,0.11717909
4247205875815,-0.20026971,-0.13848437,0.10013486
4247210875815,-0.36112466,-0.07669904,0.10439592
4247213024190,-0.36112466,-0.07669904,0.10439592
4247216459398,-0.47617322,-0.03195793,0.11717909
4247222831690,-0.5496765,-0.007456851,0.12676647
4247225547357,-0.5954828,0.002130529,0.13209279
4247230547357,-0.6199839,0.014913702,0.13422333
4247232729898,-0.6199839,0.014913702,0.13422333
4247239433523,-0.6199839,0.084155895,0.16618125
4247241501315,-0.6199839,0.084155895,0.16618125
4247245636523,-0.58909124,0.13209279,0.18855181
4247250636523,-0.531567,0.18002969,0.2130529
4247252699398,-0.531567,0.18002969,0.2130529
4247255206315,-0.4527374,0.22264028,0.23542345
4247259773398,-0.350472,0.2514024,0.25353295
4247265679982,-0.22690132,0.26738137,0.27164245
4247270679982,-0.084155895,0.26631612,0.2876214
4247273110107,-0.084155895,0.26631612,0.2876214
4247276327482,0.07137272,0.24501082,0.29933932
4247282008065,0.23116238,0.19600865,0.30360037
4247289420690,0.55287224,0.05752428,0.30146983
4247291197565,0.55287224,0.05752428,0.30146983
4247295732648,0.69668293,-0.00958738,0.29614353
4247301378857,0.81705785,-0.06498113,0.2908172
4247305798565,0.9044095,-0.10013486,0.28549087
4247310798565,0.9555422,-0.11930962,0.2790993
4247312957773,0.9555422,-0.11930962,0.2790993
4247319707773,0.9672601,-0.10759171,0.2727077
4247322991982,0.9672601,-0.10759171,0.2727077
4247329627815,0.89162636,-0.051132694,0.26631612
4247333747148,0.89162636,-0.051132694,0.26631612
4247336490273,0.8277105,-0.017044231,0.26312032
4247340601357,0.7499462,0.020240024,0.26205507
4247344315565,0.660464,0.05006743,0.26205507
4247349315565,0.56245965,0.07456851,0.26418558
4247351905565,0.56245965,0.07456851,0.26418558
4247358271648,0.37284255,0.112918034,0.26312032
4247361390148,0.37284255,0.112918034,0.26312032
4247365659607,0.28122982,0.12996227,0.26205507
4247370659607,0.18535602,0.14274544,0.25992453
4247372649732,0.18535602,0.14274544,0.25992453
4247379176982,-0.0010652645,0.13741912,0.24501082
4247382979982,-0.0010652645,0.13741912,0.24501082
4247385636107,-0.07669904,0.12250541,0.22796659
4247391408273,-0.13422333,0.10226539,0.2066613
4247395091273,-0.17576863,0.07456851,0.18429075
4247400437898,-0.20240025,0.051132694,0.16192019
4247405495732,-0.2130529,0.033023197,0.14274544
4247410495732,-0.2130529,0.010652645,0.12676647
4247412738523,-0.2130529,0.010652645,0.12676647
4247419261523,-0.19813919,-0.039414786,0.10652645
4247421444315,-0.19813919,-0.039414786,0.10652645
4247425439148,-0.18961707,-0.0628506,0.0958738
4247430439148,-0.18109496,-0.082025364,0.084155895
4247433101857,-0.18109496,-0.082025364,0.084155895
4247441255898,-0.16405073,-0.094808534,0.06178534
4247445940107,-0.15765914,-0.09267801,0.05219796
4247450940107,-0.14807177,-0.08841695,0.043675844
4247455940107,-0.14807177,-0.08841695,0.043675844
4247459617648,-0.14807177,-0.08841695,0.043675844
4247464863940,-0.12144015,-0.080960095,0.033023197
4247466458023,-0.12144015,-0.080960095,0.033023197
4247471458023,-0.113983296,-0.080960095,0.033023197
4247476480107,-0.113983296,-0.080960095,0.033023197
4247481587607,-0.11504856,-0.07882957,0.03089267
4247485670065,-0.11504856,-0.07882957,0.03089267
4247489483732,-0.128897,-0.09054748,0.015978966
4247494483732,-0.1438107,-0.111852765,-0.0031957934
4247496856273,-0.1438107,-0.111852765,-0.0031957934
4247504325482,-0.17044231,-0.18429075,-0.056459017
4247509325482,-0.18535602,-0.22050974,-0.09161274
4247510920523,-0.18535602,-0.22050974,-0.09161274
4247519513565,-0.23009712,-0.27483824,-0.16618125
4247523718023,-0.25885928,-0.28975195,-0.20240025
4247528718023,-0.28975195,-0.294013,-0.23648871
4247530225190,-0.28975195,-0.294013,-0.23648871
4247538659898,-0.35579833,-0.26738137,-0.28868666
4247543659898,-0.3930826,-0.2396845,-0.30679616
4247545271773,-0.3930826,-0.2396845,-0.30679616
4247551224357,-0.43036684,-0.19813919,-0.3174488
4247555352898,-0.46339005,-0.14807177,-0.32490566
4247559706648,-0.49321744,-0.098004326,-0.330232
4247565955315,-0.51771855,-0.058589544,-0.3334278
4247570955315,-0.53476274,-0.02876214,-0.32810146
4247573154565,-0.53476274,-0.02876214,-0.32810146
4247579547982,-0.5486112,0.00958738,-0.314253
4247585589773,-0.54435015,0.014913702,-0.3110572
4247590589773,-0.5390238,0.008522116,-0.30999196
4247593241690,-0.5390238,0.008522116,-0.30999196
4247596412440,-0.5368933,-0.015978966,-0.31318775
4247601375440,-0.5454154,-0.06178534,-0.31851408
4247605587065,-0.5752428,-0.11824436,-0.32810146
4247610587065,-0.6306366,-0.17470337,-0.33981937
4247613187940,-0.6306366,-0.17470337,-0.33981937
4247616257357,-0.700944,-0.22264028,-0.35260254
4247622113857,-0.777643,-0.24607609,-0.3717773
4247626127023,-0.8543421,-0.23861924,-0.3920173
4247632239648,-0.9310411,-0.20559604,-0.41438788
4247639593482,-1.091896,-0.094808534,-0.44101948
4247644114440,-1.1675298,-0.036218993,-0.44208476
4247649114440,-1.220793,0.022370555,-0.4282363
4247650780690,-1.220793,0.022370555,-0.4282363
4247655509482,-1.2420983,0.07882957,-0.40266997
4247659903232,-1.2239889,0.14061491,-0.3653857
4247665572232,-1.1590078,0.20559604,-0.314253
4247670572232,-1.0492855,0.27164245,-0.2545982
4247673949232,-1.0492855,0.27164245,-0.2545982
4247676947732,-0.8905611,0.3355583,-0.18642128
4247681886523,-0.6945524,0.386691,-0.11611383
4247685882982,-0.46871635,0.42077947,-0.046871636
4247690882982,-0.2247708,0.43036684,0.015978966
4247692731273,-0.2247708,0.43036684,0.015978966
4247695419857,0.027696876,0.406931,0.068176925
4247700599940,0.2790993,0.34408042,0.10652645
4247705703398,0.5209143,0.25033715,0.13209279
4247711840690,0.7414241,0.14168017,0.1470065
4247714660440,0.9257148,0.03834952,0.14913702
4247720358940,1.0663297,-0.053263225,0.13848437
4247724835232,1.1536814,-0.13315806,0.11717909
4247731208815,1.1867046,-0.1949434,0.084155895
4247735288065,1.1707256,-0.23329292,0.037284255
4247741370523,1.0120013,-0.2396845,-0.07456851
4247744920023,1.0120013,-0.2396845,-0.07456851
4247749920023,0.72651035,-0.1736381,-0.1949434
4247751924440,0.72651035,-0.1736381,-0.1949434
4247754745190,0.72651035,-0.1736381,-0.1949434
4247759664857,0.4048005,-0.054328486,-0.29294774
4247764852607,0.4048005,-0.054328486,-0.29294774
4247769852607,0.13102753,0.053263225,-0.36751625
4247773222232,0.13102753,0.053263225,-0.36751625
4247780288482,-0.041545313,0.112918034,-0.41758367
4247782883899,-0.041545313,0.112918034,-0.41758367
4247791056232,-0.12037488,0.1555286,-0.45167214
4247794295274,-0.12037488,0.1555286,-0.45167214
4247799741190,-0.12037488,0.22370553,-0.47191215
4247805554149,-0.12037488,0.22370553,-0.47191215
4247810554149,-0.049002163,0.32810146,-0.46552056
4247812772440,-0.049002163,0.32810146,-0.46552056
4247815781815,-0.049002163,0.32810146,-0.46552056
4247821361649,0.0777643,0.43249738,-0.43675843
4247824865899,0.0777643,0.43249738,-0.43675843
4247829865899,0.2396845,0.47404268,-0.4016047
4247831621065,0.2396845,0.47404268,-0.4016047
4247834516440,0.2396845,0.47404268,-0.4016047
4247839516440,0.43036684,0.4261058,-0.37923414
4247841115315,0.43036684,0.4261058,-0.37923414
4247844246482,0.52837116,0.3749731,-0.37603834
4247849246482,0.62104917,0.32277513,-0.37816888
4247852563149,0.62104917,0.32277513,-0.37816888
4247859086149,0.7499462,0.25566345,-0.386691
4247861293607,0.7499462,0.25566345,-0.386691
4247866199149,0.7819041,0.24501082,-0.3898868
4247871277524,0.793622,0.24927188,-0.38775626
4247877003232,0.79042625,0.2609898,-0.38562572
4247880380315,0.773382,0.27377295,-0.38242993
4247885092857,0.7520767,0.28442562,-0.37816888
4247891406357,0.7254451,0.29827404,-0.37284255
4247895778232,0.69348717,0.3110572,-0.36325517
4247900607607,0.65726817,0.32277513,-0.350472
4247905768065,0.61891866,0.32810146,-0.3355583
4247910768065,0.5773733,0.3323625,-0.32277513
4247912384565,0.5773733,0.3323625,-0.32277513
4247916708065,0.5336975,0.33662358,-0.3110572
4247920984690,0.4910869,0.34194988,-0.29933932
4247926175524,0.44421527,0.350472,-0.28655612
4247931175524,0.39627838,0.36112466,-0.27377295
4247933301732,0.39627838,0.36112466,-0.27377295
4247936195815,0.34834146,0.36645097,-0.25992453
4247940394940,0.30360037,0.36751625,-0.24714136
4247945359982,0.26418558,0.35792887,-0.23116238
4247950359982,0.23116238,0.34088463,-0.21411815
4247952049482,0.23116238,0.34088463,-0.21411815
4247956162982,0.20559604,0.314253,-0.19813919
4247959732899,0.18216023,0.28016454,-0.18535602
4247965449940,0.16085494,0.24181503,-0.17576863
4247969538190,0.14061491,0.20133498,-0.17257284
4247972905774,0.11930962,0.16405073,-0.17044231
4247978176232,0.096939065,0.12996227,-0.1736381
4247984214857,0.07137272,0.10439592,-0.18002969
4247990312982,0.04474111,0.08628642,-0.18961707
4247992941357,0.013848438,0.07350325,-0.19813919
4247999142565,-0.022370555,0.0628506,-0.20453078
4248003538857,-0.06391586,0.054328486,-0.20985709
4248008538857,-0.10546118,0.043675844,-0.21092236
4248010306232,-0.10546118,0.043675844,-0.21092236
4248012927440,-0.14807177,0.03195793,-0.20772657
4248019144690,-0.19068234,0.026631612,-0.20026971
4248025234399,-0.22903186,0.02876214,-0.18855181
4248031069607,-0.26312032,0.033023197,-0.17470337
4248035118732,-0.29507825,0.04261058,-0.16085494
4248039521232,-0.3174488,0.05219796,-0.14807177
4248044765065,-0.3334278,0.05965481,-0.12996227
4248050964065,-0.34194988,0.0628506,-0.112918034
4248055023232,-0.34621096,0.058589544,-0.096939065
4248060349149,-0.34621096,0.04474111,-0.08522116
4248065379149,-0.33981937,0.015978966,-0.07350325
4248071232774,-0.3334278,-0.022370555,-0.06498113
4248075396815,-0.3270362,-0.066046394,-0.0628506
4248081634565,-0.32170987,-0.10865697,-0.05965481
4248085686649,-0.31851408,-0.14913702,-0.05539375
4248090686649,-0.32810146,-0.19281286,-0.05752428
4248092806274,-0.32810146,-0.19281286,-0.05752428
4248097246940,-0.34621096,-0.23435818,-0.058589544
4248099927232,-0.3749731,-0.27377295,-0.05965481
4248105628232,-0.41225734,-0.3057309,-0.060720075
4248110628232,-0.45912898,-0.32384038,-0.06178534
4248112575440,-0.45912898,-0.32384038,-0.06178534
4248119095274,-0.5837649,-0.3174488,-0.06391586
4248121398857,-0.5837649,-0.3174488,-0.06391586
4248128633732,-0.7339672,-0.2514024,-0.06924219
4248131469190,-0.7339672,-0.2514024,-0.06924219
4248135617190,-0.7978831,-0.20879184,-0.07137272
4248139550274,-0.8426242,-0.16724652,-0.066046394
4248145135149,-0.86499476,-0.11824436,-0.0479369
4248151039190,-0.86499476,-0.06924219,-0.01917476
4248154014690,-0.84688526,-0.023435818,0.008522116
4248159014690,-0.81066626,0.014913702,0.034088463
4248161105524,-0.81066626,0.014913702,0.034088463
4248166080940,-0.76059884,0.03834952,0.05539375
4248171119649,-0.70200926,0.039414786,0.07243799
4248175945315,-0.6412892,0.014913702,0.08628642
4248181799732,-0.58909124,-0.024501082,0.09267801
4248184944065,-0.54648066,-0.06924219,0.09267801
4248189944065,-0.515588,-0.112918034,0.08628642
4248192448149,-0.515588,-0.112918034,0.08628642
4248195372607,-0.49960902,-0.15020229,0.07669904
4248199837815,-0.49002165,-0.17470337,0.066046394
4248205057857,-0.48469532,-0.1768339,0.06178534
4248210057857,-0.4708469,-0.15978967,0.070307456
4248213101732,-0.4708469,-0.15978967,0.070307456
4248220446399,-0.39521313,-0.07669904,0.1257012
4248222417899,-0.39521313,-0.07669904,0.1257012
4248226878065,-0.3174488,-0.014913702,0.17576863
4248232057440,-0.2066613,0.054328486,0.23648871
4248234856274,-0.06178534,0.12144015,0.3057309
4248241277482,0.11824436,0.17150758,0.38136467
4248244865815,0.31851408,0.1917476,0.45912898
4248249865815,0.51984906,0.17896444,0.52411014
4248252056982,0.51984906,0.17896444,0.52411014
4248258727815,0.87564737,0.07989483,0.6103965
4248260915149,0.87564737,0.07989483,0.6103965
4248264273732,1.0098706,0.008522116,0.6263755
4248269273732,1.1046792,-0.0777643,0.6221144
4248271756607,1.1046792,-0.0777643,0.6221144
4248274992357,1.1590078,-0.1768339,0.5965481
4248280836774,1.1696603,-0.27803403,0.5550028
4248285712815,1.1377025,-0.37284255,0.5006743
4248290712815,1.0663297,-0.44208476,0.43995422
4248293655982,1.0663297,-0.44208476,0.43995422
4248296986315,0.9534117,-0.48149952,0.3834952
4248303150774,0.80747044,-0.49534798,0.3291667
4248310268065,0.45380265,-0.44315,0.24501082
4248312722107,0.45380265,-0.44315,0.24501082
4248317084440,0.26312032,-0.38242993,0.2130529
4248322782024,0.07456851,-0.30679616,0.19281286
4248325671815,-0.10226539,-0.23116238,0.17896444
4248330671815,-0.25672874,-0.16618125,0.16937704
4248333350190,-0.25672874,-0.16618125,0.16937704
4248336097857,-0.37603834,-0.12463594,0.16085494
4248340351982,-0.45486793,-0.10439592,0.15126756
4248345124565,-0.49215218,-0.099069595,0.13848437
4248350810232,-0.49534798,-0.09267801,0.12676647
4248355101732,-0.47404268,-0.07669904,0.11930962
4248360929315,-0.4293016,-0.051132694,0.12144015
4248365484524,-0.3685815,-0.014913702,0.128897
4248371021107,-0.2908172,0.03089267,0.14168017
4248375696482,-0.20133498,0.07882957,0.15765914
4248381333899,-0.099069595,0.12250541,0.17576863
4248385327857,0.00958738,0.15659387,0.19707392
4248390327857,0.1257012,0.17470337,0.21624869
4248392272399,0.1257012,0.17470337,0.21624869
4248395735399,0.24607609,0.17789917,0.23648871
4248400188024,0.36218992,0.16724652,0.25566345
4248406064274,0.46339005,0.15020229,0.27483824
4248411064274,0.54648066,0.12996227,0.29188246
4248412571065,0.54648066,0.12996227,0.29188246
4248419249607,0.6689861,0.11504856,0.3206446
4248422811815,0.6689861,0.11504856,0.3206446
4248425663732,0.6689861,0.11504856,0.3206446
4248430663732,0.68176925,0.12676647,0.32597092
4248432428149,0.68176925,0.12676647,0.32597092
4248438826607,0.6764429,0.15233281,0.32810146
4248441464274,0.6764429,0.15233281,0.32810146
4248445802940,0.6625945,0.1587244,0.32810146
4248450802940,0.6412892,0.15978967,0.3270362
4248455802940,0.6412892,0.15978967,0.3270362
4248460802940,0.6412892,0.15978967,0.3270362
4248462730482,0.6412892,0.15978967,0.3270362
4248467783566,0.5858955,0.14168017,0.3206446
4248470375191,0.5219796,0.10439592,0.30679616
4248475375191,0.49002165,0.083090626,0.29507825
4248478294982,0.49002165,0.083090626,0.29507825
4248481954441,0.41864893,0.027696876,0.26631612
4248490462607,0.330232,-0.026631612,0.23435818
4248495462607,0.330232,-0.026631612,0.23435818
4248497266357,0.330232,-0.026631612,0.23435818
4248503339816,0.221575,-0.06924219,0.19920446
4248508339816,0.11717909,-0.094808534,0.16618125
4248510161066,0.11717909,-0.094808534,0.16618125
4248513072857,0.11717909,-0.094808534,0.16618125
4248518072857,0.03834952,-0.09267801,0.13848437
4248519978357,0.03834952,-0.09267801,0.13848437
4248524405649,0.03834952,-0.09267801,0.13848437
4248529405649,-0.00958738,-0.082025364,0.11504856
4248531123566,-0.00958738,-0.082025364,0.11504856
4248534222316,-0.00958738,-0.082025364,0.11504856
4248538903316,-0.022370555,-0.083090626,0.08841695
4248545339607,-0.022370555,-0.083090626,0.08841695
4248551483357,-0.011717909,-0.09054748,0.05752428
4248555811274,-0.011717909,-0.09054748,0.05752428
4248561508357,0.025566347,-0.10333065,0.024501082
4248565735316,0.025566347,-0.10333065,0.024501082
4248572024066,0.058589544,-0.12996227,0.0
4248575286399,0.058589544,-0.12996227,0.0
4248580492732,0.082025364,-0.15765914,-0.0127831735
4248585887232,0.08841695,-0.17257284,-0.01917476
4248590887232,0.08628642,-0.18535602,-0.027696876
4248593067732,0.08628642,-0.18535602,-0.027696876
4248595734649,0.0777643,-0.19600865,-0.03834952
4248600111066,0.06498113,-0.20985709,-0.053263225
4248604848941,0.043675844,-0.22583607,-0.07137272
4248609848941,0.018109497,-0.24074976,-0.09267801
4248613744316,0.018109497,-0.24074976,-0.09267801
4248617050524,-0.011717909,-0.2514024,-0.1107875
4248622702441,-0.046871636,-0.25672874,-0.13635385
4248629917274,-0.12250541,-0.26738137,-0.19920446
4248631452732,-0.12250541,-0.26738137,-0.19920446
4248635141899,-0.1587244,-0.27057716,-0.22903186
4248641404607,-0.19387813,-0.2727077,-0.25566345
4248646196191,-0.23648871,-0.2759035,-0.28122982
4248652664649,-0.29294774,-0.28122982,-0.3057309
4248657843857,-0.4314321,-0.2759035,-0.34834146
4248661561107,-0.4314321,-0.2759035,-0.34834146
4248664546274,-0.49960902,-0.25566345,-0.36005938
4248669605982,-0.5613944,-0.22370553,-0.36432046
4248673609482,-0.60933125,-0.18642128,-0.36645097
4248679154357,-0.64768076,-0.14594123,-0.36751625
4248683538399,-0.664725,-0.10652645,-0.3653857
4248688538399,-0.66579026,-0.07456851,-0.35579833
4248691809149,-0.66579026,-0.07456851,-0.35579833
4248698953607,-0.6199839,-0.05965481,-0.3270362
4248703772066,-0.5858955,-0.09054748,-0.31638354
4248708772066,-0.5613944,-0.14807177,-0.314253
4248710349691,-0.5613944,-0.14807177,-0.314253
4248712932274,-0.5486112,-0.22370553,-0.31957933
4248719063774,-0.55606806,-0.29614353,-0.3291667
4248724094982,-0.58269966,-0.3536678,-0.3387541
4248729094982,-0.6199839,-0.38242993,-0.34834146
4248731127857,-0.6199839,-0.38242993,-0.34834146
4248735431482,-0.6679208,-0.38136467,-0.36005938
4248739585816,-0.721184,-0.36005938,-0.37390783
4248745065649,-0.777643,-0.3206446,-0.38456047
4248750987066,-0.8319715,-0.2727077,-0.38562572
4248755111441,-0.87777793,-0.21731395,-0.37390783
4248760136941,-0.90654004,-0.15446335,-0.33981937
4248765379441,-0.9033443,-0.084155895,-0.2908172
4248770379441,-0.86606,-0.007456851,-0.22796659
4248773464107,-0.86606,-0.007456851,-0.22796659
4248776110232,-0.78936094,0.082025364,-0.15233281
4248782024857,-0.6689861,0.18216023,-0.070307456
4248784648857,-0.50173956,0.28016454,0.017044231
4248789648857,-0.294013,0.3568636,0.10226539
4248792260982,-0.294013,0.3568636,0.10226539
4248795846399,-0.05752428,0.39095205,0.18109496
4248801131774,0.19281286,0.37816888,0.24607609
4248805992982,0.43782368,0.3206446,0.294013
4248810992982,0.66365975,0.23435818,0.3291667
4248812648316,0.66365975,0.23435818,0.3291667
4248815595816,0.8607337,0.13315806,0.34940675
4248821432399,1.019458,0.026631612,0.35579833
4248826539607,1.1270498,-0.07882957,0.34514567
4248832963691,1.1781825,-0.1736381,0.31638354
4248835940899,1.176052,-0.25246766,0.2759035
4248840329149,1.123854,-0.3057309,0.22583607
4248844894857,1.0301107,-0.32170987,0.17044231
4248849894857,0.902279,-0.30786142,0.113983296
4248852562441,0.902279,-0.30786142,0.113983296
4248860984274,0.5858955,-0.21411815,0.007456851
4248865524274,0.42397526,-0.1438107,-0.04261058
4248871267566,0.2759035,-0.066046394,-0.08522116
4248874479857,0.14274544,0.0010652645,-0.12144015
4248879479857,0.033023197,0.0479369,-0.15126756
4248883145774,0.033023197,0.0479369,-0.15126756
4248885976774,-0.04474111,0.07350325,-0.1768339
4248890976774,-0.09267801,0.084155895,-0.19707392
4248892940149,-0.09267801,0.084155895,-0.19707392
4248901182649,-0.099069595,0.10013486,-0.22690132
4248905711857,-0.07243799,0.12037488,-0.23329292
4248911835107,-0.033023197,0.15339808,-0.23648871
4248916114024,0.02130529,0.2034655,-0.23116238
4248921088316,0.09161274,0.26418558,-0.21837921
4248925593107,0.1736381,0.32384038,-0.19813919
4248930950024,0.2695119,0.37071204,-0.17150758
4248935375899,0.3717773,0.3930826,-0.14487597
4248941098649,0.47830373,0.3920173,-0.12144015
4248946079482,0.58696073,0.36964676,-0.101200126
4248951332274,0.6860303,0.33981937,-0.08735169
4248955244899,0.7755125,0.30999196,-0.0777643
4248960491357,0.8447547,0.28549087,-0.0777643
4248965473857,0.8948221,0.2727077,-0.07563378
4248971879566,0.9235843,0.27164245,-0.07563378
4248975003441,0.9289106,0.28229508,-0.07456851
4248980003441,0.9139969,0.30146983,-0.07669904
4248981583357,0.9139969,0.30146983,-0.07669904
4248985030857,0.8863,0.3153183,-0.084155895
4248990030857,0.84581995,0.32384038,-0.09161274
4248993137066,0.84581995,0.32384038,-0.09161274
4249001096232,0.73609775,0.32597092,-0.10865697
4249005983524,0.6828345,0.29614353,-0.113983296
4249011559107,0.6317018,0.30040458,-0.13528858
4249015707357,0.56885123,0.3174488,-0.15978967
4249020733191,0.4825648,0.32597092,-0.165116
4249024689274,0.3898868,0.3174488,-0.1587244
4249029689274,0.30360037,0.2972088,-0.15020229
4249033063024,0.30360037,0.2972088,-0.15020229
4249035597482,0.23222765,0.28122982,-0.15020229
4249040000649,0.16831179,0.27696875,-0.15446335
4249046945732,0.034088463,0.27057716,-0.16405073
4249053177274,0.034088463,0.27057716,-0.16405073
4249061071941,-0.07137272,0.26418558,-0.17896444
4249066111399,-0.10439592,0.25672874,-0.18642128
4249071290941,-0.12783173,0.23861924,-0.19068234
4249075596024,-0.14487597,0.21092236,-0.19281286
4249080640649,-0.16298546,0.17470337,-0.19600865
4249085477274,-0.18322548,0.14061491,-0.19707392
4249091404441,-0.20772657,0.113983296,-0.20026971
4249095640691,-0.23329292,0.09161274,-0.20453078
4249099479816,-0.2609898,0.07882957,-0.20772657
4249105009774,-0.2908172,0.07669904,-0.21092236
4249111135857,-0.32170987,0.082025364,-0.2130529
4249117464274,-0.3653857,0.10546118,-0.20985709
4249121147024,-0.3653857,0.10546118,-0.20985709
4249126194191,-0.37710363,0.111852765,-0.2034655
4249131333857,-0.37923414,0.112918034,-0.19707392
4249135693482,-0.37710363,0.10652645,-0.18961707
4249141227066,-0.36964676,0.10013486,-0.17789917
4249145681941,-0.35899413,0.09374327,-0.16405073
4249150968441,-0.34514567,0.08628642,-0.1470065
4249154996941,-0.3291667,0.07669904,-0.12676647
4249159986607,-0.3153183,0.068176925,-0.10439592
4249165655607,-0.30679616,0.05965481,-0.082025364
4249170655607,-0.30466563,0.051132694,-0.056459017
4249173394774,-0.30466563,0.051132694,-0.056459017
4249181295399,-0.31851408,0.040480047,-0.002130529
4249186426524,-0.330232,0.037284255,0.024501082
4249191231066,-0.34194988,0.039414786,0.05006743
4249195806108,-0.35260254,0.043675844,0.07243799
4249201998983,-0.36218992,0.043675844,0.10013486
4249206144816,-0.36751625,0.036218993,0.128897
4249212531733,-0.3749731,-0.014913702,0.18002969
4249219024858,-0.37816888,-0.09374327,0.20879184
4249221432649,-0.37816888,-0.09374327,0.20879184
4249225696941,-0.37816888,-0.09374327,0.20879184
4249230696941,-0.38562572,-0.15765914,0.21624869
4249233232816,-0.38562572,-0.15765914,0.21624869
4249236278274,-0.38562572,-0.15765914,0.21624869
4249241415483,-0.40266997,-0.18002969,0.20772657
4249245713316,-0.40266997,-0.18002969,0.20772657
4249251967483,-0.42397526,-0.15446335,0.18535602
4249258721024,-0.43888897,-0.10546118,0.16937704
4249263842691,-0.43888897,-0.10546118,0.16937704
4249269792899,-0.4495416,-0.06711166,0.15339808
4249273240774,-0.4495416,-0.06711166,0.15339808
4249279714566,-0.46552056,-0.06711166,0.13954964
4249283313524,-0.46552056,-0.06711166,0.13954964
4249288313524,-0.51665324,-0.10972224,0.10652645
4249290988358,-0.51665324,-0.10972224,0.10652645
4249294095358,-0.51665324,-0.10972224,0.10652645
4249299090566,-0.5944176,-0.15978967,0.056459017
4249305211149,-0.5944176,-0.15978967,0.056459017
4249310211149,-0.664725,-0.16724652,0.015978966
4249312124274,-0.664725,-0.16724652,0.015978966
4249318234483,-0.6892261,-0.12783173,0.010652645
4249319951649,-0.6892261,-0.12783173,0.010652645
4249325425066,-0.66579026,-0.099069595,0.027696876
4249331251774,-0.6146576,-0.068176925,0.05752428
4249335623774,-0.53795856,-0.03834952,0.0958738
4249341585649,-0.4293016,-0.004261058,0.1470065
4249345662774,-0.2876214,0.022370555,0.21518342
4249351614899,-0.11717909,0.046871636,0.28975195
4249355441483,0.080960095,0.06711166,0.36964676
4249361178608,0.30040458,0.08522116,0.4495416
4249365919899,0.52837116,0.098004326,0.5230448
4249371232524,0.74781567,0.10439592,0.59122175
4249375455441,0.94595486,0.09054748,0.6487461
4249381079649,1.1163971,0.054328486,0.6988135
4249384332233,1.2538162,0.0063915867,0.7392935
4249389332233,1.3539511,-0.051132694,0.7637946
4249391302483,1.3539511,-0.051132694,0.7637946
4249395270066,1.4093449,-0.1107875,0.77231675
4249401473191,1.4199976,-0.1736381,0.7680557
4249408489149,1.2783173,-0.28655612,0.7254451
4249413251733,1.2783173,-0.28655612,0.7254451
4249416438649,1.1387677,-0.3153183,0.6870956
4249422369899,0.9651296,-0.3291667,0.6423545
4249428863358,0.572047,-0.3291667,0.54435015
4249432740441,0.572047,-0.3291667,0.54435015
4249439488358,0.20772657,-0.30146983,0.4612595
4249441070816,0.20772657,-0.30146983,0.4612595
4249445501149,0.058589544,-0.27803403,0.4293016
4249450501149,-0.06391586,-0.2545982,0.39947417
4249455501149,-0.06391586,-0.2545982,0.39947417
4249459571358,-0.06391586,-0.2545982,0.39947417
4249464571358,-0.16085494,-0.24607609,0.37390783
4249467241774,-0.16085494,-0.24607609,0.37390783
4249471799816,-0.27696875,-0.2759035,0.330232
4249476873149,-0.2972088,-0.3153183,0.29827404
4249480620316,-0.2972088,-0.3153183,0.29827404
4249487880566,-0.21518342,-0.2695119,0.2908172
4249489922941,-0.21518342,-0.2695119,0.2908172
4249492602983,-0.17470337,-0.22583607,0.29294774
4249497602983,-0.13315806,-0.17257284,0.29933932
4249501517733,-0.13315806,-0.17257284,0.29933932
4249509559816,-0.025566347,-0.05006743,0.31851408
4249515834274,0.04261058,0.0063915867,0.3270362
4249518765399,0.12144015,0.05539375,0.33449304
4249523682524,0.20879184,0.09161274,0.33981937
4249529583941,0.30253512,0.112918034,0.34408042
4249533652024,0.3920173,0.11717909,0.34940675
4249538523274,0.47191215,0.10865697,0.35153726
4249543523274,0.53476274,0.09374327,0.35153726
4249545968483,0.53476274,0.09374327,0.35153726
4249550983483,0.5795039,0.080960095,0.34834146
4249555869566,0.608266,0.0777643,0.34408042
4249561264358,0.62531024,0.08522116,0.3387541
4249565710316,0.6295713,0.096939065,0.33129725
4249571025066,0.62104917,0.1107875,0.32277513
4249575620566,0.6040049,0.12676647,0.31318775
4249580652566,0.5816344,0.13848437,0.30466563
4249585723483,0.55074173,0.15233281,0.294013
4249591205274,0.515588,0.16298546,0.28442562
4249595728566,0.47404268,0.17257284,0.27057716
4249601632941,0.4282363,0.18002969,0.25672874
4249606136316,0.37923414,0.18322548,0.2396845
4249611103524,0.33129725,0.18216023,0.2247708
4249615695941,0.28336033,0.17470337,0.21092236
4249621875649,0.23755397,0.16298546,0.19600865
4249626177316,0.19707392,0.14594123,0.18322548
4249631177316,0.16192019,0.12463594,0.16618125
4249632873566,0.16192019,0.12463594,0.16618125
4249635685149,0.13102753,0.10439592,0.14913702
4249640298608,0.10759171,0.08735169,0.13422333
4249645401024,0.08841695,0.07350325,0.12037488
4249651321024,0.07456851,0.060720075,0.10865697
4249655715774,0.06178534,0.049002163,0.099069595
4249660683899,0.05006743,0.037284255,0.08948222
4249665961066,0.041545313,0.023435818,0.0777643
4249671377816,0.03834952,0.00958738,0.06711166
4249673916441,0.03834952,-0.0053263223,0.054328486
4249678916441,0.037284255,-0.02130529,0.03834952
4249680616941,0.037284255,-0.02130529,0.03834952
4249685720399,0.035153728,-0.037284255,0.018109497
4249691583566,0.03089267,-0.05006743,-0.002130529
4249695540816,0.027696876,-0.060720075,-0.023435818
4249700499774,0.027696876,-0.068176925,-0.043675844
4249705718899,0.027696876,-0.07137272,-0.0628506
4249711529358,0.02876214,-0.068176925,-0.07563378
4249720217274,0.027696876,-0.05752428,-0.096939065
4249724965733,0.023435818,-0.05752428,-0.10226539
4249731170733,0.018109497,-0.068176925,-0.10652645
4249735417566,0.00958738,-0.09054748,-0.1107875
4249739816691,-0.002130529,-0.12144015,-0.11930962
4249745055399,-0.015978966,-0.15126756,-0.13209279
4249750055399,-0.033023197,-0.17896444,-0.15126756
4249751768233,-0.033023197,-0.17896444,-0.15126756
4249756209441,-0.058589544,-0.20133498,-0.17150758
4249760601024,-0.083090626,-0.21624869,-0.19600865
4249765518649,-0.10226539,-0.22370553,-0.22264028
4249771009233,-0.11717909,-0.23222765,-0.2514024
4249775964483,-0.12676647,-0.23861924,-0.28016454
4249781008983,-0.13635385,-0.2428803,-0.3121225
4249785590149,-0.15233281,-0.25033715,-0.3472762
4249790849149,-0.18002969,-0.25885928,-0.38456047
4249795506108,-0.22050974,-0.25992453,-0.42290998
4249800337983,-0.27164245,-0.24607609,-0.46339005
4249805496524,-0.33662358,-0.21731395,-0.5028048
4249810496524,-0.40586576,-0.17789917,-0.53795856
4249813180191,-0.40586576,-0.17789917,-0.53795856
4249816145149,-0.46871635,-0.12783173,-0.5699165
4249821789608,-0.51771855,-0.06498113,-0.59122175
4249825979691,-0.551807,-0.004261058,-0.6018744
4249830979691,-0.5699165,0.043675844,-0.6040049
4249832817483,-0.5699165,0.043675844,-0.6040049
4249836816899,-0.56885123,0.07350325,-0.5997439
4249840226858,-0.5454154,0.08628642,-0.58696073
4249845298316,-0.50600064,0.08522116,-0.57417756
4249850298316,-0.45060685,0.06924219,-0.5656554
4249852451858,-0.45060685,0.06924219,-0.5656554
4249860115274,-0.31851408,-0.007456851,-0.5613944
4249865099566,-0.2545982,-0.07350325,-0.572047
4249871276608,-0.2034655,-0.14594123,-0.58909124
4249875857233,-0.1768339,-0.21944448,-0.6103965
4249881527400,-0.17896444,-0.2876214,-0.6327671
4249885626650,-0.21731395,-0.34408042,-0.65726817
4249891504108,-0.29294774,-0.38242993,-0.68389976
4249895975566,-0.40053943,-0.3930826,-0.7073356
4249901117441,-0.5305017,-0.37390783,-0.7254451
4249906275733,-0.6679208,-0.3270362,-0.7307714
4249911519858,-0.80533993,-0.26418558,-0.721184
4249918771816,-1.0428939,-0.10013486,-0.6530071
4249921135775,-1.0428939,-0.10013486,-0.6530071
4249925313191,-1.1174624,-0.008522116,-0.58909124
4249930313191,-1.1430287,0.08735169,-0.5028048
4249932838316,-1.1430287,0.08735169,-0.5028048
4249939874816,-1.0301107,0.2545982,-0.28868666
4249942477108,-1.0301107,0.2545982,-0.28868666
4249949804941,-0.700944,0.34940675,-0.070307456
4249953421983,-0.700944,0.34940675,-0.070307456
4249957578691,-0.45486793,0.3536678,0.024501082
4249965519483,0.13848437,0.24394555,0.16405073
4249970996150,0.72437984,0.020240024,0.22583607
4249975741858,0.72437984,0.020240024,0.22583607
4249980545150,1.1430287,-0.19600865,0.24394555
4249985652858,1.1430287,-0.19600865,0.24394555
4249991314483,1.3369069,-0.36112466,0.21837921
4249995141983,1.3369069,-0.36112466,0.21837921
4249999605775,1.3315805,-0.45806372,0.14807177
4250005104900,1.3315805,-0.45806372,0.14807177
4250010104900,1.1611383,-0.45699844,0.053263225
4250013317775,1.1611383,-0.45699844,0.053263225
4250020534566,0.8511463,-0.3568636,-0.043675844
4250023043525,0.8511463,-0.3568636,-0.043675844
4250029919316,0.4527374,-0.21198763,-0.13209279
4250033878650,0.4527374,-0.21198763,-0.13209279
4250038985566,0.07243799,-0.051132694,-0.2066613
4250041748066,0.07243799,-0.051132694,-0.2066613
4250045228066,0.07243799,-0.051132694,-0.2066613
4250051341233,-0.17576863,0.051132694,-0.26418558
4250055112025,-0.17576863,0.051132694,-0.26418558
4250061369691,-0.24607609,0.082025364,-0.30466563
4250065716816,-0.24607609,0.082025364,-0.30466563
4250071459983,-0.18961707,0.08948222,-0.3110572
4250075452775,-0.12463594,0.099069595,-0.294013
4250080636358,-0.036218993,0.113983296,-0.26418558
4250084698775,0.070307456,0.128897,-0.22796659
4250089698775,0.18961707,0.14168017,-0.18748654
4250092721400,0.18961707,0.14168017,-0.18748654
4250095445816,0.31851408,0.14807177,-0.14807177
4250100339066,0.45486793,0.15339808,-0.112918034
4250104773400,0.59228706,0.15339808,-0.083090626
4250109773400,0.72011876,0.14913702,-0.05752428
4250112529400,0.72011876,0.14913702,-0.05752428
4250119022816,0.922519,0.1257012,-0.03089267
4250121626525,0.922519,0.1257012,-0.03089267
4250128741233,1.0258497,0.12783173,-0.023435818
4250134214441,1.0258497,0.12783173,-0.023435818
4250138661608,1.0439591,0.14807177,-0.024501082
4250141987108,1.0407634,0.17470337,-0.027696876
4250145868108,1.0205233,0.20133498,-0.03195793
4250152067941,0.98856544,0.22903186,-0.036218993
4250158732733,0.8788432,0.28016454,-0.04261058
4250160639150,0.8788432,0.28016454,-0.04261058
4250165530400,0.80107886,0.30360037,-0.049002163
4250171697775,0.7137272,0.32597092,-0.05539375
4250176203316,0.61572284,0.34088463,-0.06391586
4250181012441,0.51771855,0.350472,-0.07350325
4250184560191,0.42397526,0.34940675,-0.084155895
4250189560191,0.3387541,0.3355583,-0.099069595
4250192809441,0.3387541,0.3355583,-0.099069595
4250195825400,0.26205507,0.3057309,-0.113983296
4250199977316,0.19387813,0.26312032,-0.1257012
4250205658858,0.13954964,0.21198763,-0.13528858
4250210658858,0.098004326,0.165116,-0.13954964
4250213253358,0.098004326,0.165116,-0.13954964
4250220449941,0.04474111,0.094808534,-0.13422333
4250222385275,0.04474111,0.094808534,-0.13422333
4250226835900,0.023435818,0.06711166,-0.1257012
4250233055983,0.004261058,0.04261058,-0.111852765
4250235570400,-0.013848438,0.024501082,-0.09374327
4250241522441,-0.029827405,0.010652645,-0.07563378
4250245536691,-0.046871636,-0.0010652645,-0.05539375
4250250536691,-0.068176925,-0.008522116,-0.037284255
4250252510316,-0.068176925,-0.008522116,-0.037284255
4250259379816,-0.12463594,-0.024501082,-0.0031957934
4250261211858,-0.12463594,-0.024501082,-0.0031957934
4250266126566,-0.14913702,-0.033023197,0.007456851
4250271456316,-0.16618125,-0.03834952,0.014913702
4250275734108,-0.17896444,-0.039414786,0.01917476
4250280734108,-0.19068234,-0.039414786,0.018109497
4250282238650,-0.19068234,-0.039414786,0.018109497
4250285404150,-0.2034655,-0.040480047,0.015978966
4250291168150,-0.21624869,-0.046871636,0.0127831735
4250294177525,-0.22370553,-0.05539375,0.008522116
4250300548483,-0.22583607,-0.068176925,0.0031957934
4250305707733,-0.22903186,-0.08735169,-0.0053263223
4250310707733,-0.23648871,-0.10759171,-0.010652645
4250312910483,-0.23648871,-0.10759171,-0.010652645
4250316006358,-0.25353295,-0.12783173,-0.013848438
4250322083566,-0.2759035,-0.1470065,-0.013848438
4250326498691,-0.3057309,-0.16085494,-0.00958738
4250332761400,-0.33981937,-0.16724652,-0.0031957934
4250340404316,-0.4133226,-0.15233281,0.022370555
4250345044191,-0.4495416,-0.13635385,0.03834952
4250350044191,-0.48363006,-0.112918034,0.056459017
4250351753108,-0.48363006,-0.112918034,0.056459017
4250354535025,-0.5134575,-0.07882957,0.07350325
4250360061483,-0.5400891,-0.040480047,0.09161274
4250365131691,-0.5603291,-0.002130529,0.10972224
4250371228775,-0.572047,0.03195793,0.12676647
4250375925983,-0.5752428,0.05965481,0.1438107
4250381277566,-0.56885123,0.084155895,0.15339808
4250385910816,-0.5550028,0.10226539,0.15659387
4250390910816,-0.5400891,0.10759171,0.15126756
4250393119400,-0.5400891,0.10759171,0.15126756
4250396168941,-0.52624065,0.09267801,0.13741912
4250400807358,-0.5123922,0.05752428,0.12144015
4250405919441,-0.49960902,0.007456851,0.10226539
4250411640858,-0.4910869,-0.058589544,0.0777643
4250416013483,-0.49321744,-0.12783173,0.054328486
4250420788108,-0.50600064,-0.18855181,0.029827405
4250425824358,-0.5273059,-0.22903186,0.007456851
4250430824358,-0.5592638,-0.25033715,-0.010652645
4250432814066,-0.5592638,-0.25033715,-0.010652645
4250439236566,-0.6498113,-0.23542345,-0.04474111
4250441065941,-0.6498113,-0.23542345,-0.04474111
4250445938441,-0.6988135,-0.2066613,-0.05539375
4250450938441,-0.74035877,-0.16298546,-0.058589544
4250452737483,-0.74035877,-0.16298546,-0.058589544
4250457737483,-0.7755125,-0.10759171,-0.05219796
4250462737483,-0.7755125,-0.10759171,-0.05219796
4250464822150,-0.7755125,-0.10759171,-0.05219796
4250468084025,-0.7957525,-0.05219796,-0.03834952
4250475656941,-0.7414241,0.098004326,0.027696876
4250480656941,-0.6828345,0.14061491,0.04580637
4250483737691,-0.6828345,0.14061491,0.04580637
4250488780816,-0.5091964,0.18642128,0.08735169
4250490893400,-0.5091964,0.18642128,0.08735169
4250498223150,-0.29933932,0.17044231,0.1257012
4250503577233,-0.20026971,0.14274544,0.14168017
4250508577233,-0.10759171,0.10972224,0.1587244
4250510859525,-0.10759171,0.10972224,0.1587244
4250519569025,0.049002163,0.05219796,0.18642128
4250523741691,0.10226539,0.03089267,0.19281286
4250528741691,0.13741912,0.017044231,0.20026971
4250530921191,0.13741912,0.017044231,0.20026971
4250536033608,0.15446335,0.0053263223,0.20559604
4250540207566,0.15659387,-0.0031957934,0.20453078
4250545599316,0.14913702,-0.00958738,0.19920446
4250550599316,0.13528858,-0.008522116,0.19387813
4250552343316,0.13528858,-0.008522116,0.19387813
4250560108941,0.096939065,0.024501082,0.17896444
4250565364483,0.0777643,0.054328486,0.17576863
4250570364483,0.06178534,0.084155895,0.1736381
4250572991358,0.06178534,0.084155895,0.1736381
4250576476567,0.051132694,0.10972224,0.1736381
4250581445525,0.04580637,0.1257012,0.1736381
4250585172400,0.049002163,0.128897,0.17257284
4250591157317,0.060720075,0.11824436,0.16937704
4250595573192,0.082025364,0.096939065,0.16298546
4250599952400,0.111852765,0.07137272,0.15233281
4250604312942,0.14487597,0.04474111,0.14061491
4250609312942,0.18109496,0.023435818,0.128897
4250612462733,0.18109496,0.023435818,0.128897
4250620498608,0.24181503,-0.007456851,0.10333065
4250625734317,0.26205507,-0.017044231,0.08948222
4250631921900,0.27803403,-0.02876214,0.07563378
4250636286858,0.2908172,-0.036218993,0.06391586
4250641917358,0.29507825,-0.04580637,0.05539375
4250648999817,0.29507825,-0.060720075,0.05006743
4250651509108,0.29507825,-0.060720075,0.05006743
4250658758858,0.26312032,-0.05539375,0.04261058
4250660851817,0.26312032,-0.05539375,0.04261058
4250665552358,0.23648871,-0.0479369,0.037284255
4250671055525,0.21198763,-0.03834952,0.02876214
4250675662608,0.18748654,-0.025566347,0.02130529
4250682002067,0.16618125,-0.010652645,0.013848438
4250686579858,0.14487597,-0.0010652645,0.0063915867
4250691579858,0.12357068,0.00958738,-0.002130529
4250693249233,0.12357068,0.00958738,-0.002130529
4250695994983,0.10439592,0.015978966,-0.007456851
4250700559817,0.083090626,0.027696876,-0.011717909
4250705839567,0.083090626,0.027696876,-0.011717909
4250711930692,0.082025364,0.03834952,-0.008522116
4250714594192,0.082025364,0.03834952,-0.008522116
4250720856817,0.09374327,0.043675844,-0.002130529
4250725885192,0.09374327,0.043675844,-0.002130529
4250730885192,0.10865697,0.04261058,0.00958738
4250733211108,0.10865697,0.04261058,0.00958738
4250736192025,0.10865697,0.04261058,0.00958738
4250741600650,0.11717909,0.040480047,0.01917476
4250746061067,0.11717909,0.040480047,0.01917476
4250751042650,0.12250541,0.04261058,0.026631612
4250754733192,0.12250541,0.04261058,0.026631612
4250760561650,0.13209279,0.0479369,0.035153728
4250765356067,0.13209279,0.0479369,0.035153728
4250771155192,0.12676647,0.049002163,0.03834952
4250776171400,0.12676647,0.049002163,0.03834952
4250782015442,0.09161274,0.04580637,0.03089267
4250786329067,0.09161274,0.04580637,0.03089267
4250792229692,0.035153728,0.035153728,0.0127831735
4250796427358,0.035153728,0.035153728,0.0127831735
4250801493692,-0.02130529,0.02130529,-0.0053263223
4250806560692,-0.02130529,0.02130529,-0.0053263223
4250811709733,-0.07350325,-0.0010652645,-0.017044231
4250819901108,-0.12357068,-0.022370555,-0.023435818
4250823873817,-0.14487597,-0.034088463,-0.022370555
4250828873817,-0.17150758,-0.051132694,-0.015978966
4250832672983,-0.17150758,-0.051132694,-0.015978966
4250838195442,-0.19920446,-0.06391586,-0.010652645
4250842092067,-0.20772657,-0.05752428,-0.002130529
4250849301567,-0.19813919,-0.05219796,0.0
4250852549733,-0.19813919,-0.05219796,0.0
4250857206775,-0.19707392,-0.05965481,-0.007456851
4250861617067,-0.19387813,-0.06178534,-0.0127831735
4250869077692,-0.17150758,-0.060720075,-0.008522116
4250871025275,-0.17150758,-0.060720075,-0.008522116
4250874362483,-0.15339808,-0.0628506,-0.004261058
4250879977025,-0.13102753,-0.06498113,0.0010652645
4250883494942,-0.10759171,-0.06924219,0.008522116
4250888494942,-0.08841695,-0.07137272,0.013848438
4250891411942,-0.08841695,-0.07137272,0.013848438
4250899819650,-0.05965481,-0.066046394,0.022370555
4250902950483,-0.05539375,-0.054328486,0.023435818
4250907950483,-0.05752428,-0.04261058,0.024501082
4250910092942,-0.05752428,-0.04261058,0.024501082
4250914894858,-0.06498113,-0.026631612,0.022370555
4250918792067,-0.0777643,-0.011717909,0.018109497
4250924187650,-0.094808534,0.0,0.011717909
4250929187650,-0.112918034,0.00958738,0.0053263223
4250930904733,-0.112918034,0.00958738,0.0053263223
4250937860692,-0.13422333,0.020240024,0.0010652645
4250939958900,-0.13422333,0.020240024,0.0010652645
4250943136692,-0.13954964,0.027696876,0.0031957934
4250949374483,-0.14061491,0.034088463,0.004261058
4250953703817,-0.13954964,0.036218993,0.010652645
4250957826900,-0.13741912,0.037284255,0.018109497
4250962718733,-0.12996227,0.03834952,0.024501082
4250967718733,-0.11824436,0.041545313,0.03089267
4250969289275,-0.11824436,0.041545313,0.03089267
4250972658525,-0.10546118,0.043675844,0.037284255
4250978189358,-0.094808534,0.04261058,0.041545313
4250983364858,-0.082025364,0.040480047,0.04474111
4250989209858,-0.070307456,0.035153728,0.04474111
4250992895817,-0.05965481,0.03089267,0.04261058
4250998307192,-0.051132694,0.026631612,0.03834952
4251002971650,-0.04474111,0.020240024,0.033023197
4251009351025,-0.037284255,0.017044231,0.027696876
4251013245567,-0.03195793,0.018109497,0.023435818
4251018404150,-0.026631612,0.020240024,0.02130529
4251024711192,-0.023435818,0.02130529,0.020240024
4251030223650,-0.024501082,0.026631612,0.018109497
4251033318983,-0.027696876,0.03195793,0.013848438
4251039702108,-0.03195793,0.035153728,0.011717909
4251043935858,-0.035153728,0.039414786,0.008522116
4251050196525,-0.036218993,0.03834952,0.0053263223
4251054866775,-0.037284255,0.034088463,0.002130529
4251059779567,-0.03834952,0.025566347,-0.0031957934
4251063661067,-0.043675844,0.018109497,-0.00958738
4251068661067,-0.049002163,0.011717909,-0.015978966
4251071045275,-0.049002163,0.011717909,-0.015978966
4251075721567,-0.05752428,0.007456851,-0.023435818
4251079543817,-0.06498113,0.0063915867,-0.03195793
4251084964692,-0.07243799,0.010652645,-0.037284255
4251089964692,-0.07989483,0.014913702,-0.040480047
4251092710567,-0.07989483,0.014913702,-0.040480047
4251100920775,-0.083090626,0.015978966,-0.04261058
4251106005567,-0.080960095,0.0127831735,-0.04261058
4251111314942,-0.07456851,0.00958738,-0.041545313
4251114496483,-0.06924219,0.008522116,-0.041545313
4251119496483,-0.06178534,0.0063915867,-0.04261058
4251121545900,-0.06178534,0.0063915867,-0.04261058
4251125520025,-0.05006743,0.0031957934,-0.04261058
4251131471942,-0.039414786,0.0010652645,-0.040480047
4251135362150,-0.02876214,-0.002130529,-0.037284255
4251140362150,-0.02130529,-0.0063915867,-0.035153728
4251142295900,-0.02130529,-0.0063915867,-0.035153728
4251146627317,-0.017044231,-0.010652645,-0.033023197
4251151627317,-0.013848438,-0.0127831735,-0.027696876
4251153771317,-0.013848438,-0.0127831735,-0.027696876
4251158120025,-0.010652645,-0.013848438,-0.022370555
4251160969275,-0.007456851,-0.010652645,-0.015978966
4251165210525,-0.004261058,-0.0053263223,-0.008522116
4251171095275,-0.004261058,-0.0010652645,-0.002130529
4251175748400,-0.004261058,0.0031957934,0.0031957934
4251179877358,-0.004261058,0.0031957934,0.0053263223
4251185169400,-0.002130529,0.0,0.004261058
4251190169400,0.0010652645,-0.004261058,0.0031957934
4251192782608,0.0010652645,-0.004261058,0.0031957934
4251199904317,0.010652645,-0.00958738,0.0010652645
4251205169817,0.013848438,-0.010652645,0.002130529
4251210169817,0.01917476,-0.010652645,0.0063915867
4251213127275,0.01917476,-0.010652645,0.0063915867
4251219796650,0.034088463,-0.0127831735,0.020240024
4251225782858,0.043675844,-0.014913702,0.026631612
4251230782858,0.049002163,-0.018109497,0.03195793
4251233368858,0.049002163,-0.018109497,0.03195793
4251241210442,0.05539375,-0.01917476,0.039414786
4251244472525,0.051132694,-0.01917476,0.041545313
4251249472525,0.04580637,-0.02130529,0.039414786
4251253620942,0.04580637,-0.02130529,0.039414786
4251257259067,0.03834952,-0.026631612,0.034088463
4251259931733,0.03089267,-0.027696876,0.025566347
4251264815567,0.022370555,-0.027696876,0.014913702
4251270966900,0.014913702,-0.02876214,0.0053263223
4251275921900,0.007456851,-0.02876214,0.0
4251281234525,0.0063915867,-0.029827405,-0.002130529
4251285228442,0.008522116,-0.033023197,-0.0031957934
4251290228442,0.008522116,-0.037284255,-0.002130529
4251291769692,0.008522116,-0.037284255,-0.002130529
4251295914817,0.00958738,-0.03834952,0.0010652645
4251300813400,0.00958738,-0.039414786,0.0053263223
4251304154525,0.00958738,-0.037284255,0.011717909
4251309154525,0.011717909,-0.029827405,0.015978966
4251311350650,0.011717909,-0.029827405,0.015978966
4251315610692,0.015978966,-0.02130529,0.020240024
4251320161067,0.022370555,-0.014913702,0.023435818
4251325250692,0.03195793,-0.011717909,0.023435818
4251330250692,0.037284255,-0.0127831735,0.020240024
4251332519109,0.037284255,-0.0127831735,0.020240024
4251339229692,0.054328486,-0.02130529,0.0127831735
4251341387192,0.054328486,-0.02130529,0.0127831735
4251346538025,0.0628506,-0.023435818,0.011717909
4251352777984,0.06711166,-0.025566347,0.0127831735
4251359358734,0.07456851,-0.023435818,0.011717909
4251363694442,0.07456851,-0.01917476,0.013848438
4251368694442,0.07243799,-0.010652645,0.015978966
4251371731067,0.07243799,-0.010652645,0.015978966
4251379212817,0.058589544,0.0063915867,0.01917476
4251383812109,0.049002163,0.008522116,0.02130529
4251388812109,0.040480047,0.010652645,0.020240024
4251390867650,0.040480047,0.010652645,0.020240024
4251394417484,0.035153728,0.010652645,0.018109497
4251399446442,0.034088463,0.00958738,0.014913702
4251405863775,0.034088463,0.008522116,0.00958738
4251412244442,0.037284255,0.0031957934,0.007456851
4251415273067,0.040480047,-0.002130529,0.0063915867
4251419787234,0.04474111,-0.0010652645,0.00958738
4251424769150,0.04580637,0.004261058,0.011717909
4251429769150,0.04474111,0.0127831735,0.013848438
4251433349025,0.04474111,0.0127831735,0.013848438
4251440743025,0.034088463,0.034088463,0.024501082
4251444555775,0.027696876,0.04580637,0.026631612
4251449555775,0.022370555,0.06391586,0.026631612
4251452047192,0.022370555,0.06391586,0.026631612
4251457047192,0.022370555,0.06391586,0.026631612
4251461514942,0.022370555,0.06391586,0.026631612
4251467785525,-0.05219796,0.14274544,0.011717909
4251474681900,-0.294013,0.221575,-0.03195793
4251476466942,-0.294013,0.221575,-0.03195793
4251481907525,-0.21944448,0.2034655,-0.036218993
4251486907525,-0.18535602,0.083090626,-0.04580637
4251489529525,-0.18535602,0.083090626,-0.04580637
4251497852400,-0.0063915867,-0.05539375,-0.020240024
4251501764025,-0.0063915867,-0.05539375,-0.020240024
4251506764025,0.18855181,-0.12676647,-0.03834952
4251508808359,0.18855181,-0.12676647,-0.03834952
4251511688609,0.18855181,-0.12676647,-0.03834952
4251517620859,0.23329292,-0.14807177,-0.039414786
4251522748859,0.23329292,-0.14807177,-0.039414786
4251528935234,0.22050974,-0.10759171,-0.036218993
